timestamp,sensor_id,speed,temperature,precipitation,congestion_level,sin_hour,cos_hour,sin_day,cos_day,rolling_avg_15min
2026-09-01T00:00:00,717447,66.49014245902548,22.0,0.0,0.0,0.0,1.0,0.7818314824680298,0.6234898018587336,0.0
2026-09-01T00:00:00,717512,63.38520709647823,22.0,0.0,0.024842967746488753,0.0,1.0,0.7818314824680298,0.6234898018587336,0.0
2026-09-01T00:00:00,717446,61.897539875821785,22.0,1.8,0.0477301557565879,0.0,1.0,0.7818314824680298,0.6234898018587336,0.0
2026-09-01T00:00:00,717445,60.69758912914424,22.0,0.0,0.06619093647470398,0.0,1.0,0.7818314824680298,0.6234898018587336,0.0
2026-09-01T00:00:00,717458,64.93763844651396,22.0,1.8,0.0009594085151698462,0.0,1.0,0.7818314824680298,0.6234898018587336,0.0
2026-09-01T00:00:00,717459,61.30230418745052,22.0,0.0,0.05688762788537671,0.0,1.0,0.7818314824680298,0.6234898018587336,0.0
2026-09-01T00:00:00,717460,56.391576842186936,22.0,0.0,0.13243727935097027,0.0,1.0,0.7818314824680298,0.6234898018587336,0.0
2026-09-01T00:00:00,717461,58.22768013074968,22.0,0.0,0.10418953645000484,0.0,1.0,0.7818314824680298,0.6234898018587336,0.0
2026-09-01T00:00:00,717462,56.125886814689885,22.0,0.0,0.1365248182355402,0.0,1.0,0.7818314824680298,0.6234898018587336,0.0
2026-09-01T00:00:00,717463,48.4601592660184,22.0,0.0,0.25445908821510155,0.0,1.0,0.7818314824680298,0.6234898018587336,0.0
2026-09-01T00:05:00,717447,61.96150663898228,22.08332730530057,0.0,0.046746051707964975,0.02181488503456112,0.9997620270799091,0.7818314824680298,0.6234898018587336,0.0
2026-09-01T00:05:00,717512,64.74274199777136,22.08332730530057,0.0,0.003957815418902166,0.02181488503456112,0.9997620270799091,0.7818314824680298,0.6234898018587336,0.024842967746488753
2026-09-01T00:05:00,717446,66.9969463067502,22.08332730530057,0.0,0.0,0.02181488503456112,0.9997620270799091,0.7818314824680298,0.6234898018587336,0.0477301557565879
2026-09-01T00:05:00,717445,60.72267109852594,22.08332730530057,0.0,0.06580506002267783,0.02181488503456112,0.9997620270799091,0.7818314824680298,0.6234898018587336,0.06619093647470398
2026-09-01T00:05:00,717458,58.56685182641,22.08332730530057,0.0,0.09897151036292307,0.02181488503456112,0.9997620270799091,0.7818314824680298,0.6234898018587336,0.0009594085151698462
2026-09-01T00:05:00,717459,59.33276776911515,22.08332730530057,0.0,0.08718818816745921,0.02181488503456112,0.9997620270799091,0.7818314824680298,0.6234898018587336,0.05688762788537671
2026-09-01T00:05:00,717460,55.99808393022913,22.08332730530057,0.0,0.13849101645801343,0.02181488503456112,0.9997620270799091,0.7818314824680298,0.6234898018587336,0.13243727935097027
2026-09-01T00:05:00,717461,55.72491875060572,22.08332730530057,0.0,0.14269355768298897,0.02181488503456112,0.9997620270799091,0.7818314824680298,0.6234898018587336,0.10418953645000484
2026-09-01T00:05:00,717462,55.35950832577175,22.08332730530057,1.8,0.1483152565265885,0.02181488503456112,0.9997620270799091,0.7818314824680298,0.6234898018587336,0.1365248182355402
2026-09-01T00:05:00,717463,51.026867213117846,22.08332730530057,0.0,0.21497127364434088,0.02181488503456112,0.9997620270799091,0.7818314824680298,0.6234898018587336,0.25445908821510155
2026-09-01T00:10:00,717447,67.46763473628431,22.16661844554408,0.0,0.0,0.043619387365336,0.9990482215818578,0.7818314824680298,0.6234898018587336,0.023373025853982488
2026-09-01T00:10:00,717512,60.13746905006168,22.16661844554408,0.0,0.07480816846058946,0.043619387365336,0.9990482215818578,0.7818314824680298,0.6234898018587336,0.01440039158269546
2026-09-01T00:10:00,717446,58.61544185327946,22.16661844554408,0.0,0.09822397148800832,0.043619387365336,0.9990482215818578,0.7818314824680298,0.6234898018587336,0.02386507787829395
2026-09-01T00:10:00,717445,61.99058370758211,22.16661844554408,0.0,0.04629871219104442,0.043619387365336,0.9990482215818578,0.7818314824680298,0.6234898018587336,0.0659979982486909
2026-09-01T00:10:00,717458,62.415399739960975,22.16661844554408,1.8,0.03976308092367731,0.043619387365336,0.9990482215818578,0.7818314824680298,0.6234898018587336,0.049965459439046456
2026-09-01T00:10:00,717459,59.51410484354466,22.16661844554408,0.0,0.08439838702238989,0.043619387365336,0.9990482215818578,0.7818314824680298,0.6234898018587336,0.07203790802641796
2026-09-01T00:10:00,717460,57.45305515281002,22.16661844554408,0.0,0.11610684380292269,0.043619387365336,0.9990482215818578,0.7818314824680298,0.6234898018587336,0.13546414790449185
2026-09-01T00:10:00,717461,55.69668891320688,22.16661844554408,0.0,0.14312786287374035,0.043619387365336,0.9990482215818578,0.7818314824680298,0.6234898018587336,0.1234415470664969
2026-09-01T00:10:00,717462,54.01808368709538,22.16661844554408,0.0,0.16895255866007108,0.043619387365336,0.9990482215818578,0.7818314824680298,0.6234898018587336,0.14242003738106435
2026-09-01T00:10:00,717463,57.3713666786315,22.16661844554408,0.0,0.11736358955951531,0.043619387365336,0.9990482215818578,0.7818314824680298,0.6234898018587336,0.2347151809297212
2026-09-01T00:15:00,717447,65.97225190814049,22.24983727136952,1.8,0.0,0.06540312923014306,0.9978589232386035,0.7818314824680298,0.6234898018587336,0.015582017235988324
2026-09-01T00:15:00,717512,62.64475315870715,22.24983727136952,0.0,0.03623456678912085,0.06540312923014306,0.9978589232386035,0.7818314824680298,0.6234898018587336,0.03453631720866013
2026-09-01T00:15:00,717446,60.56923399903823,22.24983727136952,1.8,0.06816563078402715,0.06540312923014306,0.9978589232386035,0.7818314824680298,0.6234898018587336,0.04865137574819874
2026-09-01T00:15:00,717445,63.23502886647871,22.24983727136952,0.0,0.027153402054173714,0.06540312923014306,0.9978589232386035,0.7818314824680298,0.6234898018587336,0.05943156956280874
2026-09-01T00:15:00,717458,63.29299856744396,22.24983727136952,0.0,0.026261560500862147,0.06540312923014306,0.9978589232386035,0.7818314824680298,0.6234898018587336,0.046564666600590075
2026-09-01T00:15:00,717459,61.7938403573047,22.24983727136952,1.8,0.049325532964543006,0.06540312923014306,0.9978589232386035,0.7818314824680298,0.6234898018587336,0.07615806769174194
2026-09-01T00:15:00,717460,55.28234743028818,22.24983727136952,0.0,0.1495023472263356,0.06540312923014306,0.9978589232386035,0.7818314824680298,0.6234898018587336,0.1290117132039688
2026-09-01T00:15:00,717461,55.67236287240247,22.24983727136952,0.0,0.1435021096553466,0.06540312923014306,0.9978589232386035,0.7818314824680298,0.6234898018587336,0.13000365233557806
2026-09-01T00:15:00,717462,53.96247728642023,22.24983727136952,0.0,0.16980804174738107,0.06540312923014306,0.9978589232386035,0.7818314824680298,0.6234898018587336,0.15126421114073327
2026-09-01T00:15:00,717463,53.643023069964656,22.24983727136952,0.0,0.17472272200054373,0.06540312923014306,0.9978589232386035,0.7818314824680298,0.6234898018587336,0.19559798380631924
2026-09-01T00:20:00,717447,67.4375774671067,22.33294766480124,0.0,0.0,0.08715574274765817,0.9961946980917455,0.7818314824680298,0.6234898018587336,0.015582017235988324
2026-09-01T00:20:00,717512,67.86872008563658,22.33294766480124,0.0,0.0,0.08715574274765817,0.9961946980917455,0.7818314824680298,0.6234898018587336,0.03833351688953749
2026-09-01T00:20:00,717446,63.68490807506702,22.33294766480124,0.0,0.02023218346050737,0.08715574274765817,0.9961946980917455,0.7818314824680298,0.6234898018587336,0.055463200757345156
2026-09-01T00:20:00,717445,59.46464073610874,22.33294766480124,0.0,0.08515937329063472,0.08715574274765817,0.9961946980917455,0.7818314824680298,0.6234898018587336,0.04641905808929866
2026-09-01T00:20:00,717458,60.09252188259427,22.33294766480124,0.0,0.0754996633447036,0.08715574274765817,0.9961946980917455,0.7818314824680298,0.6234898018587336,0.054998717262487506
2026-09-01T00:20:00,717459,63.69393096736613,22.33294766480124,0.0,0.020093369732828825,0.08715574274765817,0.9961946980917455,0.7818314824680298,0.6234898018587336,0.07363736938479737
2026-09-01T00:20:00,717460,58.06114120463863,22.33294766480124,0.0,0.10675167377479033,0.08715574274765817,0.9961946980917455,0.7818314824680298,0.6234898018587336,0.1347000691624239
2026-09-01T00:20:00,717461,55.70297794852652,22.33294766480124,0.0,0.14303110848420741,0.08715574274765817,0.9961946980917455,0.7818314824680298,0.6234898018587336,0.1431078434040253
2026-09-01T00:20:00,717462,54.74098433641158,22.33294766480124,0.0,0.15783101020905266,0.08715574274765817,0.9961946980917455,0.7818314824680298,0.6234898018587336,0.16235861897801354
2026-09-01T00:20:00,717463,55.27133771445935,22.33294766480124,0.0,0.14967172746985613,0.08715574274765817,0.9961946980917455,0.7818314824680298,0.6234898018587336,0.16901919506813332
2026-09-01T00:25:00,717447,62.57451919119001,22.415913554924543,0.0,0.03731508936630756,0.10886687485196457,0.9940563382223196,0.7818314824680298,0.6234898018587336,0.0
2026-09-01T00:25:00,717512,62.29472886911596,22.415913554924543,0.0,0.04161955585975452,0.10886687485196457,0.9940563382223196,0.7818314824680298,0.6234898018587336,0.03701424508323677
2026-09-01T00:25:00,717446,65.34620635297578,22.415913554924543,0.0,0.0,0.10886687485196457,0.9940563382223196,0.7818314824680298,0.6234898018587336,0.06220726191084761
2026-09-01T00:25:00,717445,62.38625332884862,22.415913554924543,0.0,0.04021148724848278,0.10886687485196457,0.9940563382223196,0.7818314824680298,0.6234898018587336,0.052870495845284284
2026-09-01T00:25:00,717458,60.49123264791369,22.415913554924543,0.0,0.06936565157055863,0.10886687485196457,0.9940563382223196,0.7818314824680298,0.6234898018587336,0.04717476825641435
2026-09-01T00:25:00,717459,61.90593497146824,22.415913554924543,0.0,0.0476010004389501,0.10886687485196457,0.9940563382223196,0.7818314824680298,0.6234898018587336,0.05127242990658724
2026-09-01T00:25:00,717460,55.69384071823751,22.415913554924543,0.0,0.1431716812578845,0.10886687485196457,0.9940563382223196,0.7818314824680298,0.6234898018587336,0.1241202882680162
2026-09-01T00:25:00,717461,55.617013560076266,22.415913554924543,0.0,0.14435363753728825,0.10886687485196457,0.9940563382223196,0.7818314824680298,0.6234898018587336,0.14322036033776478
2026-09-01T00:25:00,717462,56.288360831063294,22.415913554924543,1.8,0.13402521798364164,0.10886687485196457,0.9940563382223196,0.7818314824680298,0.6234898018587336,0.16553053687216826
2026-09-01T00:25:00,717463,54.98316581640924,22.415913554924543,0.0,0.15410514128601172,0.10886687485196457,0.9940563382223196,0.7818314824680298,0.6234898018587336,0.14725267967663838
2026-09-01T00:30:00,717447,60.75388777362582,22.49869893354091,1.8,0.06532480348267966,0.13052619222005157,0.9914448613738104,0.7818314824680298,0.6234898018587336,0.012438363122102522
2026-09-01T00:30:00,717512,62.53806403148098,22.49869893354091,0.0,0.03787593797721567,0.13052619222005157,0.9914448613738104,0.7818314824680298,0.6234898018587336,0.02595137421629179
2026-09-01T00:30:00,717446,62.11614286477903,22.49869893354091,0.0,0.044367032849553456,0.13052619222005157,0.9914448613738104,0.7818314824680298,0.6234898018587336,0.029465938081511506
2026-09-01T00:30:00,717445,62.61215257022068,22.49869893354091,0.0,0.03673611430429724,0.13052619222005157,0.9914448613738104,0.7818314824680298,0.6234898018587336,0.05084142086443041
2026-09-01T00:30:00,717458,60.97265117194536,22.49869893354091,0.0,0.06195921273930216,0.13052619222005157,0.9914448613738104,0.7818314824680298,0.6234898018587336,0.05704229180537479
2026-09-01T00:30:00,717459,58.77666225247856,22.49869893354091,0.0,0.09574365765417603,0.13052619222005157,0.9914448613738104,0.7818314824680298,0.6234898018587336,0.039006634378773976
2026-09-01T00:30:00,717460,52.043686353879934,22.49869893354091,0.0,0.199327902248001,0.13052619222005157,0.9914448613738104,0.7818314824680298,0.6234898018587336,0.13314190075300347
2026-09-01T00:30:00,717461,56.52045837342941,22.49869893354091,1.8,0.13045448656262437,0.13052619222005157,0.9914448613738104,0.7818314824680298,0.6234898018587336,0.14362895189228075
2026-09-01T00:30:00,717462,55.58069062960013,22.49869893354091,1.8,0.14491245185230572,0.13052619222005157,0.9914448613738104,0.7818314824680298,0.6234898018587336,0.15388808998002512
2026-09-01T00:30:00,717463,61.58972633723292,22.49869893354091,0.0,0.05246574865795506,0.13052619222005157,0.9914448613738104,0.7818314824680298,0.6234898018587336,0.15949986358547052
2026-09-01T00:35:00,717447,64.42291710527766,22.581267870796008,1.8,0.00887819838034365,0.15212338618991672,0.9883615104677607,0.7818314824680298,0.6234898018587336,0.034213297616329075
2026-09-01T00:35:00,717512,64.70464202662185,22.581267870796008,0.0,0.004543968821202227,0.15212338618991672,0.9883615104677607,0.7818314824680298,0.6234898018587336,0.02649849794565673
2026-09-01T00:35:00,717446,66.02846844316608,22.581267870796008,0.0,0.0,0.15212338618991672,0.9883615104677607,0.7818314824680298,0.6234898018587336,0.021533072103353607
2026-09-01T00:35:00,717445,63.65579909768135,22.581267870796008,0.0,0.020680013881825388,0.15212338618991672,0.9883615104677607,0.7818314824680298,0.6234898018587336,0.054035658281138245
2026-09-01T00:35:00,717458,64.40838293242932,22.581267870796008,0.0,0.00910180103954894,0.15212338618991672,0.9883615104677607,0.7818314824680298,0.6234898018587336,0.06894150921818813
2026-09-01T00:35:00,717459,54.794446811244185,22.581267870796008,0.0,0.15700851059624332,0.15212338618991672,0.9883615104677607,0.7818314824680298,0.6234898018587336,0.05447934260865165
2026-09-01T00:35:00,717460,54.82839102422896,22.581267870796008,1.8,0.15648629193493913,0.15212338618991672,0.9883615104677607,0.7818314824680298,0.6234898018587336,0.1497504190935586
2026-09-01T00:35:00,717461,54.90110681081271,22.581267870796008,0.0,0.15536758752595825,0.15212338618991672,0.9883615104677607,0.7818314824680298,0.6234898018587336,0.13927974419470668
2026-09-01T00:35:00,717462,50.74800970642263,22.581267870796008,0.0,0.21926138913195958,0.15212338618991672,0.9883615104677607,0.7818314824680298,0.6234898018587336,0.145589560015
2026-09-01T00:35:00,717463,54.40568892403911,22.581267870796008,0.0,0.16298940116862903,0.15212338618991672,0.9883615104677607,0.7818314824680298,0.6234898018587336,0.11874753913794096
2026-09-01T00:40:00,717447,62.24172729665795,22.66358453077366,0.0,0.042434964666800745,0.17364817766693033,0.984807753012208,0.7818314824680298,0.6234898018587336,0.03717269707644363
2026-09-01T00:40:00,717512,68.44980321441197,22.66358453077366,1.8,0.0,0.17364817766693033,0.984807753012208,0.7818314824680298,0.6234898018587336,0.028013154219390806
2026-09-01T00:40:00,717446,60.250240122350654,22.66358453077366,0.0,0.07307322888691303,0.17364817766693033,0.984807753012208,0.7818314824680298,0.6234898018587336,0.014789010949851153
2026-09-01T00:40:00,717445,60.43381545074234,22.66358453077366,0.0,0.07024899306550247,0.17364817766693033,0.984807753012208,0.7818314824680298,0.6234898018587336,0.0325425384782018
2026-09-01T00:40:00,717458,62.64055165146837,22.66358453077366,0.0,0.03629920536202502,0.17364817766693033,0.984807753012208,0.7818314824680298,0.6234898018587336,0.04680888844980324
2026-09-01T00:40:00,717459,55.30740705005749,22.66358453077366,0.0,0.1491168146145001,0.17364817766693033,0.984807753012208,0.7818314824680298,0.6234898018587336,0.10011772289645648
2026-09-01T00:40:00,717460,52.97755029567568,22.66358453077366,1.8,0.1849607646819127,0.17364817766693033,0.984807753012208,0.7818314824680298,0.6234898018587336,0.16632862514694155
2026-09-01T00:40:00,717461,57.15390157495627,22.66358453077366,0.0,0.1207092065391343,0.17364817766693033,0.984807753012208,0.7818314824680298,0.6234898018587336,0.1433919038752903
2026-09-01T00:40:00,717462,56.179648382104624,22.66358453077366,0.0,0.1356977171983904,0.17364817766693033,0.984807753012208,0.7818314824680298,0.6234898018587336,0.1660663529893023
2026-09-01T00:40:00,717463,56.54546861469129,22.66358453077366,0.0,0.1300697136201341,0.17364817766693033,0.984807753012208,0.7818314824680298,0.6234898018587336,0.1231867637041986
2026-09-01T00:45:00,717447,66.56582469577374,22.74561318704908,0.0,0.0,0.19509032201612825,0.9807852804032304,0.7818314824680298,0.6234898018587336,0.03887932217660802
2026-09-01T00:45:00,717512,64.6909540186226,22.74561318704908,0.0,0.004754553559652264,0.19509032201612825,0.9807852804032304,0.7818314824680298,0.6234898018587336,0.014139968932805965
2026-09-01T00:45:00,717446,60.55992583418757,22.74561318704908,0.0,0.06830883332019133,0.19509032201612825,0.9807852804032304,0.7818314824680298,0.6234898018587336,0.039146753912155496
2026-09-01T00:45:00,717445,62.096761090406055,22.74561318704908,0.0,0.044665213993753006,0.19509032201612825,0.9807852804032304,0.7818314824680298,0.6234898018587336,0.04255504041720837
2026-09-01T00:45:00,717458,61.07921741881909,22.74561318704908,1.8,0.06031973201816787,0.19509032201612825,0.9807852804032304,0.7818314824680298,0.6234898018587336,0.03578673971362537
2026-09-01T00:45:00,717459,56.85694574484394,22.74561318704908,0.0,0.12527775777163164,0.19509032201612825,0.9807852804032304,0.7818314824680298,0.6234898018587336,0.1339563276216398
2026-09-01T00:45:00,717460,63.397323532357305,22.74561318704908,0.0,0.024656561040656833,0.19509032201612825,0.9807852804032304,0.7818314824680298,0.6234898018587336,0.18025831962161762
2026-09-01T00:45:00,717461,58.021498761658414,22.74561318704908,0.0,0.10736155751294751,0.19509032201612825,0.9807852804032304,0.7818314824680298,0.6234898018587336,0.13551042687590564
2026-09-01T00:45:00,717462,52.47595498824108,22.74561318704908,0.0,0.19267761556552188,0.19509032201612825,0.9807852804032304,0.7818314824680298,0.6234898018587336,0.1666238527275519
2026-09-01T00:45:00,717463,56.5612538101504,22.74561318704908,0.0,0.12982686445922464,0.19509032201612825,0.9807852804032304,0.7818314824680298,0.6234898018587336,0.1151749544822394
2026-09-01T00:50:00,717447,67.89012838593253,22.827318238194565,0.0,0.0,0.21643961393810288,0.9762960071199334,0.7818314824680298,0.6234898018587336,0.017104387682381466
2026-09-01T00:50:00,717512,65.03834277900904,22.827318238194565,0.0,0.0,0.21643961393810288,0.9762960071199334,0.7818314824680298,0.6234898018587336,0.0030995074602848303
2026-09-01T00:50:00,717446,61.86383565019094,22.827318238194565,0.0,0.048248682304754764,0.21643961393810288,0.9762960071199334,0.7818314824680298,0.6234898018587336,0.04712735406903479
2026-09-01T00:50:00,717445,59.13879150512709,22.827318238194565,0.0,0.0901724383826602,0.21643961393810288,0.9762960071199334,0.7818314824680298,0.6234898018587336,0.04519807364702696
2026-09-01T00:50:00,717458,59.96869486995725,22.827318238194565,0.0,0.07740469430835006,0.21643961393810288,0.9762960071199334,0.7818314824680298,0.6234898018587336,0.035240246139913944
2026-09-01T00:50:00,717459,60.02345592264949,22.827318238194565,0.0,0.07656221657462325,0.21643961393810288,0.9762960071199334,0.7818314824680298,0.6234898018587336,0.1438010276607917
2026-09-01T00:50:00,717460,57.83900567383327,22.827318238194565,0.0,0.11016914347948814,0.21643961393810288,0.9762960071199334,0.7818314824680298,0.6234898018587336,0.12203453921916955
2026-09-01T00:50:00,717461,60.96060222967152,22.827318238194565,0.0,0.062144581081976624,0.21643961393810288,0.9762960071199334,0.7818314824680298,0.6234898018587336,0.1278127838593467
2026-09-01T00:50:00,717462,57.277002041494576,22.827318238194565,0.0,0.1188153532077757,0.21643961393810288,0.9762960071199334,0.7818314824680298,0.6234898018587336,0.18254557396529061
2026-09-01T00:50:00,717463,51.62852732895071,22.827318238194565,1.8,0.20571496416998902,0.21643961393810288,0.9762960071199334,0.7818314824680298,0.6234898018587336,0.14096199308266258
2026-09-01T00:55:00,717447,61.787322502823386,22.908664223230947,0.0,0.049425807648870945,0.23768589232617307,0.9713420698132614,0.7818314824680298,0.6234898018587336,0.014144988222266916
2026-09-01T00:55:00,717512,65.24741724273628,22.908664223230947,0.0,0.0,0.23768589232617307,0.9713420698132614,0.7818314824680298,0.6234898018587336,0.0015848511865507546
2026-09-01T00:55:00,717446,61.929611641029176,22.908664223230947,1.8,0.04723674398416655,0.23768589232617307,0.9713420698132614,0.7818314824680298,0.6234898018587336,0.06321024817061971
2026-09-01T00:55:00,717445,63.542001479283,22.908664223230947,0.0,0.022430746472569152,0.23768589232617307,0.9713420698132614,0.7818314824680298,0.6234898018587336,0.06836221514730523
2026-09-01T00:55:00,717458,61.61971287072737,22.908664223230947,0.0,0.052004417373425094,0.23768589232617307,0.9713420698132614,0.7818314824680298,0.6234898018587336,0.05800787722951432
2026-09-01T00:55:00,717459,58.7815132590361,22.908664223230947,0.0,0.09566902678405997,0.23768589232617307,0.9713420698132614,0.7818314824680298,0.6234898018587336,0.11698559632025167
2026-09-01T00:55:00,717460,55.25961884280152,22.908664223230947,0.0,0.14985201780305346,0.23768589232617307,0.9713420698132614,0.7818314824680298,0.6234898018587336,0.10659548973401922
2026-09-01T00:55:00,717461,52.05545832294913,22.908664223230947,0.0,0.19914679503155186,0.23768589232617307,0.9713420698132614,0.7818314824680298,0.6234898018587336,0.09673844837801948
2026-09-01T00:55:00,717462,56.04228122939734,22.908664223230947,0.0,0.13781105800927174,0.23768589232617307,0.9713420698132614,0.7818314824680298,0.6234898018587336,0.14906356199056267
2026-09-01T00:55:00,717463,50.46278366087076,22.908664223230947,0.0,0.22364948214044977,0.23768589232617307,0.9713420698132614,0.7818314824680298,0.6234898018587336,0.15520384741644924
2026-09-01T01:00:00,717447,62.3484276864478,22.989615837018093,0.0,0.04079342020849541,0.25881904510252074,0.9659258262890683,0.7818314824680298,0.6234898018587336,0.016475269216290316
2026-09-01T01:00:00,717512,64.26117531288777,22.989615837018093,0.0,0.011366533647880428,0.25881904510252074,0.9659258262890683,0.7818314824680298,0.6234898018587336,0.0015848511865507546
2026-09-01T01:00:00,717446,62.7746261503892,22.989615837018093,0.0,0.03423652076324302,0.25881904510252074,0.9659258262890683,0.7818314824680298,0.6234898018587336,0.05459808653637088
2026-09-01T01:00:00,717445,57.97108910155933,22.989615837018093,0.0,0.10813709074524114,0.25881904510252074,0.9659258262890683,0.7818314824680298,0.6234898018587336,0.05242279961632745
2026-09-01T01:00:00,717458,63.44915372457703,22.989615837018093,0.0,0.02385917346804567,0.25881904510252074,0.9659258262890683,0.7818314824680298,0.6234898018587336,0.06324294789998101
2026-09-01T01:00:00,717459,62.1614061511559,22.989615837018093,0.0,0.043670674597601544,0.25881904510252074,0.9659258262890683,0.7818314824680298,0.6234898018587336,0.09916966704343828
2026-09-01T01:00:00,717460,59.34510579667717,22.989615837018093,0.0,0.0869983723588128,0.25881904510252074,0.9659258262890683,0.7818314824680298,0.6234898018587336,0.09489257410773282
2026-09-01T01:00:00,717461,58.14135784778782,22.989615837018093,0.0,0.10551757157249497,0.25881904510252074,0.9659258262890683,0.7818314824680298,0.6234898018587336,0.12288431120882533
2026-09-01T01:00:00,717462,56.94514305396934,22.989615837018093,0.0,0.12392087609277935,0.25881904510252074,0.9659258262890683,0.7818314824680298,0.6234898018587336,0.1497680089275231
2026-09-01T01:00:00,717463,65.75819446701537,22.989615837018093,0.0,0.0,0.25881904510252074,0.9659258262890683,0.7818314824680298,0.6234898018587336,0.1863971035898878
2026-09-01T01:05:00,717447,67.86200528234303,23.070137945577745,0.0,0.0,0.27982901403099203,0.9600498543859287,0.7818314824680298,0.6234898018587336,0.030073075952455453
2026-09-01T01:05:00,717512,65.75417374578082,23.070137945577745,0.0,0.0,0.27982901403099203,0.9600498543859287,0.7818314824680298,0.6234898018587336,0.003788844549293476
2026-09-01T01:05:00,717446,60.28152434825072,23.070137945577745,0.0,0.07259193310383505,0.27982901403099203,0.9600498543859287,0.7818314824680298,0.6234898018587336,0.04324064901738811
2026-09-01T01:05:00,717445,60.6895441716434,23.070137945577745,1.8,0.06631470505164005,0.27982901403099203,0.9600498543859287,0.7818314824680298,0.6234898018587336,0.0735800918668235
2026-09-01T01:05:00,717458,67.14397569188397,23.070137945577745,0.0,0.0,0.27982901403099203,0.9600498543859287,0.7818314824680298,0.6234898018587336,0.051089428383273607
2026-09-01T01:05:00,717459,53.39820441408819,23.070137945577745,0.0,0.17848916286018168,0.27982901403099203,0.9600498543859287,0.7818314824680298,0.6234898018587336,0.07196730598542826
2026-09-01T01:05:00,717460,56.38420439449513,23.070137945577745,1.8,0.13255070162315186,0.27982901403099203,0.9600498543859287,0.7818314824680298,0.6234898018587336,0.11567317788045146
2026-09-01T01:05:00,717461,59.86685178276553,23.070137945577745,0.0,0.0789715110343765,0.27982901403099203,0.9600498543859287,0.7818314824680298,0.6234898018587336,0.12226964922867449
2026-09-01T01:05:00,717462,53.25408886408353,23.070137945577745,0.0,0.1807063251679457,0.27982901403099203,0.9600498543859287,0.7818314824680298,0.6234898018587336,0.12684909576994227
2026-09-01T01:05:00,717463,56.23879323866747,23.070137945577745,1.8,0.13478779632819282,0.27982901403099203,0.9600498543859287,0.7818314824680298,0.6234898018587336,0.1431214821034796
2026-09-01T01:10:00,717447,65.13671550640785,23.150195601342112,0.0,0.0,0.3007057995042732,0.9537169507482269,0.7818314824680298,0.6234898018587336,0.030073075952455453
2026-09-01T01:10:00,717512,61.84519894387896,23.150195601342112,0.0,0.04853540086340058,0.3007057995042732,0.9537169507482269,0.7818314824680298,0.6234898018587336,0.003788844549293476
2026-09-01T01:10:00,717446,56.52457222672359,23.150195601342112,0.0,0.13039119651194475,0.3007057995042732,0.9537169507482269,0.7818314824680298,0.6234898018587336,0.05135506595041487
2026-09-01T01:10:00,717445,61.95936293100469,23.150195601342112,0.0,0.04677903183069709,0.3007057995042732,0.9537169507482269,0.7818314824680298,0.6234898018587336,0.06562751408981678
2026-09-01T01:10:00,717458,57.82243777139831,23.150195601342112,1.8,0.11042403428617975,0.3007057995042732,0.9537169507482269,0.7818314824680298,0.6234898018587336,0.025287863613823586
2026-09-01T01:10:00,717459,58.65579066229572,23.150195601342112,0.0,0.09760322058006576,0.3007057995042732,0.9537169507482269,0.7818314824680298,0.6234898018587336,0.10594295474728106
2026-09-01T01:10:00,717460,59.31496182363777,23.150195601342112,0.0,0.08746212579018808,0.3007057995042732,0.9537169507482269,0.7818314824680298,0.6234898018587336,0.12313369726167271
2026-09-01T01:10:00,717461,59.19726556920677,23.150195601342112,0.0,0.0892728373968189,0.3007057995042732,0.9537169507482269,0.7818314824680298,0.6234898018587336,0.12787862587947443
2026-09-01T01:10:00,717462,53.97516405321354,23.150195601342112,0.0,0.16961286071979165,0.3007057995042732,0.9537169507482269,0.7818314824680298,0.6234898018587336,0.1474794197566656
2026-09-01T01:10:00,717463,52.24001228897528,23.150195601342112,0.0,0.19630750324653412,0.3007057995042732,0.9537169507482269,0.7818314824680298,0.6234898018587336,0.11947909282288087
2026-09-01T01:15:00,717447,61.21734811536347,23.229754058321525,0.0,0.05819464437902355,0.3214394653031616,0.9469301294951057,0.7818314824680298,0.6234898018587336,0.013597806736165138
2026-09-01T01:15:00,717512,66.55358581953293,23.229754058321525,0.0,0.0,0.3214394653031616,0.9469301294951057,0.7818314824680298,0.6234898018587336,0.019967311503760337
2026-09-01T01:15:00,717446,68.9664685694065,23.229754058321525,0.0,0.0,0.3214394653031616,0.9469301294951057,0.7818314824680298,0.6234898018587336,0.0790732167930076
2026-09-01T01:15:00,717445,64.49739576002206,23.229754058321525,0.0,0.00773237292273754,0.3214394653031616,0.9469301294951057,0.7818314824680298,0.6234898018587336,0.07374360920919276
2026-09-01T01:15:00,717458,64.00073342592847,23.229754058321525,1.8,0.015373331908792753,0.3214394653031616,0.9469301294951057,0.7818314824680298,0.6234898018587336,0.04476106925140847
2026-09-01T01:15:00,717459,56.87699158151226,23.229754058321525,1.8,0.12496936028442684,0.3214394653031616,0.9469301294951057,0.7818314824680298,0.6234898018587336,0.10658768601261633
2026-09-01T01:15:00,717460,59.131458262807286,23.229754058321525,0.0,0.0902852574952725,0.3214394653031616,0.9469301294951057,0.7818314824680298,0.6234898018587336,0.10233706659071758
2026-09-01T01:15:00,717461,58.92390213865662,23.229754058321525,1.8,0.09347842863605194,0.3214394653031616,0.9469301294951057,0.7818314824680298,0.6234898018587336,0.09125397333456346
2026-09-01T01:15:00,717462,45.67619795816139,23.229754058321525,0.0,0.2972892621821325,0.3214394653031616,0.9469301294951057,0.7818314824680298,0.6234898018587336,0.15808002066017224
2026-09-01T01:15:00,717463,51.12683705436574,23.229754058321525,0.0,0.21343327608668095,0.3214394653031616,0.9469301294951057,0.7818314824680298,0.6234898018587336,0.11036509985824232
2026-09-01T01:20:00,717447,69.89723387681755,23.308778787184607,0.0,0.0,0.3420201433256687,0.9396926207859084,0.7818314824680298,0.6234898018587336,0.01939821479300785
2026-09-01T01:20:00,717512,59.50957583114074,23.308778787184607,1.8,0.08446806413629637,0.3420201433256687,0.9396926207859084,0.7818314824680298,0.6234898018587336,0.01617846695446686
2026-09-01T01:20:00,717446,66.92381983222099,23.308778787184607,0.0,0.0,0.3420201433256687,0.9396926207859084,0.7818314824680298,0.6234898018587336,0.06766104320525994
2026-09-01T01:20:00,717445,57.09241351148432,23.308778787184607,0.0,0.12165517674639514,0.3420201433256687,0.9396926207859084,0.7818314824680298,0.6234898018587336,0.040275369935024896
2026-09-01T01:20:00,717458,57.25547401187879,23.308778787184607,1.8,0.11914655366340321,0.3420201433256687,0.9396926207859084,0.7818314824680298,0.6234898018587336,0.041932455398324166
2026-09-01T01:20:00,717459,60.38631038781246,23.308778787184607,0.0,0.0709798401875007,0.3420201433256687,0.9396926207859084,0.7818314824680298,0.6234898018587336,0.13368724790822475
2026-09-01T01:20:00,717460,58.0094062199927,23.308778787184607,0.0,0.10754759661549695,0.3420201433256687,0.9396926207859084,0.7818314824680298,0.6234898018587336,0.10343269496953748
2026-09-01T01:20:00,717461,55.44405917443736,23.308778787184607,0.0,0.14701447423942515,0.3420201433256687,0.9396926207859084,0.7818314824680298,0.6234898018587336,0.08724092568908244
2026-09-01T01:20:00,717462,60.15805041345869,23.308778787184607,0.0,0.07449153210063553,0.3420201433256687,0.9396926207859084,0.7818314824680298,0.6234898018587336,0.21586948268995662
2026-09-01T01:20:00,717463,50.48655346854209,23.308778787184607,0.0,0.2232837927916601,0.3420201433256687,0.9396926207859084,0.7818314824680298,0.6234898018587336,0.1815095252204693
2026-09-01T01:25:00,717447,64.54464465864916,23.38723549024445,0.0,0.007005466790012904,0.36243803828370164,0.9320078692827986,0.7818314824680298,0.6234898018587336,0.01939821479300785
2026-09-01T01:25:00,717512,65.56495156320963,23.38723549024445,0.0,0.0,0.36243803828370164,0.9320078692827986,0.7818314824680298,0.6234898018587336,0.044334488333232315
2026-09-01T01:25:00,717446,63.442975546961016,23.38723549024445,1.8,0.023954222354445887,0.36243803828370164,0.9320078692827986,0.7818314824680298,0.6234898018587336,0.04346373217064825
2026-09-01T01:25:00,717445,59.53190138429413,23.38723549024445,0.0,0.08412459408778261,0.36243803828370164,0.9320078692827986,0.7818314824680298,0.6234898018587336,0.05872219383327659
2026-09-01T01:25:00,717458,58.43190567292328,23.38723549024445,1.8,0.10104760503194954,0.36243803828370164,0.9320078692827986,0.7818314824680298,0.6234898018587336,0.08164797328612523
2026-09-01T01:25:00,717459,61.54880623481898,23.38723549024445,0.0,0.05309528869509261,0.36243803828370164,0.9320078692827986,0.7818314824680298,0.6234898018587336,0.0978508070173311
2026-09-01T01:25:00,717460,60.49879957005565,23.38723549024445,0.0,0.06924923738375921,0.36243803828370164,0.9320078692827986,0.7818314824680298,0.6234898018587336,0.09509832663365252
2026-09-01T01:25:00,717461,57.52189850638575,23.38723549024445,0.0,0.11504771528637303,0.36243803828370164,0.9320078692827986,0.7818314824680298,0.6234898018587336,0.10992191342409867
2026-09-01T01:25:00,717462,52.913014910989695,23.38723549024445,0.0,0.18595361675400468,0.36243803828370164,0.9320078692827986,0.7818314824680298,0.6234898018587336,0.18046455166751987
2026-09-01T01:25:00,717463,52.519456823165,23.38723549024445,0.0,0.19200835656669224,0.36243803828370164,0.9320078692827986,0.7818314824680298,0.6234898018587336,0.21100819070829172
2026-09-01T01:30:00,717447,64.93729512816732,23.46509011634419,0.0,0.0009646903358874193,0.3826834323650898,0.9238795325112867,0.7818314824680298,0.6234898018587336,0.02173337038967882
2026-09-01T01:30:00,717512,64.15198205998611,23.46509011634419,0.0,0.013046429846367502,0.3826834323650898,0.9238795325112867,0.7818314824680298,0.6234898018587336,0.028156021378765456
2026-09-01T01:30:00,717446,64.24129205356988,23.46509011634419,0.0,0.011672429945078777,0.3826834323650898,0.9238795325112867,0.7818314824680298,0.6234898018587336,0.007984740784815295
2026-09-01T01:30:00,717445,60.79342195275809,23.46509011634419,0.0,0.06471658534218327,0.3826834323650898,0.9238795325112867,0.7818314824680298,0.6234898018587336,0.07117071458563844
2026-09-01T01:30:00,717458,62.67624895702386,23.46509011634419,1.8,0.03575001604578676,0.3826834323650898,0.9238795325112867,0.7818314824680298,0.6234898018587336,0.0785224968680485
2026-09-01T01:30:00,717459,61.44052881806168,23.46509011634419,0.0,0.05476109510674343,0.3826834323650898,0.9238795325112867,0.7818314824680298,0.6234898018587336,0.08301482972234005
2026-09-01T01:30:00,717460,61.71643633152276,23.46509011634419,0.0,0.050516364130419156,0.3826834323650898,0.9238795325112867,0.7818314824680298,0.6234898018587336,0.08902736383150955
2026-09-01T01:30:00,717461,56.66301143495805,23.46509011634419,0.0,0.12826136253910692,0.3826834323650898,0.9238795325112867,0.7818314824680298,0.6234898018587336,0.11851353938728337
2026-09-01T01:30:00,717462,56.3724989675251,23.46509011634419,0.0,0.13273078511499847,0.3826834323650898,0.9238795325112867,0.7818314824680298,0.6234898018587336,0.18591147034559088
2026-09-01T01:30:00,717463,53.80957074695672,23.46509011634419,0.0,0.17216045004681968,0.3826834323650898,0.9238795325112867,0.7818314824680298,0.6234898018587336,0.2095751418150111
2026-09-01T01:35:00,717447,62.54533780727246,23.542308875635644,0.0,0.03776403373426984,0.40274668985873724,0.9153114791194471,0.7818314824680298,0.6234898018587336,0.0026567190419667743
2026-09-01T01:35:00,717512,70.07716168402925,23.542308875635644,0.0,0.0,0.40274668985873724,0.9153114791194471,0.7818314824680298,0.6234898018587336,0.03250483132755463
2026-09-01T01:35:00,717446,66.07433247747308,23.542308875635644,0.0,0.0,0.40274668985873724,0.9153114791194471,0.7818314824680298,0.6234898018587336,0.011875550766508222
2026-09-01T01:35:00,717445,63.77498793886168,23.542308875635644,0.0,0.018846339402127987,0.40274668985873724,0.9153114791194471,0.7818314824680298,0.6234898018587336,0.09016545205878701
2026-09-01T01:35:00,717458,60.16325953843214,23.542308875635644,1.8,0.07441139171642852,0.40274668985873724,0.9153114791194471,0.7818314824680298,0.6234898018587336,0.08531472491371317
2026-09-01T01:35:00,717459,56.30823674251538,23.542308875635644,0.0,0.1337194347305326,0.40274668985873724,0.9153114791194471,0.7818314824680298,0.6234898018587336,0.05961207466311225
2026-09-01T01:35:00,717460,60.72535905722613,23.542308875635644,0.0,0.06576370681190569,0.40274668985873724,0.9153114791194471,0.7818314824680298,0.6234898018587336,0.0757710660432251
2026-09-01T01:35:00,717461,56.15882771246647,23.542308875635644,1.8,0.13601803519282352,0.40274668985873724,0.9153114791194471,0.7818314824680298,0.6234898018587336,0.1301078506883017
2026-09-01T01:35:00,717462,56.63879421979976,23.542308875635644,0.0,0.12863393508000365,0.40274668985873724,0.9153114791194471,0.7818314824680298,0.6234898018587336,0.13105864465654624
2026-09-01T01:35:00,717463,52.50882619856095,23.542308875635644,1.8,0.19217190463752376,0.40274668985873724,0.9153114791194471,0.7818314824680298,0.6234898018587336,0.19581753313505734
2026-09-01T01:40:00,717447,65.73489948713791,23.6188582542445,1.8,0.0,0.4226182617406994,0.9063077870366499,0.7818314824680298,0.6234898018587336,0.015244730286723388
2026-09-01T01:40:00,717512,62.279170247698346,23.6188582542445,0.0,0.04185891926617924,0.4226182617406994,0.9063077870366499,0.7818314824680298,0.6234898018587336,0.004348809948789167
2026-09-01T01:40:00,717446,61.18688485695677,23.6188582542445,1.8,0.05866330989297275,0.4226182617406994,0.9063077870366499,0.7818314824680298,0.6234898018587336,0.011875550766508222
2026-09-01T01:40:00,717445,62.09614958588464,23.6188582542445,0.0,0.04467462175562098,0.4226182617406994,0.9063077870366499,0.7818314824680298,0.6234898018587336,0.05589583961069796
2026-09-01T01:40:00,717458,55.85574674931977,23.6188582542445,0.0,0.14068081924123432,0.4226182617406994,0.9063077870366499,0.7818314824680298,0.6234898018587336,0.07040300426472161
2026-09-01T01:40:00,717459,54.77760845068208,23.6188582542445,0.0,0.15726756229719874,0.4226182617406994,0.9063077870366499,0.7818314824680298,0.6234898018587336,0.08052527284412288
2026-09-01T01:40:00,717460,55.64466711005443,23.6188582542445,0.0,0.143928198306855,0.4226182617406994,0.9063077870366499,0.7818314824680298,0.6234898018587336,0.06184310277536135
2026-09-01T01:40:00,717461,55.9596583186762,23.6188582542445,0.0,0.1390821797126739,0.4226182617406994,0.9063077870366499,0.7818314824680298,0.6234898018587336,0.12644237100610115
2026-09-01T01:40:00,717462,57.9729786434178,23.6188582542445,1.8,0.10810802087049542,0.4226182617406994,0.9063077870366499,0.7818314824680298,0.6234898018587336,0.1491061123163356
2026-09-01T01:40:00,717463,53.72018418392146,23.6188582542445,0.0,0.1735356279396698,0.4226182617406994,0.9063077870366499,0.7818314824680298,0.6234898018587336,0.18544690375034523
2026-09-01T01:45:00,717447,64.9444602363023,23.69470502881575,1.8,0.0008544579030415056,0.44228869021900125,0.8968727415326884,0.7818314824680298,0.6234898018587336,0.01290957469005242
2026-09-01T01:45:00,717512,62.93402372751905,23.69470502881575,1.8,0.031784250345860854,0.44228869021900125,0.8968727415326884,0.7818314824680298,0.6234898018587336,0.01830178303751558
2026-09-01T01:45:00,717446,63.56815532529374,23.69470502881575,0.0,0.022028379610865567,0.44228869021900125,0.8968727415326884,0.7818314824680298,0.6234898018587336,0.02344524661268384
2026-09-01T01:45:00,717445,58.9183068136225,23.69470502881575,0.0,0.09356451055965387,0.44228869021900125,0.8968727415326884,0.7818314824680298,0.6234898018587336,0.04274584883331075
2026-09-01T01:45:00,717458,59.8737191989089,23.69470502881575,0.0,0.07886585847832461,0.44228869021900125,0.8968727415326884,0.7818314824680298,0.6234898018587336,0.08361407566781653
2026-09-01T01:45:00,717459,60.2051348105763,23.69470502881575,0.0,0.07376715676036472,0.44228869021900125,0.8968727415326884,0.7818314824680298,0.6234898018587336,0.11524936404482493
2026-09-01T01:45:00,717460,58.47227708971072,23.69470502881575,1.8,0.10042650631214278,0.44228869021900125,0.8968727415326884,0.7818314824680298,0.6234898018587336,0.08673608974972662
2026-09-01T01:45:00,717461,56.63777684662485,23.69470502881575,0.0,0.12864958697500228,0.44228869021900125,0.8968727415326884,0.7818314824680298,0.6234898018587336,0.13445385914820143
2026-09-01T01:45:00,717462,55.4735301670563,23.69470502881575,0.0,0.14656107435297994,0.44228869021900125,0.8968727415326884,0.7818314824680298,0.6234898018587336,0.12315758035516584
2026-09-01T01:45:00,717463,55.69399451801583,23.69470502881575,0.0,0.1431693151074488,0.44228869021900125,0.8968727415326884,0.7818314824680298,0.6234898018587336,0.17928932754133775
2026-09-01T01:50:00,717447,71.45954681620134,23.76981628093304,0.0,0.0,0.46174861323503397,0.8870108331782217,0.7818314824680298,0.6234898018587336,0.01287283054577045
2026-09-01T01:50:00,717512,61.49795675500251,23.76981628093304,0.0,0.05387758838457668,0.46174861323503397,0.8870108331782217,0.7818314824680298,0.6234898018587336,0.024547723204013366
2026-09-01T01:50:00,717446,69.16940824331968,23.76981628093304,0.0,0.0,0.46174861323503397,0.8870108331782217,0.7818314824680298,0.6234898018587336,0.026897229834612773
2026-09-01T01:50:00,717445,58.97510458760121,23.76981628093304,0.0,0.09269069865228907,0.46174861323503397,0.8870108331782217,0.7818314824680298,0.6234898018587336,0.05236182390580094
2026-09-01T01:50:00,717458,53.82831227073725,23.76981628093304,0.0,0.1718721189117346,0.46174861323503397,0.8870108331782217,0.7818314824680298,0.6234898018587336,0.09798602314532916
2026-09-01T01:50:00,717459,57.422734378624384,23.76981628093304,1.8,0.11657331725193254,0.46174861323503397,0.8870108331782217,0.7818314824680298,0.6234898018587336,0.12158471792936536
2026-09-01T01:50:00,717460,58.82526737099815,23.76981628093304,0.0,0.09499588660002845,0.46174861323503397,0.8870108331782217,0.7818314824680298,0.6234898018587336,0.10337280381030116
2026-09-01T01:50:00,717461,62.22851196131433,23.76981628093304,0.0,0.04263827751824101,0.46174861323503397,0.8870108331782217,0.7818314824680298,0.6234898018587336,0.1345832672934999
2026-09-01T01:50:00,717462,52.70475542962159,23.76981628093304,0.0,0.1891576087750524,0.46174861323503397,0.8870108331782217,0.7818314824680298,0.6234898018587336,0.12776767676782633
2026-09-01T01:50:00,717463,55.67575695818618,23.76981628093304,0.0,0.14344989295098187,0.46174861323503397,0.8870108331782217,0.7818314824680298,0.6234898018587336,0.1696256158948808
2026-09-01T01:55:00,717447,61.03929951367439,23.84415941140561,0.0,0.06093385363577852,0.48098876891938763,0.8767267557075077,0.7818314824680298,0.6234898018587336,0.0002848193010138352
2026-09-01T01:55:00,717512,69.29437543229938,23.84415941140561,0.0,0.0,0.48098876891938763,0.8767267557075077,0.7818314824680298,0.6234898018587336,0.042506919332205594
2026-09-01T01:55:00,717446,66.13831949690017,23.84415941140561,0.0,0.0,0.48098876891938763,0.8767267557075077,0.7818314824680298,0.6234898018587336,0.026897229834612773
2026-09-01T01:55:00,717445,59.9924721784222,23.84415941140561,0.0,0.07703888956273541,0.48098876891938763,0.8767267557075077,0.7818314824680298,0.6234898018587336,0.0769766103225213
2026-09-01T01:55:00,717458,55.06059554746368,23.84415941140561,0.0,0.15291391465440496,0.48098876891938763,0.8767267557075077,0.7818314824680298,0.6234898018587336,0.1304729322104312
2026-09-01T01:55:00,717459,63.06161625723256,23.84415941140561,0.0,0.029821288350268316,0.48098876891938763,0.8767267557075077,0.7818314824680298,0.6234898018587336,0.11586934543649867
2026-09-01T01:55:00,717460,57.45637959897846,23.84415941140561,0.0,0.1160556984772545,0.48098876891938763,0.8767267557075077,0.7818314824680298,0.6234898018587336,0.1131168637396754
2026-09-01T01:55:00,717461,60.3134480706567,23.84415941140561,0.0,0.07210079891297383,0.48098876891938763,0.8767267557075077,0.7818314824680298,0.6234898018587336,0.1034566814019724
2026-09-01T01:55:00,717462,55.41573023389086,23.84415941140561,0.0,0.14745030409398674,0.48098876891938763,0.8767267557075077,0.7818314824680298,0.6234898018587336,0.14794223466617593
2026-09-01T01:55:00,717463,54.34094091603055,23.84415941140561,0.0,0.1639855243687608,0.48098876891938763,0.8767267557075077,0.7818314824680298,0.6234898018587336,0.15338494533270017
2026-09-01T02:00:00,717447,63.64980224727567,23.91770215441681,0.0,0.020772273118835782,0.49999999999999994,0.8660254037844387,0.7818314824680298,0.6234898018587336,0.020596103846273344
2026-09-01T02:00:00,717512,65.6685484587559,23.91770215441681,1.8,0.0,0.49999999999999994,0.8660254037844387,0.7818314824680298,0.6234898018587336,0.028553946243479178
2026-09-01T02:00:00,717446,62.9608855568491,23.91770215441681,0.0,0.031370991433090745,0.49999999999999994,0.8660254037844387,0.7818314824680298,0.6234898018587336,0.007342793203621856
2026-09-01T02:00:00,717445,62.94331516388966,23.91770215441681,0.0,0.031641305170928335,0.49999999999999994,0.8660254037844387,0.7818314824680298,0.6234898018587336,0.08776469959155946
2026-09-01T02:00:00,717458,55.59765614950654,23.91770215441681,1.8,0.1446514438537455,0.49999999999999994,0.8660254037844387,0.7818314824680298,0.6234898018587336,0.13455063068148806
2026-09-01T02:00:00,717459,62.833029127408935,23.91770215441681,0.0,0.03333801342447795,0.49999999999999994,0.8660254037844387,0.7818314824680298,0.6234898018587336,0.07338725412085519
2026-09-01T02:00:00,717460,62.45345458828098,23.91770215441681,0.0,0.03917762171875416,0.49999999999999994,0.8660254037844387,0.7818314824680298,0.6234898018587336,0.10382603046314191
2026-09-01T02:00:00,717461,56.94702256459198,23.91770215441681,0.0,0.12389196054473872,0.49999999999999994,0.8660254037844387,0.7818314824680298,0.6234898018587336,0.08112955446873904
2026-09-01T02:00:00,717462,61.58224243635936,23.91770215441681,0.0,0.05258088559447138,0.49999999999999994,0.8660254037844387,0.7818314824680298,0.6234898018587336,0.16105632907400635
2026-09-01T02:00:00,717463,59.46602118904302,23.91770215441681,0.0,0.08513813555318428,0.49999999999999994,0.8660254037844387,0.7818314824680298,0.6234898018587336,0.15020157747573049
2026-09-01T02:05:00,717447,66.93612579032106,23.990412591527804,0.0,0.0,0.5187732581605214,0.8549118706729466,0.7818314824680298,0.6234898018587336,0.027235375584871435
2026-09-01T02:05:00,717512,67.90589261416265,23.990412591527804,0.0,0.0,0.5187732581605214,0.8549118706729466,0.7818314824680298,0.6234898018587336,0.017959196128192228
2026-09-01T02:05:00,717446,65.77527140211437,23.990412591527804,0.0,0.0,0.5187732581605214,0.8549118706729466,0.7818314824680298,0.6234898018587336,0.010456997144363581
2026-09-01T02:05:00,717445,56.12377948229626,23.990412591527804,0.0,0.13655723873390369,0.5187732581605214,0.8549118706729466,0.7818314824680298,0.6234898018587336,0.06712363112865094
2026-09-01T02:05:00,717458,59.39177743823194,23.990412591527804,0.0,0.08628034710412402,0.5187732581605214,0.8549118706729466,0.7818314824680298,0.6234898018587336,0.1564791591399617
2026-09-01T02:05:00,717459,61.152624708953496,23.990412591527804,0.0,0.0591903890930231,0.5187732581605214,0.8549118706729466,0.7818314824680298,0.6234898018587336,0.05991087300889294
2026-09-01T02:05:00,717460,62.685844578279486,23.990412591527804,0.0,0.03560239110339247,0.5187732581605214,0.8549118706729466,0.7818314824680298,0.6234898018587336,0.08340973559867904
2026-09-01T02:05:00,717461,52.45969356692094,23.990412591527804,0.0,0.19292779127813942,0.5187732581605214,0.8549118706729466,0.7818314824680298,0.6234898018587336,0.07954367899198451
2026-09-01T02:05:00,717462,50.28985062350014,23.990412591527804,0.0,0.22630999040769006,0.5187732581605214,0.8549118706729466,0.7818314824680298,0.6234898018587336,0.12972959948783683
2026-09-01T02:05:00,717463,54.03335484487576,23.990412591527804,0.0,0.16871761777114214,0.5187732581605214,0.8549118706729466,0.7818314824680298,0.6234898018587336,0.13085785095764232
2026-09-01T02:10:00,717447,58.79767055131885,24.06225916553056,0.0,0.09542045305663305,0.5372996083468238,0.8433914458128857,0.7818314824680298,0.6234898018587336,0.027235375584871435
2026-09-01T02:10:00,717512,63.53263673290012,24.06225916553056,0.0,0.02257481949384421,0.5372996083468238,0.8433914458128857,0.7818314824680298,0.6234898018587336,0.0
2026-09-01T02:10:00,717446,63.699791589729024,24.06225916553056,0.0,0.020003206311861144,0.5372996083468238,0.8433914458128857,0.7818314824680298,0.6234898018587336,0.010456997144363581
2026-09-01T02:10:00,717445,58.580357492456415,24.06225916553056,0.0,0.0987637308852859,0.5372996083468238,0.8433914458128857,0.7818314824680298,0.6234898018587336,0.08174581115585582
2026-09-01T02:10:00,717458,60.01195955961897,24.06225916553056,0.0,0.07673908369816962,0.5372996083468238,0.8433914458128857,0.7818314824680298,0.6234898018587336,0.12794856853742484
2026-09-01T02:10:00,717459,61.8654238129422,24.06225916553056,0.0,0.04822424903165856,0.5372996083468238,0.8433914458128857,0.7818314824680298,0.6234898018587336,0.040783230289256456
2026-09-01T02:10:00,717460,56.20922399632116,24.06225916553056,0.0,0.13524270774890523,0.5372996083468238,0.8433914458128857,0.7818314824680298,0.6234898018587336,0.06361190376646704
2026-09-01T02:10:00,717461,54.22137835465145,24.06225916553056,1.8,0.16582494838997774,0.5372996083468238,0.8433914458128857,0.7818314824680298,0.6234898018587336,0.1296401835786173
2026-09-01T02:10:00,717462,55.0789057715748,24.06225916553056,0.0,0.15263221889884915,0.5372996083468238,0.8433914458128857,0.7818314824680298,0.6234898018587336,0.14211372669871605
2026-09-01T02:10:00,717463,51.09426988418036,24.06225916553056,0.0,0.21393430947414827,0.5372996083468238,0.8433914458128857,0.7818314824680298,0.6234898018587336,0.13928042589769574
2026-09-01T02:15:00,717447,70.89417060942107,24.13321069414408,1.8,0.0,0.5555702330196022,0.8314696123025452,0.7818314824680298,0.6234898018587336,0.03873090872515628
2026-09-01T02:15:00,717512,63.90578586658708,24.13321069414408,0.0,0.01683406359096795,0.5555702330196022,0.8314696123025452,0.7818314824680298,0.6234898018587336,0.0075249398312814035
2026-09-01T02:15:00,717446,60.50081868669415,24.13321069414408,0.0,0.06921817405085917,0.5555702330196022,0.8314696123025452,0.7818314824680298,0.6234898018587336,0.01712473258165063
2026-09-01T02:15:00,717445,62.04193494287457,24.13321069414408,0.0,0.045508693186545046,0.5555702330196022,0.8314696123025452,0.7818314824680298,0.6234898018587336,0.0889874249300393
2026-09-01T02:15:00,717458,59.86301106159941,24.13321069414408,0.0,0.0790305990523168,0.5555702330196022,0.8314696123025452,0.7818314824680298,0.6234898018587336,0.10255695821867972
2026-09-01T02:15:00,717459,58.33708641207223,24.13321069414408,0.0,0.10250636289119641,0.5555702330196022,0.8314696123025452,0.7818314824680298,0.6234898018587336,0.04691755051638654
2026-09-01T02:15:00,717460,56.20849176784032,24.13321069414408,0.0,0.13525397280245655,0.5555702330196022,0.8314696123025452,0.7818314824680298,0.6234898018587336,0.07000757352368396
2026-09-01T02:15:00,717461,54.87254048873786,24.13321069414408,0.0,0.15580706940403288,0.5555702330196022,0.8314696123025452,0.7818314824680298,0.6234898018587336,0.16088156673761864
2026-09-01T02:15:00,717462,50.85442202407624,24.13321069414408,0.0,0.21762427655267313,0.5555702330196022,0.8314696123025452,0.7818314824680298,0.6234898018587336,0.1438410316336702
2026-09-01T02:15:00,717463,58.30061801300548,24.13321069414408,0.0,0.103067415184531,0.5555702330196022,0.8314696123025452,0.7818314824680298,0.6234898018587336,0.1559300209328249
2026-09-01T02:20:00,717447,66.72966364440315,24.20323638354788,0.0,0.0,0.5735764363510462,0.8191520442889918,0.7818314824680298,0.6234898018587336,0.03180681768554435
2026-09-01T02:20:00,717512,64.73374321886645,24.20323638354788,0.0,0.0040962581712853385,0.5735764363510462,0.8191520442889918,0.7818314824680298,0.6234898018587336,0.013136294361604054
2026-09-01T02:20:00,717446,62.21623998079355,24.20323638354788,0.0,0.042827077218560716,0.5735764363510462,0.8191520442889918,0.7818314824680298,0.6234898018587336,0.02974046012090677
2026-09-01T02:20:00,717445,58.533371433434574,24.20323638354788,0.0,0.09948659333177579,0.5735764363510462,0.8191520442889918,0.7818314824680298,0.6234898018587336,0.09360988760191154
2026-09-01T02:20:00,717458,57.93094051938294,24.20323638354788,1.8,0.1087547612402624,0.5735764363510462,0.8191520442889918,0.7818314824680298,0.6234898018587336,0.08068334328487015
2026-09-01T02:20:00,717459,54.73323162644283,24.20323638354788,0.0,0.15795028267011035,0.5735764363510462,0.8191520442889918,0.7818314824680298,0.6234898018587336,0.06997366700529269
2026-09-01T02:20:00,717460,55.86027410250827,24.20323638354788,1.8,0.14061116765371895,0.5735764363510462,0.8191520442889918,0.7818314824680298,0.6234898018587336,0.10203302388491808
2026-09-01T02:20:00,717461,53.35534874439266,24.20323638354788,0.0,0.17914848085549762,0.5735764363510462,0.8191520442889918,0.7818314824680298,0.6234898018587336,0.17151993635738336
2026-09-01T02:20:00,717462,60.46141766045354,24.20323638354788,0.0,0.06982434368533008,0.5735764363510462,0.8191520442889918,0.7818314824680298,0.6234898018587336,0.19885549528640412
2026-09-01T02:20:00,717463,56.8449120260842,24.20323638354788,0.0,0.12546289190639692,0.5735764363510462,0.8191520442889918,0.7818314824680298,0.6234898018587336,0.16190644747660712
2026-09-01T02:25:00,717447,65.23209402458247,24.272305841746867,0.0,0.0,0.5913096483635824,0.8064446042674827,0.7818314824680298,0.6234898018587336,0.03180681768554435
2026-09-01T02:25:00,717512,61.21613649765482,24.272305841746867,0.0,0.05821328465146425,0.5913096483635824,0.8064446042674827,0.7818314824680298,0.6234898018587336,0.0145017137520325
2026-09-01T02:25:00,717446,59.48825063866025,24.272305841746867,0.0,0.08479614402061153,0.5913096483635824,0.8064446042674827,0.7818314824680298,0.6234898018587336,0.04401615252709368
2026-09-01T02:25:00,717445,60.8289730673888,24.272305841746867,0.0,0.06416964511709533,0.5913096483635824,0.8064446042674827,0.7818314824680298,0.6234898018587336,0.08125300580120225
2026-09-01T02:25:00,717458,62.97852174423454,24.272305841746867,0.0,0.031099665473314775,0.5913096483635824,0.8064446042674827,0.7818314824680298,0.6234898018587336,0.08817481466358294
2026-09-01T02:25:00,717459,64.72823902305001,24.272305841746867,0.0,0.004180938106922993,0.5913096483635824,0.8064446042674827,0.7818314824680298,0.6234898018587336,0.10289363153098845
2026-09-01T02:25:00,717460,53.60428638018219,24.272305841746867,1.8,0.17531867107412014,0.5913096483635824,0.8064446042674827,0.7818314824680298,0.6234898018587336,0.13703594940169359
2026-09-01T02:25:00,717461,58.28889681171133,24.272305841746867,0.0,0.10324774135828718,0.5913096483635824,0.8064446042674827,0.7818314824680298,0.6234898018587336,0.16692683288316942
2026-09-01T02:25:00,717462,53.44806139427413,24.272305841746867,0.0,0.1777221323957826,0.5913096483635824,0.8064446042674827,0.7818314824680298,0.6234898018587336,0.14669361304561745
2026-09-01T02:25:00,717463,52.73861295034553,24.272305841746867,0.0,0.18863672384083807,0.5913096483635824,0.8064446042674827,0.7818314824680298,0.6234898018587336,0.14748820552169206
2026-09-01T02:30:00,717447,65.14554858016618,24.34038909176185,0.0,0.0,0.6087614290087207,0.7933533402912352,0.7818314824680298,0.6234898018587336,0.0
2026-09-01T02:30:00,717512,61.30713334709858,24.34038909176185,0.0,0.05681333312156034,0.6087614290087207,0.7933533402912352,0.7818314824680298,0.6234898018587336,0.026381202137905846
2026-09-01T02:30:00,717446,61.88313955573246,24.34038909176185,0.0,0.047951699142577464,0.6087614290087207,0.7933533402912352,0.7818314824680298,0.6234898018587336,0.06561379843001047
2026-09-01T02:30:00,717445,58.6772927102069,24.34038909176185,0.0,0.09727241984297075,0.6087614290087207,0.7933533402912352,0.7818314824680298,0.6234898018587336,0.06972164387847206
2026-09-01T02:30:00,717458,58.4696697046267,24.34038909176185,0.0,0.10046661992882,0.6087614290087207,0.7933533402912352,0.7818314824680298,0.6234898018587336,0.072961675255298
2026-09-01T02:30:00,717459,61.266157373808966,24.34038909176185,0.0,0.0574437327106313,0.6087614290087207,0.7933533402912352,0.7818314824680298,0.6234898018587336,0.08821252788940992
2026-09-01T02:30:00,717460,58.09798061261937,24.34038909176185,0.0,0.10618491365200977,0.6087614290087207,0.7933533402912352,0.7818314824680298,0.6234898018587336,0.15039460384343187
2026-09-01T02:30:00,717461,58.85414506644707,24.34038909176185,0.0,0.09455161436235282,0.6087614290087207,0.7933533402912352,0.7818314824680298,0.6234898018587336,0.1460677638726059
2026-09-01T02:30:00,717462,53.41211241949416,24.34038909176185,0.0,0.17827519354624377,0.6087614290087207,0.7933533402912352,0.7818314824680298,0.6234898018587336,0.15505691754459527
2026-09-01T02:30:00,717463,55.911779702111176,24.34038909176185,0.0,0.13981877381367425,0.6087614290087207,0.7933533402912352,0.7818314824680298,0.6234898018587336,0.13905567697725532
2026-09-01T02:35:00,717447,60.11734843160344,24.407456584639892,1.8,0.07511771643687015,0.6259234721840591,0.7798844830928818,0.7818314824680298,0.6234898018587336,0.0
2026-09-01T02:35:00,717512,63.944230585237065,24.407456584639892,0.0,0.016242606380968194,0.6259234721840591,0.7798844830928818,0.7818314824680298,0.6234898018587336,0.03970762531476998
2026-09-01T02:35:00,717446,64.51575312158504,24.407456584639892,0.0,0.007449951975614821,0.6259234721840591,0.7798844830928818,0.7818314824680298,0.6234898018587336,0.05852497346058324
2026-09-01T02:35:00,717445,56.41541555844604,24.407456584639892,0.0,0.13207052987006085,0.6259234721840591,0.7798844830928818,0.7818314824680298,0.6234898018587336,0.08697621943061395
2026-09-01T02:35:00,717458,58.24446742184645,24.407456584639892,0.0,0.10393127043313155,0.6259234721840591,0.7798844830928818,0.7818314824680298,0.6234898018587336,0.08010701554746573
2026-09-01T02:35:00,717459,59.14217175920217,24.407456584639892,1.8,0.0901204344738128,0.6259234721840591,0.7798844830928818,0.7818314824680298,0.6234898018587336,0.07319165116255488
2026-09-01T02:35:00,717460,60.81885417289624,24.407456584639892,0.0,0.06432532041698091,0.6259234721840591,0.7798844830928818,0.7818314824680298,0.6234898018587336,0.14070491745994962
2026-09-01T02:35:00,717461,54.86930013668348,24.407456584639892,0.0,0.1558569209741003,0.6259234721840591,0.7798844830928818,0.7818314824680298,0.6234898018587336,0.12564927885871255
2026-09-01T02:35:00,717462,56.98938827899877,24.407456584639892,0.0,0.12324018032309592,0.6259234721840591,0.7798844830928818,0.7818314824680298,0.6234898018587336,0.14194055654245216
2026-09-01T02:35:00,717463,58.52468160722663,24.407456584639892,0.0,0.0996202829657441,0.6259234721840591,0.7798844830928818,0.7818314824680298,0.6234898018587336,0.15130612985363642
2026-09-01T02:40:00,717447,66.73118049798991,24.47347921227895,0.0,0.0,0.6427876096865393,0.766044443118978,0.7818314824680298,0.6234898018587336,0.02503923881229005
2026-09-01T02:40:00,717512,63.19082795831932,24.47347921227895,0.0,0.02783341602585665,0.6427876096865393,0.766044443118978,0.7818314824680298,0.6234898018587336,0.04375640805133093
2026-09-01T02:40:00,717446,63.71340173656223,24.47347921227895,0.0,0.019793819437504134,0.6427876096865393,0.766044443118978,0.7818314824680298,0.6234898018587336,0.046732598379601274
2026-09-01T02:40:00,717445,59.58800855630084,24.47347921227895,0.0,0.08326140682614092,0.6427876096865393,0.766044443118978,0.7818314824680298,0.6234898018587336,0.09783753161004231
2026-09-01T02:40:00,717458,60.459733478866994,24.47347921227895,0.0,0.069850254171277,0.6427876096865393,0.766044443118978,0.7818314824680298,0.6234898018587336,0.0784991852784221
2026-09-01T02:40:00,717459,58.53293241027205,24.47347921227895,0.0,0.09949334753427608,0.6427876096865393,0.766044443118978,0.7818314824680298,0.6234898018587336,0.05058170176378903
2026-09-01T02:40:00,717460,58.812772102673904,24.47347921227895,0.0,0.09518812149732458,0.6427876096865393,0.766044443118978,0.7818314824680298,0.6234898018587336,0.11527630171437027
2026-09-01T02:40:00,717461,55.364333218080894,24.47347921227895,0.0,0.14824102741414014,0.6427876096865393,0.766044443118978,0.7818314824680298,0.6234898018587336,0.11788542556491344
2026-09-01T02:40:00,717462,56.58332054358319,24.47347921227895,0.0,0.12948737625256623,0.6427876096865393,0.766044443118978,0.7818314824680298,0.6234898018587336,0.15974583542170742
2026-09-01T02:40:00,717463,52.93701067398751,24.47347921227895,0.0,0.1855844511694229,0.6427876096865393,0.766044443118978,0.7818314824680298,0.6234898018587336,0.1426919268734188
2026-09-01T02:45:00,717447,67.61332131668661,24.53842832006108,0.0,0.0,0.6593458151000688,0.7518398074789774,0.7818314824680298,0.6234898018587336,0.02503923881229005
2026-09-01T02:45:00,717512,62.821876609888,24.53842832006108,0.0,0.033509590617107676,0.6593458151000688,0.7518398074789774,0.7818314824680298,0.6234898018587336,0.03362978517612839
2026-09-01T02:45:00,717446,56.48557360085797,24.53842832006108,0.0,0.1309911753714159,0.6593458151000688,0.7518398074789774,0.7818314824680298,0.6234898018587336,0.025065156851898807
2026-09-01T02:45:00,717445,58.37568827363931,24.53842832006108,0.0,0.10191248809785669,0.6593458151000688,0.7518398074789774,0.7818314824680298,0.6234898018587336,0.10420145217972417
2026-09-01T02:45:00,717458,60.25520234396018,24.53842832006108,0.0,0.07299688701599727,0.6593458151000688,0.7518398074789774,0.7818314824680298,0.6234898018587336,0.09141604817774285
2026-09-01T02:45:00,717459,64.02925914321737,24.53842832006108,0.0,0.014934474719732749,0.6593458151000688,0.7518398074789774,0.7818314824680298,0.6234898018587336,0.08235250490624006
2026-09-01T02:45:00,717460,60.28816394994199,24.53842832006108,0.0,0.07248978538550788,0.6593458151000688,0.7518398074789774,0.7818314824680298,0.6234898018587336,0.0885661185221051
2026-09-01T02:45:00,717461,49.96654127936787,24.53842832006108,0.0,0.23128398031741748,0.6593458151000688,0.7518398074789774,0.7818314824680298,0.6234898018587336,0.1328831875835311
2026-09-01T02:45:00,717462,50.964188469052,24.53842832006108,1.8,0.21593556201458464,0.6593458151000688,0.7518398074789774,0.7818314824680298,0.6234898018587336,0.14366758337396865
2026-09-01T02:45:00,717463,57.63120933601232,24.53842832006108,0.0,0.1133660102151951,0.6593458151000688,0.7518398074789774,0.7818314824680298,0.6234898018587336,0.14167450264961376
2026-09-01T02:50:00,717447,66.89826835613836,24.602275719288944,0.0,0.0,0.6755902076156602,0.7372773368101241,0.7818314824680298,0.6234898018587336,0.02503923881229005
2026-09-01T02:50:00,717512,70.61200133123269,24.602275719288944,0.0,0.0,0.6755902076156602,0.7372773368101241,0.7818314824680298,0.6234898018587336,0.025861871007977506
2026-09-01T02:50:00,717446,61.221840059198776,24.602275719288944,0.0,0.05812553755078809,0.6755902076156602,0.7372773368101241,0.7818314824680298,0.6234898018587336,0.05274498226151162
2026-09-01T02:50:00,717445,58.850389649425125,24.602275719288944,0.0,0.09460939000884427,0.6755902076156602,0.7372773368101241,0.7818314824680298,0.6234898018587336,0.10574814159801948
2026-09-01T02:50:00,717458,60.41462146947768,24.602275719288944,0.0,0.0705442850849588,0.6755902076156602,0.7372773368101241,0.7818314824680298,0.6234898018587336,0.08225947054013527
2026-09-01T02:50:00,717459,57.56695041752416,24.602275719288944,0.0,0.11435460896116678,0.6755902076156602,0.7372773368101241,0.7818314824680298,0.6234898018587336,0.06818275224260721
2026-09-01T02:50:00,717460,60.912542590593205,24.602275719288944,1.8,0.06288396014471997,0.6755902076156602,0.7372773368101241,0.7818314824680298,0.6234898018587336,0.07733440909993779
2026-09-01T02:50:00,717461,55.069873561255264,24.602275719288944,0.0,0.15277117598068823,0.6755902076156602,0.7372773368101241,0.7818314824680298,0.6234898018587336,0.17846064290188599
2026-09-01T02:50:00,717462,54.59029795193938,24.602275719288944,0.0,0.16014926227785575,0.6755902076156602,0.7372773368101241,0.7818314824680298,0.6234898018587336,0.15622103953008226
2026-09-01T02:50:00,717463,51.263631610472586,24.602275719288944,1.8,0.21132874445426786,0.6755902076156602,0.7372773368101241,0.7818314824680298,0.6234898018587336,0.13285691478345404
2026-09-01T02:55:00,717447,67.2708534632266,24.664993699420027,0.0,0.0,0.6915130557822694,0.7223639620597556,0.7818314824680298,0.6234898018587336,0.0
2026-09-01T02:55:00,717512,61.03339164075766,24.664993699420027,0.0,0.06102474398834379,0.6915130557822694,0.7223639620597556,0.7818314824680298,0.6234898018587336,0.020447668880988108
2026-09-01T02:55:00,717446,63.84019232296165,24.664993699420027,0.0,0.017843195031359227,0.6915130557822694,0.7223639620597556,0.7818314824680298,0.6234898018587336,0.06963684411990272
2026-09-01T02:55:00,717445,67.03027505096475,24.664993699420027,0.0,0.0,0.6915130557822694,0.7223639620597556,0.7818314824680298,0.6234898018587336,0.09326109497761396
2026-09-01T02:55:00,717458,54.86372686657771,24.664993699420027,0.0,0.1559426635911122,0.6915130557822694,0.7223639620597556,0.7818314824680298,0.6234898018587336,0.07113047542407769
2026-09-01T02:55:00,717459,63.48802054775808,24.664993699420027,0.0,0.023261222342183308,0.6915130557822694,0.7223639620597556,0.7818314824680298,0.6234898018587336,0.07626081040505854
2026-09-01T02:55:00,717460,58.63979349224999,24.664993699420027,0.0,0.0978493308884616,0.6915130557822694,0.7223639620597556,0.7818314824680298,0.6234898018587336,0.07685395567585081
2026-09-01T02:55:00,717461,53.22342047139541,24.664993699420027,0.0,0.18117814659391684,0.6915130557822694,0.7223639620597556,0.7818314824680298,0.6234898018587336,0.17743206123741528
2026-09-01T02:55:00,717462,55.72807199710521,24.664993699420027,0.0,0.14264504619838136,0.6915130557822694,0.7223639620597556,0.7818314824680298,0.6234898018587336,0.16852406684833554
2026-09-01T02:55:00,717463,56.37718748498662,24.664993699420027,0.0,0.13265865407712896,0.6915130557822694,0.7223639620597556,0.7818314824680298,0.6234898018587336,0.17009306861296195
2026-09-01T03:00:00,717447,62.62841401790175,24.726555040093334,0.0,0.036485938186127,0.7071067811865476,0.7071067811865476,0.7818314824680298,0.6234898018587336,0.0
2026-09-01T03:00:00,717512,65.21424245564566,24.726555040093334,0.0,0.0,0.7071067811865476,0.7071067811865476,0.7818314824680298,0.6234898018587336,0.03151144486848382
2026-09-01T03:00:00,717446,67.37939726415587,24.726555040093334,0.0,0.0,0.7071067811865476,0.7071067811865476,0.7818314824680298,0.6234898018587336,0.06898663598452108
2026-09-01T03:00:00,717445,59.86619035494412,24.726555040093334,0.0,0.07898168684701345,0.7071067811865476,0.7071067811865476,0.7818314824680298,0.6234898018587336,0.06550729270223365
2026-09-01T03:00:00,717458,57.23102292346194,24.726555040093334,0.0,0.11952272425443167,0.7071067811865476,0.7071067811865476,0.7818314824680298,0.6234898018587336,0.09982794523068943
2026-09-01T03:00:00,717459,58.62247662393874,24.726555040093334,0.0,0.09811574424709635,0.7071067811865476,0.7071067811865476,0.7818314824680298,0.6234898018587336,0.05085010200769428
2026-09-01T03:00:00,717460,57.96701212110376,24.726555040093334,0.0,0.10819981352148067,0.7071067811865476,0.7071067811865476,0.7818314824680298,0.6234898018587336,0.07774102547289648
2026-09-01T03:00:00,717461,59.88241193965053,24.726555040093334,0.0,0.07873212400537644,0.7071067811865476,0.7071067811865476,0.7818314824680298,0.6234898018587336,0.1884111009640075
2026-09-01T03:00:00,717462,54.9258136885007,24.726555040093334,0.0,0.1549874817153738,0.7071067811865476,0.7071067811865476,0.7818314824680298,0.6234898018587336,0.1729099568302739
2026-09-01T03:00:00,717463,52.91919417439542,24.726555040093334,1.8,0.1858585511631473,0.7071067811865476,0.7071067811865476,0.7818314824680298,0.6234898018587336,0.15245113624886397
2026-09-01T03:05:00,717447,61.96345288406949,24.786933022943384,0.0,0.04671610947585403,0.7223639620597555,0.6915130557822694,0.7818314824680298,0.6234898018587336,0.012161979395375666
2026-09-01T03:05:00,717512,58.83519599425268,24.786933022943384,0.0,0.09484313854995874,0.7223639620597555,0.6915130557822694,0.7818314824680298,0.6234898018587336,0.020341581329447928
2026-09-01T03:05:00,717446,58.72988331062683,24.786933022943384,0.0,0.09646333368266413,0.7223639620597555,0.6915130557822694,0.7818314824680298,0.6234898018587336,0.02532291086071577
2026-09-01T03:05:00,717445,57.51452969365914,24.786933022943384,0.0,0.11516108163601324,0.7223639620597555,0.6915130557822694,0.7818314824680298,0.6234898018587336,0.05786369228528591
2026-09-01T03:05:00,717458,59.42099195575918,24.786933022943384,1.8,0.08583089298832036,0.7223639620597555,0.6915130557822694,0.7818314824680298,0.6234898018587336,0.11533655764350088
2026-09-01T03:05:00,717459,54.49033715049568,24.786933022943384,0.0,0.16168712076160496,0.7223639620597555,0.6915130557822694,0.7818314824680298,0.6234898018587336,0.07857719185014882
2026-09-01T03:05:00,717460,49.70910608102528,24.786933022943384,0.0,0.23524452183038025,0.7223639620597555,0.6915130557822694,0.7818314824680298,0.6234898018587336,0.08964436818488741
2026-09-01T03:05:00,717461,56.43688141029656,24.786933022943384,0.0,0.13174028599543763,0.7223639620597555,0.6915130557822694,0.7818314824680298,0.6234898018587336,0.13756048219332717
2026-09-01T03:05:00,717462,60.94663429468603,24.786933022943384,1.8,0.062359472389445725,0.7223639620597555,0.6915130557822694,0.7818314824680298,0.6234898018587336,0.15259393006387031
2026-09-01T03:05:00,717463,57.57946109849327,24.786933022943384,0.0,0.11416213694625743,0.7223639620597555,0.6915130557822694,0.7818314824680298,0.6234898018587336,0.17661531656484805
2026-09-01T03:10:00,717447,64.19299910188016,24.84610144319626,1.8,0.012415398432612856,0.737277336810124,0.6755902076156602,0.7818314824680298,0.6234898018587336,0.027734015887327008
2026-09-01T03:10:00,717512,60.48008744731964,24.84610144319626,0.0,0.0695371161950824,0.737277336810124,0.6755902076156602,0.7818314824680298,0.6234898018587336,0.051955960846100845
2026-09-01T03:10:00,717446,70.31974458329424,24.84610144319626,1.8,0.0,0.737277336810124,0.6755902076156602,0.7818314824680298,0.6234898018587336,0.03810217623800779
2026-09-01T03:10:00,717445,61.57732047558812,24.84610144319626,0.0,0.05265660806787509,0.737277336810124,0.6755902076156602,0.7818314824680298,0.6234898018587336,0.0647142561610089
2026-09-01T03:10:00,717458,60.79391945584823,24.84610144319626,0.0,0.06470893144848877,0.737277336810124,0.6755902076156602,0.7818314824680298,0.6234898018587336,0.12043209361128808
2026-09-01T03:10:00,717459,58.56658393777283,24.84610144319626,0.0,0.09897563172657176,0.737277336810124,0.6755902076156602,0.7818314824680298,0.6234898018587336,0.0943546957836282
2026-09-01T03:10:00,717460,57.701405362896665,24.84610144319626,0.0,0.11228607134005131,0.737277336810124,0.6755902076156602,0.7818314824680298,0.6234898018587336,0.14709788874677418
2026-09-01T03:10:00,717461,54.96939086014336,24.84610144319626,1.8,0.15431706369010212,0.737277336810124,0.6755902076156602,0.7818314824680298,0.6234898018587336,0.13055018553157696
2026-09-01T03:10:00,717462,54.634733521282094,24.84610144319626,0.0,0.15946563813412162,0.737277336810124,0.6755902076156602,0.7818314824680298,0.6234898018587336,0.11999733343440029
2026-09-01T03:10:00,717463,58.71164413929273,24.84610144319626,0.0,0.09674393631857336,0.737277336810124,0.6755902076156602,0.7818314824680298,0.6234898018587336,0.14422644739551124
2026-09-01T03:15:00,717447,68.73777911446378,24.90403462104285,0.0,0.0,0.7518398074789774,0.6593458151000688,0.7818314824680298,0.6234898018587336,0.03187248203153129
2026-09-01T03:15:00,717512,57.579352839746434,24.90403462104285,0.0,0.11416380246543945,0.7518398074789774,0.6593458151000688,0.7818314824680298,0.6234898018587336,0.05479341824834705
2026-09-01T03:15:00,717446,58.37698845281742,24.90403462104285,0.0,0.10189248534127049,0.7518398074789774,0.6593458151000688,0.7818314824680298,0.6234898018587336,0.03215444456088804
2026-09-01T03:15:00,717445,59.066073474198255,24.90403462104285,0.0,0.0912911773200269,0.7518398074789774,0.6593458151000688,0.7818314824680298,0.6234898018587336,0.0822664588503006
2026-09-01T03:15:00,717458,63.00655871641327,24.90403462104285,1.8,0.03066832743979586,0.7518398074789774,0.6593458151000688,0.7818314824680298,0.6234898018587336,0.09002084956374694
2026-09-01T03:15:00,717459,62.814188821953366,24.90403462104285,0.0,0.03362786427764053,0.7518398074789774,0.6593458151000688,0.7818314824680298,0.6234898018587336,0.11959283224509103
2026-09-01T03:15:00,717460,59.96453972910059,24.90403462104285,1.8,0.07746861955229856,0.7518398074789774,0.6593458151000688,0.7818314824680298,0.6234898018587336,0.15191013556397073
2026-09-01T03:15:00,717461,53.2123682233192,24.90403462104285,1.8,0.18134818117970453,0.7518398074789774,0.6593458151000688,0.7818314824680298,0.6234898018587336,0.1215964912303054
2026-09-01T03:15:00,717462,53.82596273813156,24.90403462104285,0.0,0.17190826556720684,0.7518398074789774,0.6593458151000688,0.7818314824680298,0.6234898018587336,0.12560419741298037
2026-09-01T03:15:00,717463,55.66764722065464,24.90403462104285,0.0,0.14357465814377468,0.7518398074789774,0.6593458151000688,0.7818314824680298,0.6234898018587336,0.13225487480932605
2026-09-01T03:20:00,717447,64.2783495478446,24.96070741278415,0.0,0.011102314648544609,0.766044443118978,0.6427876096865394,0.7818314824680298,0.6234898018587336,0.01971050263615563
2026-09-01T03:20:00,717512,62.67486331967021,24.96070741278415,0.0,0.03577133354353523,0.766044443118978,0.6427876096865394,0.7818314824680298,0.6234898018587336,0.0928480190701602
2026-09-01T03:20:00,717446,61.51642724486177,24.96070741278415,0.0,0.05359342700212666,0.766044443118978,0.6427876096865394,0.7818314824680298,0.6234898018587336,0.06611860634131154
2026-09-01T03:20:00,717445,64.87731515241175,24.96070741278415,0.0,0.0018874591936652863,0.766044443118978,0.6427876096865394,0.7818314824680298,0.6234898018587336,0.08636962234130507
2026-09-01T03:20:00,717458,61.97862951622416,24.96070741278415,1.8,0.04648262282732063,0.766044443118978,0.6427876096865394,0.7818314824680298,0.6234898018587336,0.06040271729220167
2026-09-01T03:20:00,717459,58.07068642437703,24.96070741278415,1.8,0.10660482424035334,0.766044443118978,0.6427876096865394,0.7818314824680298,0.6234898018587336,0.09809687225527242
2026-09-01T03:20:00,717460,58.77772480904535,24.96070741278415,0.0,0.09572731063007145,0.766044443118978,0.6427876096865394,0.7818314824680298,0.6234898018587336,0.14166640424091004
2026-09-01T03:20:00,717461,52.84598501316309,24.96070741278415,0.0,0.18698484595133713,0.766044443118978,0.6427876096865394,0.7818314824680298,0.6234898018587336,0.1558018436217481
2026-09-01T03:20:00,717462,53.83115668076188,24.96070741278415,0.0,0.17182835875750957,0.766044443118978,0.6427876096865394,0.7818314824680298,0.6234898018587336,0.13124445869692472
2026-09-01T03:20:00,717463,57.34635341982967,24.96070741278415,0.0,0.11774840892569738,0.766044443118978,0.6427876096865394,0.7818314824680298,0.6234898018587336,0.11816024380286849
2026-09-01T03:25:00,717447,60.32916360257969,25.016095221743957,0.0,0.07185902149877399,0.7798844830928817,0.6259234721840591,0.7818314824680298,0.6234898018587336,0.007839237693719156
2026-09-01T03:25:00,717512,65.61708097718832,25.016095221743957,0.0,0.0,0.7798844830928817,0.6259234721840591,0.7818314824680298,0.6234898018587336,0.07315741740135236
2026-09-01T03:25:00,717446,56.35326289950024,25.016095221743957,0.0,0.1330267246230733,0.7798844830928817,0.6259234721840591,0.7818314824680298,0.6234898018587336,0.05182863744779905
2026-09-01T03:25:00,717445,66.48842022802152,25.016095221743957,0.0,0.0,0.7798844830928817,0.6259234721840591,0.7818314824680298,0.6234898018587336,0.048611748193855754
2026-09-01T03:25:00,717458,58.56429386272456,25.016095221743957,0.0,0.09901086365039136,0.7798844830928817,0.6259234721840591,0.7818314824680298,0.6234898018587336,0.047286627238535085
2026-09-01T03:25:00,717459,60.196459466207614,25.016095221743957,0.0,0.07390062359680594,0.7798844830928817,0.6259234721840591,0.7818314824680298,0.6234898018587336,0.07973610674818854
2026-09-01T03:25:00,717460,58.14173406913751,25.016095221743957,0.0,0.10551178355173052,0.7798844830928817,0.6259234721840591,0.7818314824680298,0.6234898018587336,0.09516066717414044
2026-09-01T03:25:00,717461,57.04995640753703,25.016095221743957,1.8,0.1223083629609687,0.7798844830928817,0.6259234721840591,0.7818314824680298,0.6234898018587336,0.17421669694038125
2026-09-01T03:25:00,717462,56.322456429827575,25.016095221743957,0.0,0.13350067031034496,0.7798844830928817,0.6259234721840591,0.7818314824680298,0.6234898018587336,0.16773408748627935
2026-09-01T03:25:00,717463,49.068545945181526,25.016095221743957,0.0,0.2450992931510534,0.7798844830928817,0.6259234721840591,0.7818314824680298,0.6234898018587336,0.11935566779601514
2026-09-01T03:30:00,717447,65.51126836643827,25.070174008944107,0.0,0.0,0.7933533402912352,0.6087614290087207,0.7818314824680298,0.6234898018587336,0.027653778715772865
2026-09-01T03:30:00,717512,63.24672204299641,25.070174008944107,0.0,0.026973507030824462,0.7933533402912352,0.6087614290087207,0.7818314824680298,0.6234898018587336,0.04997837866965823
2026-09-01T03:30:00,717446,60.97939301112636,25.070174008944107,1.8,0.06185549213651753,0.7933533402912352,0.6087614290087207,0.7818314824680298,0.6234898018587336,0.09617087898882348
2026-09-01T03:30:00,717445,59.06375787584751,25.070174008944107,0.0,0.09132680191003839,0.7933533402912352,0.6087614290087207,0.7818314824680298,0.6234898018587336,0.03105954550456406
2026-09-01T03:30:00,717458,60.78620781734749,25.070174008944107,0.0,0.06482757204080791,0.7933533402912352,0.6087614290087207,0.7818314824680298,0.6234898018587336,0.05872060463916928
2026-09-01T03:30:00,717459,56.06355371920935,25.070174008944107,0.0,0.1374837889352407,0.7933533402912352,0.6087614290087207,0.7818314824680298,0.6234898018587336,0.07137777070493327
2026-09-01T03:30:00,717460,60.886138964031375,25.070174008944107,0.0,0.06329016978413271,0.7933533402912352,0.6087614290087207,0.7818314824680298,0.6234898018587336,0.09290257124470018
2026-09-01T03:30:00,717461,58.01646449929357,25.070174008944107,1.8,0.10743900770317583,0.7933533402912352,0.6087614290087207,0.7818314824680298,0.6234898018587336,0.16354713003067012
2026-09-01T03:30:00,717462,56.16676125499607,25.070174008944107,0.0,0.1358959806923682,0.7933533402912352,0.6087614290087207,0.7818314824680298,0.6234898018587336,0.15907909821168711
2026-09-01T03:30:00,717463,57.146745003890985,25.070174008944107,0.0,0.12081930763244642,0.7933533402912352,0.6087614290087207,0.7818314824680298,0.6234898018587336,0.1688074534068418
2026-09-01T03:35:00,717447,59.4755291462663,25.12292030353772,0.0,0.08499185928821085,0.8064446042674825,0.5913096483635825,0.7818314824680298,0.6234898018587336,0.027653778715772865
2026-09-01T03:35:00,717512,59.95942094005412,25.12292030353772,1.8,0.0775473701530135,0.8064446042674825,0.5913096483635825,0.7818314824680298,0.6234898018587336,0.0209149468581199
2026-09-01T03:35:00,717446,64.1511289016686,25.12292030353772,1.8,0.013059555358944652,0.8064446042674825,0.5913096483635825,0.7818314824680298,0.6234898018587336,0.08282521458723917
2026-09-01T03:35:00,717445,59.22092040080083,25.12292030353772,0.0,0.08890891691075653,0.8064446042674825,0.5913096483635825,0.7818314824680298,0.6234898018587336,0.031071420367901226
2026-09-01T03:35:00,717458,58.36359843128539,25.12292030353772,0.0,0.10209848567253244,0.8064446042674825,0.5913096483635825,0.7818314824680298,0.6234898018587336,0.0701070195061733
2026-09-01T03:35:00,717459,54.77816854971656,25.12292030353772,0.0,0.157258945388976,0.8064446042674825,0.5913096483635825,0.7818314824680298,0.6234898018587336,0.10599641225746666
2026-09-01T03:35:00,717460,54.87053208132923,25.12292030353772,0.0,0.1558379679795503,0.8064446042674825,0.5913096483635825,0.7818314824680298,0.6234898018587336,0.08817642132197823
2026-09-01T03:35:00,717461,59.75907723008475,25.12292030353772,0.0,0.08062958107561924,0.8064446042674825,0.5913096483635825,0.7818314824680298,0.6234898018587336,0.13891073887182723
2026-09-01T03:35:00,717462,56.8781055429039,25.12292030353772,0.0,0.12495222241686299,0.8064446042674825,0.5913096483635825,0.7818314824680298,0.6234898018587336,0.14707500325340758
2026-09-01T03:35:00,717463,54.752660211345855,25.12292030353772,0.0,0.15765138136390988,0.8064446042674825,0.5913096483635825,0.7818314824680298,0.6234898018587336,0.1612223365697324
2026-09-01T03:40:00,717447,63.27052861156954,25.174311212995768,0.0,0.026607252129699388,0.8191520442889917,0.5735764363510462,0.7818314824680298,0.6234898018587336,0.05228362692899494
2026-09-01T03:40:00,717512,64.16347153421894,25.174311212995768,0.0,0.012869668704323933,0.8191520442889917,0.5735764363510462,0.7818314824680298,0.6234898018587336,0.03484029239461265
2026-09-01T03:40:00,717446,66.04526206913988,25.174311212995768,1.8,0.0,0.8191520442889917,0.5735764363510462,0.7818314824680298,0.6234898018587336,0.06931392403951182
2026-09-01T03:40:00,717445,59.2879128149052,25.174311212995768,1.8,0.08787826438607382,0.8191520442889917,0.5735764363510462,0.7818314824680298,0.6234898018587336,0.060078572940264974
2026-09-01T03:40:00,717458,60.09247661879198,25.174311212995768,0.0,0.07550035971089264,0.8191520442889917,0.5735764363510462,0.7818314824680298,0.6234898018587336,0.08864564045457723
2026-09-01T03:40:00,717459,64.30984399718939,25.174311212995768,0.0,0.01061778465862473,0.8191520442889917,0.5735764363510462,0.7818314824680298,0.6234898018587336,0.12288111930700756
2026-09-01T03:40:00,717460,59.92069789664929,25.174311212995768,0.0,0.07814310928231871,0.8191520442889917,0.5735764363510462,0.7818314824680298,0.6234898018587336,0.10821330710513784
2026-09-01T03:40:00,717461,54.91004176260006,25.174311212995768,0.0,0.15523012672922987,0.8191520442889917,0.5735764363510462,0.7818314824680298,0.6234898018587336,0.10345898391325459
2026-09-01T03:40:00,717462,57.26287197693444,25.174311212995768,0.0,0.1190327388163932,0.8191520442889917,0.5735764363510462,0.7818314824680298,0.6234898018587336,0.13144962447319206
2026-09-01T03:40:00,717463,49.48676793061149,25.174311212995768,1.8,0.23866510875982316,0.8191520442889917,0.5735764363510462,0.7818314824680298,0.6234898018587336,0.1745233273824699
2026-09-01T03:45:00,717447,64.77317910064873,25.22432443304277,0.0,0.003489552297711751,0.8314696123025451,0.5555702330196024,0.7818314824680298,0.6234898018587336,0.037199703805970076
2026-09-01T03:45:00,717512,65.6584956806009,25.22432443304277,0.0,0.0,0.8314696123025451,0.5555702330196024,0.7818314824680298,0.6234898018587336,0.03913018196272063
2026-09-01T03:45:00,717446,63.73707294096676,25.22432443304277,0.0,0.01942964706204986,0.8314696123025451,0.5555702330196024,0.7818314824680298,0.6234898018587336,0.024971682498487396
2026-09-01T03:45:00,717445,63.228236623800335,25.22432443304277,0.0,0.027257898095379485,0.8314696123025451,0.5555702330196024,0.7818314824680298,0.6234898018587336,0.08937132773562291
2026-09-01T03:45:00,717458,62.69824585159559,25.22432443304277,0.0,0.03541160228314477,0.8314696123025451,0.5555702330196024,0.7818314824680298,0.6234898018587336,0.08080880580807766
2026-09-01T03:45:00,717459,60.374019625634176,25.22432443304277,0.0,0.07116892883639725,0.8314696123025451,0.5555702330196024,0.7818314824680298,0.6234898018587336,0.10178683966094715
2026-09-01T03:45:00,717460,59.08533404534663,25.22432443304277,0.0,0.09099486084082109,0.8314696123025451,0.5555702330196024,0.7818314824680298,0.6234898018587336,0.09909041568200057
2026-09-01T03:45:00,717461,57.2195424494382,25.22432443304277,0.0,0.11969934693172002,0.8314696123025451,0.5555702330196024,0.7818314824680298,0.6234898018587336,0.11443290516934164
2026-09-01T03:45:00,717462,52.15330976672408,25.22432443304277,0.0,0.19764138820424493,0.8314696123025451,0.5555702330196024,0.7818314824680298,0.6234898018587336,0.1266269806418748
2026-09-01T03:45:00,717463,57.35593794794758,25.22432443304277,0.0,0.1176009546469603,0.8314696123025451,0.5555702330196024,0.7818314824680298,0.6234898018587336,0.1723785992520598
2026-09-01T03:50:00,717447,64.87651574417819,25.272938257337085,0.0,0.001899757781874012,0.8433914458128856,0.5372996083468239,0.7818314824680298,0.6234898018587336,0.03836288790520733
2026-09-01T03:50:00,717512,65.83968329786602,25.272938257337085,0.0,0.0,0.8433914458128856,0.5372996083468239,0.7818314824680298,0.6234898018587336,0.03013901295244581
2026-09-01T03:50:00,717446,65.41003262367614,25.272938257337085,1.8,0.0,0.8433914458128856,0.5372996083468239,0.7818314824680298,0.6234898018587336,0.010829734140331504
2026-09-01T03:50:00,717445,59.84704702109603,25.272938257337085,0.0,0.07927619967544564,0.8433914458128856,0.5372996083468239,0.7818314824680298,0.6234898018587336,0.06801502646406994
2026-09-01T03:50:00,717458,58.89169252345121,25.272938257337085,1.8,0.09397396117767365,0.8433914458128856,0.5372996083468239,0.7818314824680298,0.6234898018587336,0.07100348255552329
2026-09-01T03:50:00,717459,58.06766483534224,25.272938257337085,0.0,0.106651310225504,0.8433914458128856,0.5372996083468239,0.7818314824680298,0.6234898018587336,0.079681886294666
2026-09-01T03:50:00,717460,61.56244958246872,25.272938257337085,1.8,0.05288539103894274,0.8433914458128856,0.5372996083468239,0.7818314824680298,0.6234898018587336,0.1083253127008967
2026-09-01T03:50:00,717461,53.911359299089646,25.272938257337085,0.0,0.17059447232169778,0.8433914458128856,0.5372996083468239,0.7818314824680298,0.6234898018587336,0.11851968491218971
2026-09-01T03:50:00,717462,59.73611485880935,25.272938257337085,0.0,0.08098284832600999,0.8433914458128856,0.5372996083468239,0.7818314824680298,0.6234898018587336,0.14720878314583372
2026-09-01T03:50:00,717463,54.78484553528288,25.272938257337085,0.0,0.15715622253410955,0.8433914458128856,0.5372996083468239,0.7818314824680298,0.6234898018587336,0.17130581492356445
2026-09-01T03:55:00,717447,65.79459167349346,25.320131586891726,0.0,0.0,0.8549118706729466,0.5187732581605216,0.7818314824680298,0.6234898018587336,0.010665520736428383
2026-09-01T03:55:00,717512,66.46233326275599,25.320131586891726,1.8,0.0,0.8549118706729466,0.5187732581605216,0.7818314824680298,0.6234898018587336,0.004289889568107978
2026-09-01T03:55:00,717446,62.84029284371196,25.320131586891726,0.0,0.033226263942892964,0.8549118706729466,0.5187732581605216,0.7818314824680298,0.6234898018587336,0.0064765490206832865
2026-09-01T03:55:00,717445,64.58988200108175,25.320131586891726,0.0,0.0063095076756654045,0.8549118706729466,0.5187732581605216,0.7818314824680298,0.6234898018587336,0.06480412071896631
2026-09-01T03:55:00,717458,58.64157552558457,25.320131586891726,0.0,0.09782191499100656,0.8549118706729466,0.5187732581605216,0.7818314824680298,0.6234898018587336,0.06829530772390369
2026-09-01T03:55:00,717459,63.22148319644242,25.320131586891726,0.0,0.02736179697780894,0.8549118706729466,0.5187732581605216,0.7818314824680298,0.6234898018587336,0.06281267457350866
2026-09-01T03:55:00,717460,56.45693331168337,25.320131586891726,0.0,0.13143179520487125,0.8549118706729466,0.5187732581605216,0.7818314824680298,0.6234898018587336,0.07400778705402751
2026-09-01T03:55:00,717461,60.95359430723878,25.320131586891726,0.0,0.06225239527324955,0.8549118706729466,0.5187732581605216,0.7818314824680298,0.6234898018587336,0.1485079819942159
2026-09-01T03:55:00,717462,54.132880424598106,25.320131586891726,0.0,0.167186455006183,0.8549118706729466,0.5187732581605216,0.7818314824680298,0.6234898018587336,0.13255232511554937
2026-09-01T03:55:00,717463,53.34808704930417,25.320131586891726,0.0,0.1792601992414743,0.8549118706729466,0.5187732581605216,0.7818314824680298,0.6234898018587336,0.17114076198029768
2026-09-01T04:00:00,717447,61.97869917995499,25.365883939231587,1.8,0.046481551077615535,0.8660254037844386,0.5000000000000001,0.7818314824680298,0.6234898018587336,0.0017964366931952542
2026-09-01T04:00:00,717512,61.487728784898806,25.365883939231587,1.8,0.0540349417707876,0.8660254037844386,0.5000000000000001,0.7818314824680298,0.6234898018587336,0.0
2026-09-01T04:00:00,717446,62.487066818050856,25.365883939231587,0.0,0.0386605104915253,0.8660254037844386,0.5000000000000001,0.7818314824680298,0.6234898018587336,0.017551970334980942
2026-09-01T04:00:00,717445,62.09376567782075,25.365883939231587,0.0,0.044711297264296235,0.8660254037844386,0.5000000000000001,0.7818314824680298,0.6234898018587336,0.037614535148830175
2026-09-01T04:00:00,717458,63.144088675640944,25.365883939231587,0.0,0.028552481913216243,0.8660254037844386,0.5000000000000001,0.7818314824680298,0.6234898018587336,0.07573582615060832
2026-09-01T04:00:00,717459,58.34915494753466,25.365883939231587,0.0,0.10232069311485148,0.8660254037844386,0.5000000000000001,0.7818314824680298,0.6234898018587336,0.06839401201323674
2026-09-01T04:00:00,717460,54.4229554155243,25.365883939231587,0.0,0.16272376283808765,0.8660254037844386,0.5000000000000001,0.7818314824680298,0.6234898018587336,0.09177068236154502
2026-09-01T04:00:00,717461,57.73835071876335,25.365883939231587,0.0,0.11171768124979464,0.8660254037844386,0.5000000000000001,0.7818314824680298,0.6234898018587336,0.11751540484222245
2026-09-01T04:00:00,717462,55.89047810485035,25.365883939231587,0.0,0.14014649069460994,0.8660254037844386,0.5000000000000001,0.7818314824680298,0.6234898018587336,0.14860356384547932
2026-09-01T04:00:00,717463,55.66847527223564,25.365883939231587,0.0,0.14356191888868253,0.8660254037844386,0.5000000000000001,0.7818314824680298,0.6234898018587336,0.15133912547418138
2026-09-01T04:05:00,717447,63.07482854388326,25.41017545728308,0.0,0.029618022401796007,0.8767267557075077,0.48098876891938774,0.7818314824680298,0.6234898018587336,0.01612710295316318
2026-09-01T04:05:00,717512,62.19505763163175,25.41017545728308,0.0,0.043152959513357736,0.8767267557075077,0.48098876891938774,0.7818314824680298,0.6234898018587336,0.018011647256929202
2026-09-01T04:05:00,717446,60.67588711471765,25.41017545728308,1.8,0.0665248136197284,0.8767267557075077,0.48098876891938774,0.7818314824680298,0.6234898018587336,0.023962258144806087
2026-09-01T04:05:00,717445,64.95509808995986,25.41017545728308,0.0,0.0006907986160021862,0.8767267557075077,0.48098876891938774,0.7818314824680298,0.6234898018587336,0.043432334871802425
2026-09-01T04:05:00,717458,64.44956124060677,25.41017545728308,0.0,0.008468288606049756,0.8767267557075077,0.48098876891938774,0.7818314824680298,0.6234898018587336,0.07344945269396548
2026-09-01T04:05:00,717459,57.27580961538877,25.41017545728308,0.0,0.11883369822478806,0.8767267557075077,0.48098876891938774,0.7818314824680298,0.6234898018587336,0.07877793343938815
2026-09-01T04:05:00,717460,56.131379363794295,25.41017545728308,0.0,0.13644031748008778,0.8767267557075077,0.48098876891938774,0.7818314824680298,0.6234898018587336,0.11568031636063388
2026-09-01T04:05:00,717461,58.48684394990374,25.41017545728308,0.0,0.10020240077071174,0.8767267557075077,0.48098876891938774,0.7818314824680298,0.6234898018587336,0.11485484961491399
2026-09-01T04:05:00,717462,60.030564100627394,25.41017545728308,1.8,0.07645285999034779,0.8767267557075077,0.48098876891938774,0.7818314824680298,0.6234898018587336,0.1294385980089343
2026-09-01T04:05:00,717463,59.575681515923776,25.41017545728308,0.0,0.08345105360117266,0.8767267557075077,0.48098876891938774,0.7818314824680298,0.6234898018587336,0.15999278022142213
2026-09-01T04:10:00,717447,63.145634968204114,25.452986917992344,0.0,0.028528692796859767,0.8870108331782217,0.46174861323503386,0.7818314824680298,0.6234898018587336,0.025366524493137182
2026-09-01T04:10:00,717512,62.62089635984932,25.452986917992344,0.0,0.03660159446385669,0.8870108331782217,0.46174861323503386,0.7818314824680298,0.6234898018587336,0.032395967094715115
2026-09-01T04:10:00,717446,63.44159721183198,25.452986917992344,0.0,0.023975427510277147,0.8870108331782217,0.46174861323503386,0.7818314824680298,0.6234898018587336,0.04613719601804889
2026-09-01T04:10:00,717445,62.387371409618346,25.452986917992344,0.0,0.040194286005871604,0.8870108331782217,0.46174861323503386,0.7818314824680298,0.6234898018587336,0.017237201185321276
2026-09-01T04:10:00,717458,59.65315935717513,25.452986917992344,0.0,0.08225908681269034,0.8870108331782217,0.46174861323503386,0.7818314824680298,0.6234898018587336,0.04494756183675752
2026-09-01T04:10:00,717459,56.58910930604191,25.452986917992344,0.0,0.12939831836858595,0.8870108331782217,0.46174861323503386,0.7818314824680298,0.6234898018587336,0.0828387294391495
2026-09-01T04:10:00,717460,57.68462012103588,25.452986917992344,1.8,0.11254430583021724,0.8870108331782217,0.46174861323503386,0.7818314824680298,0.6234898018587336,0.14353195850768222
2026-09-01T04:10:00,717461,61.96767463021063,25.452986917992344,0.0,0.04665115953522103,0.8870108331782217,0.46174861323503386,0.7818314824680298,0.6234898018587336,0.0913908257645853
2026-09-01T04:10:00,717462,53.83116714254876,25.452986917992344,0.0,0.17182819780694214,0.8870108331782217,0.46174861323503386,0.7818314824680298,0.6234898018587336,0.1279286018970469
2026-09-01T04:10:00,717463,54.85536489457397,25.452986917992344,0.0,0.15607130931424662,0.8870108331782217,0.46174861323503386,0.7818314824680298,0.6234898018587336,0.13542439057710984
2026-09-01T04:15:00,717447,72.55949881585249,25.49429974066829,0.0,0.0,0.8968727415326884,0.44228869021900125,0.7818314824680298,0.6234898018587336,0.034876088758757105
2026-09-01T04:15:00,717512,62.186095219470666,25.49429974066829,0.0,0.04329084277737438,0.8968727415326884,0.44228869021900125,0.7818314824680298,0.6234898018587336,0.04459649858266734
2026-09-01T04:15:00,717446,64.62437600711056,25.49429974066829,0.0,0.0057788306598376415,0.8968727415326884,0.44228869021900125,0.7818314824680298,0.6234898018587336,0.043053583873843615
2026-09-01T04:15:00,717445,66.91882351543974,25.49429974066829,0.0,0.0,0.8968727415326884,0.44228869021900125,0.7818314824680298,0.6234898018587336,0.02853212729539001
2026-09-01T04:15:00,717458,61.95066603030857,25.49429974066829,0.0,0.04691283030294513,0.8968727415326884,0.44228869021900125,0.7818314824680298,0.6234898018587336,0.03975995244398545
2026-09-01T04:15:00,717459,62.304812279980354,25.49429974066829,0.0,0.041464426461840675,0.8968727415326884,0.44228869021900125,0.7818314824680298,0.6234898018587336,0.11685090323607517
2026-09-01T04:15:00,717460,60.24014808182372,25.49429974066829,0.0,0.07322849104886586,0.8968727415326884,0.44228869021900125,0.7818314824680298,0.6234898018587336,0.1372361287161309
2026-09-01T04:15:00,717461,58.10052363155352,25.49429974066829,0.0,0.10614579028379201,0.8968727415326884,0.44228869021900125,0.7818314824680298,0.6234898018587336,0.08619041385190913
2026-09-01T04:15:00,717462,59.525178511344215,25.49429974066829,0.0,0.08422802290239673,0.8968727415326884,0.44228869021900125,0.7818314824680298,0.6234898018587336,0.12947584949729996
2026-09-01T04:15:00,717463,56.12483120100056,25.49429974066829,0.0,0.13654105844614517,0.8968727415326884,0.44228869021900125,0.7818314824680298,0.6234898018587336,0.12769476060136728
2026-09-01T04:20:00,717447,64.47044946907171,25.534095995046812,0.0,0.008146931245050615,0.9063077870366498,0.4226182617406996,0.7818314824680298,0.6234898018587336,0.019382238399551926
2026-09-01T04:20:00,717512,64.21194476932224,25.534095995046812,0.0,0.012123926625811632,0.9063077870366498,0.4226182617406996,0.7818314824680298,0.6234898018587336,0.041015132251529605
2026-09-01T04:20:00,717446,63.67782363664097,25.534095995046812,0.0,0.020341174820908137,0.9063077870366498,0.4226182617406996,0.7818314824680298,0.6234898018587336,0.03209302392994773
2026-09-01T04:20:00,717445,60.19178727304019,25.534095995046812,0.0,0.07397250349168938,0.9063077870366498,0.4226182617406996,0.7818314824680298,0.6234898018587336,0.013628361540624597
2026-09-01T04:20:00,717458,60.74510091408199,25.534095995046812,0.0,0.06545998593720015,0.9063077870366498,0.4226182617406996,0.7818314824680298,0.6234898018587336,0.04588006857389507
2026-09-01T04:20:00,717459,59.11111335449071,25.534095995046812,0.0,0.09059825608475824,0.9063077870366498,0.4226182617406996,0.7818314824680298,0.6234898018587336,0.0965654810184049
2026-09-01T04:20:00,717460,59.7082562534455,25.534095995046812,0.0,0.08141144225468466,0.9063077870366498,0.4226182617406996,0.7818314824680298,0.6234898018587336,0.10740437145305697
2026-09-01T04:20:00,717461,63.06156787993866,25.534095995046812,1.8,0.02982203261632832,0.9063077870366498,0.4226182617406996,0.7818314824680298,0.6234898018587336,0.08433311686324159
2026-09-01T04:20:00,717462,56.11995476115454,25.534095995046812,0.0,0.13661608059762254,0.9063077870366498,0.4226182617406996,0.7818314824680298,0.6234898018587336,0.11083636023322889
2026-09-01T04:20:00,717463,58.9041635493127,25.534095995046812,0.0,0.09378209924134306,0.9063077870366498,0.4226182617406996,0.7818314824680298,0.6234898018587336,0.12535447378718814
2026-09-01T04:25:00,717447,66.78656824847648,25.57235840907281,1.8,0.0,0.9153114791194471,0.40274668985873724,0.7818314824680298,0.6234898018587336,0.012225208013970127
2026-09-01T04:25:00,717512,64.32270608879594,25.57235840907281,0.0,0.010419906326216366,0.9153114791194471,0.40274668985873724,0.7818314824680298,0.6234898018587336,0.030672121289014236
2026-09-01T04:25:00,717446,61.22357787567528,25.57235840907281,0.0,0.058098801912688014,0.9153114791194471,0.40274668985873724,0.7818314824680298,0.6234898018587336,0.01669847766367431
2026-09-01T04:25:00,717445,61.94514869802179,25.57235840907281,0.0,0.04699771233812633,0.9153114791194471,0.40274668985873724,0.7818314824680298,0.6234898018587336,0.038055596499186994
2026-09-01T04:25:00,717458,60.5617877417675,25.57235840907281,0.0,0.06828018858819229,0.9153114791194471,0.40274668985873724,0.7818314824680298,0.6234898018587336,0.06487730101761187
2026-09-01T04:25:00,717459,56.86251627450935,25.57235840907281,0.0,0.12519205731524075,0.9153114791194471,0.40274668985873724,0.7818314824680298,0.6234898018587336,0.08715366697172829
2026-09-01T04:25:00,717460,56.0861131775121,25.57235840907281,0.0,0.1371367203459677,0.9153114791194471,0.40274668985873724,0.7818314824680298,0.6234898018587336,0.08906141304458925
2026-09-01T04:25:00,717461,57.69451434452044,25.57235840907281,1.8,0.1123920870073778,0.9153114791194471,0.40274668985873724,0.7818314824680298,0.6234898018587336,0.06087299414511379
2026-09-01T04:25:00,717462,60.05945080702988,25.57235840907281,0.0,0.07600844912261717,0.9153114791194471,0.40274668985873724,0.7818314824680298,0.6234898018587336,0.13089076710232048
2026-09-01T04:25:00,717463,53.96562793610791,25.57235840907281,0.0,0.16975957021372445,0.9153114791194471,0.40274668985873724,0.7818314824680298,0.6234898018587336,0.12879815566724495
2026-09-01T04:30:00,717447,60.60735774851093,25.60907037639638,0.0,0.06757911156137031,0.9238795325112867,0.38268343236508984,0.7818314824680298,0.6234898018587336,0.002715643748350205
2026-09-01T04:30:00,717512,57.15498157989941,25.60907037639638,0.0,0.12069259107847052,0.9238795325112867,0.38268343236508984,0.7818314824680298,0.6234898018587336,0.021944891909800795
2026-09-01T04:30:00,717446,59.48770099836752,25.60907037639638,1.8,0.08480460002511503,0.9238795325112867,0.38268343236508984,0.7818314824680298,0.6234898018587336,0.028072935797811265
2026-09-01T04:30:00,717445,63.47646879165772,25.60907037639638,0.0,0.02343894166680427,0.9238795325112867,0.38268343236508984,0.7818314824680298,0.6234898018587336,0.04032340527660524
2026-09-01T04:30:00,717458,56.31048625374698,25.60907037639638,0.0,0.13368482686543104,0.9238795325112867,0.38268343236508984,0.7818314824680298,0.6234898018587336,0.060217668276112524
2026-09-01T04:30:00,717459,61.568771434600094,25.60907037639638,0.0,0.05278813177538311,0.9238795325112867,0.38268343236508984,0.7818314824680298,0.6234898018587336,0.08575157995394656
2026-09-01T04:30:00,717460,59.70200298363564,25.60907037639638,0.0,0.0815076464056056,0.9238795325112867,0.38268343236508984,0.7818314824680298,0.6234898018587336,0.0972588845498394
2026-09-01T04:30:00,717461,56.25387185842151,25.60907037639638,0.0,0.13455581756274593,0.9238795325112867,0.38268343236508984,0.7818314824680298,0.6234898018587336,0.0827866366358327
2026-09-01T04:30:00,717462,50.77482393698545,25.60907037639638,0.0,0.21884886250791613,0.9238795325112867,0.38268343236508984,0.7818314824680298,0.6234898018587336,0.09895085087421214
2026-09-01T04:30:00,717463,52.075675240115935,25.60907037639638,0.0,0.19883576553667792,0.9238795325112867,0.38268343236508984,0.7818314824680298,0.6234898018587336,0.13336090930040423
2026-09-01T04:35:00,717447,64.21301471078857,25.644215963580248,0.0,0.01210746598786816,0.9320078692827984,0.3624380382837017,0.7818314824680298,0.6234898018587336,0.025242014268806973
2026-09-01T04:35:00,717512,64.79288907390045,25.644215963580248,1.8,0.00318632193999302,0.9320078692827984,0.3624380382837017,0.7818314824680298,0.6234898018587336,0.04774547467683284
2026-09-01T04:35:00,717446,58.78210461178623,25.644215963580248,0.0,0.09565992904944265,0.9320078692827984,0.3624380382837017,0.7818314824680298,0.6234898018587336,0.054414858919570396
2026-09-01T04:35:00,717445,65.66801669657735,25.644215963580248,0.0,0.0,0.9320078692827984,0.3624380382837017,0.7818314824680298,0.6234898018587336,0.04813638583220666
2026-09-01T04:35:00,717458,61.16489892349068,25.644215963580248,0.0,0.05900155502322024,0.9320078692827984,0.3624380382837017,0.7818314824680298,0.6234898018587336,0.0891416671302745
2026-09-01T04:35:00,717459,60.30698254181891,25.644215963580248,0.0,0.07220026858740136,0.9320078692827984,0.3624380382837017,0.7818314824680298,0.6234898018587336,0.08952614839179403
2026-09-01T04:35:00,717460,59.66489116396019,25.644215963580248,1.8,0.08207859747753554,0.9320078692827984,0.3624380382837017,0.7818314824680298,0.6234898018587336,0.10001860300208598
2026-09-01T04:35:00,717461,60.524180474754864,25.644215963580248,1.8,0.06885876192684826,0.9320078692827984,0.3624380382837017,0.7818314824680298,0.6234898018587336,0.09225664572881735
2026-09-01T04:35:00,717462,55.92628639346197,25.644215963580248,0.0,0.13959559394673893,0.9320078692827984,0.3624380382837017,0.7818314824680298,0.6234898018587336,0.14382446407605196
2026-09-01T04:35:00,717463,56.26373415712311,25.644215963580248,0.0,0.13440408989041364,0.9320078692827984,0.3624380382837017,0.7818314824680298,0.6234898018587336,0.15412581166391515
2026-09-01T04:40:00,717447,62.888893761489285,25.67777991701502,0.0,0.03247855751554951,0.9396926207859084,0.3420201433256686,0.7818314824680298,0.6234898018587336,0.026562192516412824
2026-09-01T04:40:00,717512,69.12089196639954,25.67777991701502,0.0,0.0,0.9396926207859084,0.3420201433256686,0.7818314824680298,0.6234898018587336,0.044766273114893305
2026-09-01T04:40:00,717446,62.902383912399465,25.67777991701502,0.0,0.032271016732315916,0.9396926207859084,0.3420201433256686,0.7818314824680298,0.6234898018587336,0.07952111032908189
2026-09-01T04:40:00,717445,59.27491569524245,25.67777991701502,0.0,0.0880782200731931,0.9396926207859084,0.3420201433256686,0.7818314824680298,0.6234898018587336,0.0234788846683102
2026-09-01T04:40:00,717458,58.77952036802276,25.67777991701502,1.8,0.09569968664580375,0.9396926207859084,0.3420201433256686,0.7818314824680298,0.6234898018587336,0.08698885682561452
2026-09-01T04:40:00,717459,53.2494484748305,25.67777991701502,1.8,0.18077771577183843,0.9396926207859084,0.3420201433256686,0.7818314824680298,0.6234898018587336,0.08339348589267508
2026-09-01T04:40:00,717460,56.36115170991987,25.67777991701502,0.0,0.13290535830892514,0.9396926207859084,0.3420201433256686,0.7818314824680298,0.6234898018587336,0.10024098807636961
2026-09-01T04:40:00,717461,49.24643268778023,25.67777991701502,0.0,0.2423625740341503,0.9396926207859084,0.3420201433256686,0.7818314824680298,0.6234898018587336,0.10526888883232399
2026-09-01T04:40:00,717462,57.6754711436196,25.67777991701502,0.0,0.11268505932892914,0.9396926207859084,0.3420201433256686,0.7818314824680298,0.6234898018587336,0.14481763519242408
2026-09-01T04:40:00,717463,55.394443353022,25.67777991701502,1.8,0.14777779456889228,0.9396926207859084,0.3420201433256686,0.7818314824680298,0.6234898018587336,0.16766647521360534
2026-09-01T04:45:00,717447,61.99357959888389,25.70974766953947,0.0,0.04625262155563248,0.9469301294951056,0.3214394653031617,0.7818314824680298,0.6234898018587336,0.03738837835492933
2026-09-01T04:45:00,717512,63.55137395984559,25.70974766953947,0.0,0.022286554463914032,0.9469301294951056,0.3214394653031617,0.7818314824680298,0.6234898018587336,0.04129297100615451
2026-09-01T04:45:00,717446,62.48370041099982,25.70974766953947,0.0,0.03871230136923354,0.9469301294951056,0.3214394653031617,0.7818314824680298,0.6234898018587336,0.0709118486022912
2026-09-01T04:45:00,717445,57.8194139606939,25.70974766953947,0.0,0.11047055445086307,0.9469301294951056,0.3214394653031617,0.7818314824680298,0.6234898018587336,0.03717238724666579
2026-09-01T04:45:00,717458,59.431615506782535,25.70974766953947,0.0,0.08566745374180718,0.9469301294951056,0.3214394653031617,0.7818314824680298,0.6234898018587336,0.09612868951148501
2026-09-01T04:45:00,717459,58.97516554525512,25.70974766953947,0.0,0.09268976084222891,0.9469301294951056,0.3214394653031617,0.7818314824680298,0.6234898018587336,0.10192203871154097
2026-09-01T04:45:00,717460,56.952975880709744,25.70974766953947,1.8,0.12380037106600394,0.9469301294951056,0.3214394653031617,0.7818314824680298,0.6234898018587336,0.09883053406402209
2026-09-01T04:45:00,717461,54.448555284278136,25.70974766953947,1.8,0.1623299187034133,0.9469301294951056,0.3214394653031617,0.7818314824680298,0.6234898018587336,0.14859238450791482
2026-09-01T04:45:00,717462,52.28964799858678,25.70974766953947,0.0,0.19554387694481878,0.9469301294951056,0.3214394653031617,0.7818314824680298,0.6234898018587336,0.1570431719278614
2026-09-01T04:45:00,717463,53.25120714961366,25.70974766953947,0.0,0.18075065923671285,0.9469301294951056,0.3214394653031617,0.7818314824680298,0.6234898018587336,0.16033921666532794
2026-09-01T04:50:00,717447,63.15138439774008,25.74010534676284,0.0,0.028440240034767972,0.9537169507482268,0.3007057995042733,0.7818314824680298,0.6234898018587336,0.030279548353016716
2026-09-01T04:50:00,717512,65.38266971115695,25.74010534676284,1.8,0.0,0.9537169507482268,0.3007057995042733,0.7818314824680298,0.6234898018587336,0.00849095880130235
2026-09-01T04:50:00,717446,66.66298767684647,25.74010534676284,1.8,0.0,0.9537169507482268,0.3007057995042733,0.7818314824680298,0.6234898018587336,0.0555477490503307
2026-09-01T04:50:00,717445,64.03882241582679,25.74010534676284,0.0,0.01478734744881871,0.9537169507482268,0.3007057995042733,0.7818314824680298,0.6234898018587336,0.06618292484135206
2026-09-01T04:50:00,717458,60.243812476849,25.74010534676284,0.0,0.07317211574078464,0.9537169507482268,0.3007057995042733,0.7818314824680298,0.6234898018587336,0.08012289847027705
2026-09-01T04:50:00,717459,56.92411103397175,25.74010534676284,0.0,0.12424444563120385,0.9537169507482268,0.3007057995042733,0.7818314824680298,0.6234898018587336,0.1152225817338229
2026-09-01T04:50:00,717460,60.35050102717166,25.74010534676284,0.0,0.07153075342812831,0.9537169507482268,0.3007057995042733,0.7818314824680298,0.6234898018587336,0.11292810895082155
2026-09-01T04:50:00,717461,58.370436772134376,25.74010534676284,0.0,0.10199328042870193,0.9537169507482268,0.3007057995042733,0.7818314824680298,0.6234898018587336,0.1578504182214706
2026-09-01T04:50:00,717462,59.21710356399145,25.74010534676284,0.0,0.0889676374770546,0.9537169507482268,0.3007057995042733,0.7818314824680298,0.6234898018587336,0.14927484340682895
2026-09-01T04:50:00,717463,54.65772018116567,25.74010534676284,0.0,0.15911199721283587,0.9537169507482268,0.3007057995042733,0.7818314824680298,0.6234898018587336,0.15431084789867291
2026-09-01T04:55:00,717447,70.0358863758876,25.76883977308651,1.8,0.0,0.9600498543859287,0.27982901403099203,0.7818314824680298,0.6234898018587336,0.03572380636864999
2026-09-01T04:55:00,717512,64.22172731677979,25.76883977308651,1.8,0.0119734258956955,0.9600498543859287,0.27982901403099203,0.7818314824680298,0.6234898018587336,0.007428851487971344
2026-09-01T04:55:00,717446,60.473740955548514,25.76883977308651,0.0,0.06963475453002288,0.9600498543859287,0.27982901403099203,0.7818314824680298,0.6234898018587336,0.023661106033849817
2026-09-01T04:55:00,717445,59.77633746422889,25.76883977308651,0.0,0.08036403901186329,0.9600498543859287,0.27982901403099203,0.7818314824680298,0.6234898018587336,0.07111204065762496
2026-09-01T04:55:00,717458,61.59650143049837,25.76883977308651,0.0,0.052361516453871215,0.9600498543859287,0.27982901403099203,0.7818314824680298,0.6234898018587336,0.08484641870946519
2026-09-01T04:55:00,717459,57.10689495457612,25.76883977308651,0.0,0.12143238531421352,0.9600498543859287,0.27982901403099203,0.7818314824680298,0.6234898018587336,0.13257064074842373
2026-09-01T04:55:00,717460,62.81062447669399,25.76883977308651,0.0,0.03368270035855403,0.9600498543859287,0.27982901403099203,0.7818314824680298,0.6234898018587336,0.10941216093435246
2026-09-01T04:55:00,717461,57.73696597541396,25.76883977308651,0.0,0.11173898499363144,0.9600498543859287,0.27982901403099203,0.7818314824680298,0.6234898018587336,0.1688952577220885
2026-09-01T04:55:00,717462,55.34200540089646,25.76883977308651,0.0,0.14858453229390056,0.9600498543859287,0.27982901403099203,0.7818314824680298,0.6234898018587336,0.13239885791693418
2026-09-01T04:55:00,717463,54.388088946546645,25.76883977308651,0.0,0.16326017005312854,0.9600498543859287,0.27982901403099203,0.7818314824680298,0.6234898018587336,0.162546817006147
2026-09-01T05:00:00,717447,64.01005783290543,25.795938477422347,0.0,0.015229879493762644,0.9659258262890683,0.25881904510252074,0.7818314824680298,0.6234898018587336,0.024897620530133485
2026-09-01T05:00:00,717512,58.576435223542695,25.795938477422347,0.0,0.0988240734839585,0.9659258262890683,0.25881904510252074,0.7818314824680298,0.6234898018587336,0.011419993453203178
2026-09-01T05:00:00,717446,60.93262805827735,25.795938477422347,0.0,0.06257495294957915,0.9659258262890683,0.25881904510252074,0.7818314824680298,0.6234898018587336,0.03611568529975214
2026-09-01T05:00:00,717445,65.90414773504557,25.795938477422347,0.0,0.0,0.9659258262890683,0.25881904510252074,0.7818314824680298,0.6234898018587336,0.06854064697051503
2026-09-01T05:00:00,717458,60.65554290085538,25.795938477422347,0.0,0.06683780152530183,0.9659258262890683,0.25881904510252074,0.7818314824680298,0.6234898018587336,0.070400361978821
2026-09-01T05:00:00,717459,61.923482353011934,25.795938477422347,0.0,0.04733104072289329,0.9659258262890683,0.25881904510252074,0.7818314824680298,0.6234898018587336,0.11278886392921543
2026-09-01T05:00:00,717460,60.81822994546936,25.795938477422347,0.0,0.06433492391585593,0.9659258262890683,0.25881904510252074,0.7818314824680298,0.6234898018587336,0.07633794161756209
2026-09-01T05:00:00,717461,56.26666203667335,25.795938477422347,0.0,0.13435904558964074,0.9659258262890683,0.25881904510252074,0.7818314824680298,0.6234898018587336,0.12535406137524888
2026-09-01T05:00:00,717462,57.13915608041573,25.795938477422347,0.0,0.12093606030129644,0.9659258262890683,0.25881904510252074,0.7818314824680298,0.6234898018587336,0.14436534890525798
2026-09-01T05:00:00,717463,49.25301097422272,25.795938477422347,0.0,0.2422613696273428,0.9659258262890683,0.25881904510252074,0.7818314824680298,0.6234898018587336,0.16770760883422575
2026-09-01T05:05:00,717447,69.15532982381973,25.821389698605323,0.0,0.0,0.9713420698132614,0.2376858923261731,0.7818314824680298,0.6234898018587336,0.014556706509510206
2026-09-01T05:05:00,717512,67.6659828370844,25.821389698605323,1.8,0.0,0.9713420698132614,0.2376858923261731,0.7818314824680298,0.6234898018587336,0.036932499793218
2026-09-01T05:05:00,717446,63.80779933349026,25.821389698605323,0.0,0.018341548715534506,0.9713420698132614,0.2376858923261731,0.7818314824680298,0.6234898018587336,0.044069902493200676
2026-09-01T05:05:00,717445,61.90773007211376,25.821389698605323,0.0,0.0475733835059422,0.9713420698132614,0.2376858923261731,0.7818314824680298,0.6234898018587336,0.031717128820227335
2026-09-01T05:05:00,717458,59.849046561667706,25.821389698605323,0.0,0.07924543751280455,0.9713420698132614,0.2376858923261731,0.7818314824680298,0.6234898018587336,0.0641238112399859
2026-09-01T05:05:00,717459,62.24389583242014,25.821389698605323,0.0,0.04240160257815173,0.9713420698132614,0.2376858923261731,0.7818314824680298,0.6234898018587336,0.09766929055610356
2026-09-01T05:05:00,717460,59.84080490658708,25.821389698605323,0.0,0.07937223220635259,0.9713420698132614,0.2376858923261731,0.7818314824680298,0.6234898018587336,0.05651612590084609
2026-09-01T05:05:00,717461,47.78008091275182,25.821389698605323,0.0,0.26492183211151044,0.9713420698132614,0.2376858923261731,0.7818314824680298,0.6234898018587336,0.11603043700399136
2026-09-01T05:05:00,717462,54.03838595043265,25.821389698605323,0.0,0.16864021614719005,0.9713420698132614,0.2376858923261731,0.7818314824680298,0.6234898018587336,0.11949607669075053
2026-09-01T05:05:00,717463,50.56669909076361,25.821389698605323,0.0,0.22205078321902139,0.9713420698132614,0.2376858923261731,0.7818314824680298,0.6234898018587336,0.18821117896443573
2026-09-01T05:10:00,717447,60.7724544404694,25.84518239049801,0.0,0.06503916245431685,0.9762960071199334,0.2164396139381029,0.7818314824680298,0.6234898018587336,0.0050766264979208815
2026-09-01T05:10:00,717512,66.93897922976768,25.84518239049801,1.8,0.0,0.9762960071199334,0.2164396139381029,0.7818314824680298,0.6234898018587336,0.036932499793218
2026-09-01T05:10:00,717446,62.11573713099457,25.84518239049801,0.0,0.04437327490777587,0.9762960071199334,0.2164396139381029,0.7818314824680298,0.6234898018587336,0.050183752065045516
2026-09-01T05:10:00,717445,62.487621349301484,25.84518239049801,1.8,0.038651979241515644,0.9762960071199334,0.2164396139381029,0.7818314824680298,0.6234898018587336,0.04264580750593516
2026-09-01T05:10:00,717458,60.086964540812886,25.84518239049801,0.0,0.07558516091057099,0.9762960071199334,0.2164396139381029,0.7818314824680298,0.6234898018587336,0.0661482518306592
2026-09-01T05:10:00,717459,54.80752219506641,25.84518239049801,0.0,0.1568073508451321,0.9762960071199334,0.2164396139381029,0.7818314824680298,0.6234898018587336,0.07038834287175284
2026-09-01T05:10:00,717460,52.78675317165288,25.84518239049801,0.0,0.18789610505149412,0.9762960071199334,0.2164396139381029,0.7818314824680298,0.6234898018587336,0.059129952160254184
2026-09-01T05:10:00,717461,54.97215338473439,25.84518239049801,0.0,0.15427456331177858,0.9762960071199334,0.2164396139381029,0.7818314824680298,0.6234898018587336,0.1703399542315942
2026-09-01T05:10:00,717462,54.01054246440855,25.84518239049801,1.8,0.16906857747063764,0.9762960071199334,0.2164396139381029,0.7818314824680298,0.6234898018587336,0.14605360291412903
2026-09-01T05:10:00,717463,52.80872575467684,25.84518239049801,0.0,0.18755806531266395,0.9762960071199334,0.2164396139381029,0.7818314824680298,0.6234898018587336,0.2091907742998309
2026-09-01T05:15:00,717447,63.60730380609223,25.86730622678472,0.0,0.02142609529088868,0.9807852804032304,0.19509032201612833,0.7818314824680298,0.6234898018587336,0.026756347316026496
2026-09-01T05:15:00,717512,69.60245291042689,25.86730622678472,0.0,0.0,0.9807852804032304,0.19509032201612833,0.7818314824680298,0.6234898018587336,0.03294135782798616
2026-09-01T05:15:00,717446,65.26305932183989,25.86730622678472,0.0,0.0,0.9807852804032304,0.19509032201612833,0.7818314824680298,0.6234898018587336,0.04176325885762985
2026-09-01T05:15:00,717445,61.68857643682392,25.86730622678472,1.8,0.05094497789501662,0.9807852804032304,0.19509032201612833,0.7818314824680298,0.6234898018587336,0.02874178758248595
2026-09-01T05:15:00,717458,59.55740518150219,25.86730622678472,0.0,0.0837322279768894,0.9807852804032304,0.19509032201612833,0.7818314824680298,0.6234898018587336,0.07388946664955913
2026-09-01T05:15:00,717459,58.46054225021484,25.86730622678472,0.0,0.100607042304387,0.9807852804032304,0.19509032201612833,0.7818314824680298,0.6234898018587336,0.08217999804872571
2026-09-01T05:15:00,717460,59.5701291913911,25.86730622678472,0.0,0.08353647397859842,0.9807852804032304,0.19509032201612833,0.7818314824680298,0.6234898018587336,0.11053442039123422
2026-09-01T05:15:00,717461,55.93005921941863,25.86730622678472,0.0,0.13953755047048255,0.9807852804032304,0.19509032201612833,0.7818314824680298,0.6234898018587336,0.18451848033764326
2026-09-01T05:15:00,717462,57.72119198385182,25.86730622678472,0.0,0.11198166178689517,0.9807852804032304,0.19509032201612833,0.7818314824680298,0.6234898018587336,0.15288161797304137
2026-09-01T05:15:00,717463,54.81167438743836,25.86730622678472,0.0,0.15674347096248675,0.9807852804032304,0.19509032201612833,0.7818314824680298,0.6234898018587336,0.21729007271967604
2026-09-01T05:20:00,717447,70.73531131172365,25.88775160545325,1.8,0.0,0.984807753012208,0.17364817766693041,0.7818314824680298,0.6234898018587336,0.028821752581735176
2026-09-01T05:20:00,717512,62.85141831291594,25.88775160545325,1.8,0.033055102878216336,0.984807753012208,0.17364817766693041,0.7818314824680298,0.6234898018587336,0.0
2026-09-01T05:20:00,717446,65.394735647594,25.88775160545325,0.0,0.0,0.984807753012208,0.17364817766693041,0.7818314824680298,0.6234898018587336,0.020904941207770127
2026-09-01T05:20:00,717445,57.75046941600487,25.88775160545325,0.0,0.11153123975377122,0.984807753012208,0.17364817766693041,0.7818314824680298,0.6234898018587336,0.045723446880824824
2026-09-01T05:20:00,717458,57.79888031529405,25.88775160545325,0.0,0.11078645668778386,0.984807753012208,0.17364817766693041,0.7818314824680298,0.6234898018587336,0.07952094213342165
2026-09-01T05:20:00,717459,64.21228125898182,25.88775160545325,0.0,0.012118749861818157,0.984807753012208,0.17364817766693041,0.7818314824680298,0.6234898018587336,0.09993866524255694
2026-09-01T05:20:00,717460,59.880390389447726,25.88775160545325,0.0,0.07876322477772735,0.984807753012208,0.17364817766693041,0.7818314824680298,0.6234898018587336,0.11693493707881504
2026-09-01T05:20:00,717461,57.55723286129928,25.88775160545325,0.0,0.11450410982616488,0.984807753012208,0.17364817766693041,0.7818314824680298,0.6234898018587336,0.1862446486312572
2026-09-01T05:20:00,717462,62.08043395309628,25.88775160545325,0.0,0.04491640072159564,0.984807753012208,0.17364817766693041,0.7818314824680298,0.6234898018587336,0.14989681846824096
2026-09-01T05:20:00,717463,53.49733080628072,25.88775160545325,0.0,0.17696414144183503,0.984807753012208,0.17364817766693041,0.7818314824680298,0.6234898018587336,0.18878410649805735
2026-09-01T05:25:00,717447,67.66404782515082,25.90650965296229,0.0,0.0,0.9883615104677607,0.1521233861899168,0.7818314824680298,0.6234898018587336,0.028821752581735176
2026-09-01T05:25:00,717512,66.708560942958,25.90650965296229,0.0,0.0,0.9883615104677607,0.1521233861899168,0.7818314824680298,0.6234898018587336,0.011018367626072112
2026-09-01T05:25:00,717446,66.84776462318015,25.90650965296229,1.8,0.0,0.9883615104677607,0.1521233861899168,0.7818314824680298,0.6234898018587336,0.01479109163592529
2026-09-01T05:25:00,717445,57.308433847220805,25.90650965296229,0.0,0.1183317869658338,0.9883615104677607,0.1521233861899168,0.7818314824680298,0.6234898018587336,0.06704273229676783
2026-09-01T05:25:00,717458,59.35505498649789,25.90650965296229,0.0,0.08684530790003242,0.9883615104677607,0.1521233861899168,0.7818314824680298,0.6234898018587336,0.09003461519174809
2026-09-01T05:25:00,717459,59.3337572571873,25.90650965296229,0.0,0.0871729652740415,0.9883615104677607,0.1521233861899168,0.7818314824680298,0.6234898018587336,0.08984438100377908
2026-09-01T05:25:00,717460,61.9886038334528,25.90650965296229,0.0,0.04632917179303386,0.9883615104677607,0.1521233861899168,0.7818314824680298,0.6234898018587336,0.11673193460260663
2026-09-01T05:25:00,717461,57.3080729308188,25.90650965296229,0.0,0.11833733952586456,0.9883615104677607,0.1521233861899168,0.7818314824680298,0.6234898018587336,0.13610540786947534
2026-09-01T05:25:00,717462,58.31588149305079,25.90650965296229,0.0,0.1028325924146033,0.9883615104677607,0.1521233861899168,0.7818314824680298,0.6234898018587336,0.10865554665970949
2026-09-01T05:25:00,717463,49.864646580865895,25.90650965296229,0.0,0.23285159106360165,0.9883615104677607,0.1521233861899168,0.7818314824680298,0.6234898018587336,0.17375522590566192
2026-09-01T05:30:00,717447,63.30809060833673,25.923572228092624,0.0,0.026029375256358067,0.9914448613738104,0.1305261922200517,0.7818314824680298,0.6234898018587336,0.00714203176362956
2026-09-01T05:30:00,717512,67.12790155835155,25.923572228092624,1.8,0.0,0.9914448613738104,0.1305261922200517,0.7818314824680298,0.6234898018587336,0.011018367626072112
2026-09-01T05:30:00,717446,61.281565645565095,25.923572228092624,0.0,0.057206682375921636,0.9914448613738104,0.1305261922200517,0.7818314824680298,0.6234898018587336,0.0
2026-09-01T05:30:00,717445,60.6475182611611,25.923572228092624,0.0,0.06696125752059845,0.9914448613738104,0.1305261922200517,0.7818314824680298,0.6234898018587336,0.09360266820487388
2026-09-01T05:30:00,717458,64.18429630809162,25.923572228092624,0.0,0.012549287567821255,0.9914448613738104,0.1305261922200517,0.7818314824680298,0.6234898018587336,0.09378799752156856
2026-09-01T05:30:00,717459,55.659897073461714,25.923572228092624,0.0,0.14369389117751208,0.9914448613738104,0.1305261922200517,0.7818314824680298,0.6234898018587336,0.06663291914674889
2026-09-01T05:30:00,717460,55.08389587534819,25.923572228092624,0.0,0.1525554480715663,0.9914448613738104,0.1305261922200517,0.7818314824680298,0.6234898018587336,0.06954295684978655
2026-09-01T05:30:00,717461,51.83151173819421,25.923572228092624,1.8,0.20259212710470453,0.9914448613738104,0.1305261922200517,0.7818314824680298,0.6234898018587336,0.12412633327417066
2026-09-01T05:30:00,717462,59.5268265988258,25.923572228092624,0.0,0.08420266771037233,0.9914448613738104,0.1305261922200517,0.7818314824680298,0.6234898018587336,0.0865768849743647
2026-09-01T05:30:00,717463,56.4302323864446,25.923572228092624,0.0,0.1318425786700831,0.9914448613738104,0.1305261922200517,0.7818314824680298,0.6234898018587336,0.18885306782264114
2026-09-01T05:35:00,717447,66.97183613022341,25.93893192548054,0.0,0.0,0.9940563382223196,0.10886687485196474,0.7818314824680298,0.6234898018587336,0.008676458418786023
2026-09-01T05:35:00,717512,61.85204551872275,25.93893192548054,0.0,0.048430068942726945,0.9940563382223196,0.10886687485196474,0.7818314824680298,0.6234898018587336,0.011018367626072112
2026-09-01T05:35:00,717446,57.45782226895784,25.93893192548054,0.0,0.11603350355449471,0.9940563382223196,0.10886687485196474,0.7818314824680298,0.6234898018587336,0.019068894125307212
2026-09-01T05:35:00,717445,55.49034342837795,25.93893192548054,0.0,0.14630240879418543,0.9940563382223196,0.10886687485196474,0.7818314824680298,0.6234898018587336,0.09894142808006783
2026-09-01T05:35:00,717458,63.37935812478018,25.93893192548054,0.0,0.024932951926458724,0.9940563382223196,0.10886687485196474,0.7818314824680298,0.6234898018587336,0.07006035071854584
2026-09-01T05:35:00,717459,59.718267029405695,25.93893192548054,0.0,0.08125743031683541,0.9940563382223196,0.10886687485196474,0.7818314824680298,0.6234898018587336,0.08099520210445725
2026-09-01T05:35:00,717460,59.10332543860892,25.93893192548054,0.0,0.09071807017524736,0.9940563382223196,0.10886687485196474,0.7818314824680298,0.6234898018587336,0.0925492815474425
2026-09-01T05:35:00,717461,56.47011394115675,25.93893192548054,0.0,0.13122901628989625,0.9940563382223196,0.10886687485196474,0.7818314824680298,0.6234898018587336,0.145144525485578
2026-09-01T05:35:00,717462,52.16464590264859,25.93893192548054,0.0,0.19746698611309865,0.9940563382223196,0.10886687485196474,0.7818314824680298,0.6234898018587336,0.07731722028219042
2026-09-01T05:35:00,717463,52.3845144386483,25.93893192548054,0.0,0.19408439325156457,0.9940563382223196,0.10886687485196474,0.7818314824680298,0.6234898018587336,0.18055277039183992
2026-09-01T05:40:00,717447,60.8551066018804,25.952582078831828,0.0,0.06376759074030147,0.9961946980917455,0.08715574274765814,0.7818314824680298,0.6234898018587336,0.008676458418786023
2026-09-01T05:40:00,717512,59.31011197168584,25.952582078831828,0.0,0.08753673889714086,0.9961946980917455,0.08715574274765814,0.7818314824680298,0.6234898018587336,0.016143356314242314
2026-09-01T05:40:00,717446,64.17582974134008,25.952582078831828,0.0,0.012679542440921843,0.9961946980917455,0.08715574274765814,0.7818314824680298,0.6234898018587336,0.05774672864347211
2026-09-01T05:40:00,717445,55.50937811246362,25.952582078831828,0.0,0.1460095675005597,0.9961946980917455,0.08715574274765814,0.7818314824680298,0.6234898018587336,0.11053181776020589
2026-09-01T05:40:00,717458,56.07341774271823,25.952582078831828,0.0,0.13733203472741184,0.9961946980917455,0.08715574274765814,0.7818314824680298,0.6234898018587336,0.04144251579810413
2026-09-01T05:40:00,717459,57.14698047334208,25.952582078831828,0.0,0.12081568502550644,0.9961946980917455,0.08715574274765814,0.7818314824680298,0.6234898018587336,0.10404142892279633
2026-09-01T05:40:00,717460,56.93700644177103,25.952582078831828,0.0,0.12404605474198416,0.9961946980917455,0.08715574274765814,0.7818314824680298,0.6234898018587336,0.0965342300132825
2026-09-01T05:40:00,717461,51.41880343857854,25.952582078831828,1.8,0.2089414855603301,0.9961946980917455,0.08715574274765814,0.7818314824680298,0.6234898018587336,0.15071949430682177
2026-09-01T05:40:00,717462,49.44189872273815,25.952582078831828,0.0,0.2393554042655669,0.9961946980917455,0.08715574274765814,0.7818314824680298,0.6234898018587336,0.12816741541269142
2026-09-01T05:40:00,717463,54.34230413721436,25.952582078831828,0.0,0.16396455173516367,0.9961946980917455,0.08715574274765814,0.7818314824680298,0.6234898018587336,0.1862595209950831
2026-09-01T05:45:00,717447,64.25142613004618,25.96451676381505,1.8,0.011516521076212594,0.9978589232386035,0.06540312923014327,0.7818314824680298,0.6234898018587336,0.029932321998886513
2026-09-01T05:45:00,717512,66.47210501777374,25.96451676381505,0.0,0.0,0.9978589232386035,0.06540312923014327,0.7818314824680298,0.6234898018587336,0.04532226927995594
2026-09-01T05:45:00,717446,61.54657623694906,25.96451676381505,0.0,0.05312959635462988,0.9978589232386035,0.06540312923014327,0.7818314824680298,0.6234898018587336,0.06197324279044606
2026-09-01T05:45:00,717445,61.60957781496136,25.96451676381505,0.0,0.05216034130828673,0.9978589232386035,0.06540312923014327,0.7818314824680298,0.6234898018587336,0.11975774460511453
2026-09-01T05:45:00,717458,56.67370866443194,25.96451676381505,0.0,0.12809678977797012,0.9978589232386035,0.06540312923014327,0.7818314824680298,0.6234898018587336,0.05827142474056394
2026-09-01T05:45:00,717459,55.590980975199365,25.96451676381505,0.0,0.14475413884308674,0.9978589232386035,0.06540312923014327,0.7818314824680298,0.6234898018587336,0.11525566883995131
2026-09-01T05:45:00,717460,52.64809402167835,25.96451676381505,0.0,0.19002932274341,0.9978589232386035,0.06540312923014327,0.7818314824680298,0.6234898018587336,0.1224398576629326
2026-09-01T05:45:00,717461,53.10096813446449,25.96451676381505,0.0,0.18306202870054633,0.9978589232386035,0.06540312923014327,0.7818314824680298,0.6234898018587336,0.1809208763183103
2026-09-01T05:45:00,717462,53.09483469297612,25.96451676381505,0.0,0.18315638933882894,0.9978589232386035,0.06540312923014327,0.7818314824680298,0.6234898018587336,0.17367501936301263
2026-09-01T05:45:00,717463,56.52290994587341,25.96451676381505,1.8,0.13041677006348606,0.9978589232386035,0.06540312923014327,0.7818314824680298,0.6234898018587336,0.16329717455227044
2026-09-01T05:50:00,717447,60.79258659378621,25.97473080063275,0.0,0.06472943701867362,0.9990482215818578,0.04361938736533601,0.7818314824680298,0.6234898018587336,0.02509470393883802
2026-09-01T05:50:00,717512,68.53407513688565,25.97473080063275,0.0,0.0,0.9990482215818578,0.04361938736533601,0.7818314824680298,0.6234898018587336,0.04532226927995594
2026-09-01T05:50:00,717446,62.79995839636178,25.97473080063275,0.0,0.033846793902126415,0.9990482215818578,0.04361938736533601,0.7818314824680298,0.6234898018587336,0.06061421411668214
2026-09-01T05:50:00,717445,60.94002504591997,25.97473080063275,1.8,0.062461153139692804,0.9990482215818578,0.04361938736533601,0.7818314824680298,0.6234898018587336,0.11482410586767729
2026-09-01T05:50:00,717458,58.630062169502814,25.97473080063275,0.0,0.09799904354611055,0.9990482215818578,0.04361938736533601,0.7818314824680298,0.6234898018587336,0.09678725881061356
2026-09-01T05:50:00,717459,56.85762174868002,25.97473080063275,0.0,0.1252673577126151,0.9990482215818578,0.04361938736533601,0.7818314824680298,0.6234898018587336,0.1156090847284762
2026-09-01T05:50:00,717460,54.42615239854199,25.97473080063275,0.0,0.16267457848396938,0.9990482215818578,0.04361938736533601,0.7818314824680298,0.6234898018587336,0.13493114922021385
2026-09-01T05:50:00,717461,50.78921881482825,25.97473080063275,0.0,0.21862740284879612,0.9990482215818578,0.04361938736533601,0.7818314824680298,0.6234898018587336,0.17441084351692424
2026-09-01T05:50:00,717462,51.28760404965629,25.97473080063275,0.0,0.21095993769759558,0.9990482215818578,0.04361938736533601,0.7818314824680298,0.6234898018587336,0.20665959323916483
2026-09-01T05:50:00,717463,57.41597816989768,25.97473080063275,0.0,0.11667725892465108,0.9990482215818578,0.04361938736533601,0.7818314824680298,0.6234898018587336,0.1628219050167381
2026-09-01T05:55:00,717447,64.68019598594144,25.98321975626957,0.0,0.004920061754747129,0.9997620270799091,0.021814885034560937,0.7818314824680298,0.6234898018587336,0.04667118294506256
2026-09-01T05:55:00,717512,66.65843661777122,25.98321975626957,1.8,0.0,0.9997620270799091,0.021814885034560937,0.7818314824680298,0.6234898018587336,0.02917891296571362
2026-09-01T05:55:00,717446,58.82820400653968,25.98321975626957,0.0,0.09495070759169721,0.9997620270799091,0.021814885034560937,0.7818314824680298,0.6234898018587336,0.03321864423255938
2026-09-01T05:55:00,717445,56.328976556307005,25.98321975626957,0.0,0.13340036067219996,0.9997620270799091,0.021814885034560937,0.7818314824680298,0.6234898018587336,0.08687702064951308
2026-09-01T05:55:00,717458,58.275497153163286,25.98321975626957,1.8,0.10345388995133409,0.9997620270799091,0.021814885034560937,0.7818314824680298,0.6234898018587336,0.12114262268383084
2026-09-01T05:55:00,717459,54.66332705520968,25.98321975626957,0.0,0.15902573761215877,0.9997620270799091,0.021814885034560937,0.7818314824680298,0.6234898018587336,0.13027906052706942
2026-09-01T05:55:00,717460,56.47460448375784,25.98321975626957,0.0,0.13115993101911017,0.9997620270799091,0.021814885034560937,0.7818314824680298,0.6234898018587336,0.15891665198978785
2026-09-01T05:55:00,717461,49.90555980977472,25.98321975626957,0.0,0.23222215677269653,0.9997620270799091,0.021814885034560937,0.7818314824680298,0.6234898018587336,0.2035436390365575
2026-09-01T05:55:00,717462,47.39203982067124,25.98321975626957,0.0,0.27089169506659627,0.9997620270799091,0.021814885034560937,0.7818314824680298,0.6234898018587336,0.21115724376733047
2026-09-01T05:55:00,717463,53.295416457928326,25.98321975626957,0.0,0.18007051603187196,0.9997620270799091,0.021814885034560937,0.7818314824680298,0.6234898018587336,0.13701952690776695
2026-09-01T06:00:00,717447,67.61673095076408,25.989979946416216,0.0,0.0,1.0,6.123233995736766e-17,0.7818314824680298,0.6234898018587336,0.027055339949877782
2026-09-01T06:00:00,717512,62.6560708183491,25.989979946416216,1.8,0.036060448948475377,1.0,6.123233995736766e-17,0.7818314824680298,0.6234898018587336,0.0
2026-09-01T06:00:00,717446,61.87399452781613,25.989979946416216,0.0,0.048092391879751895,1.0,6.123233995736766e-17,0.7818314824680298,0.6234898018587336,0.0606423659494845
2026-09-01T06:00:00,717445,59.2270299644882,25.989979946416216,0.0,0.08881492362325838,1.0,6.123233995736766e-17,0.7818314824680298,0.6234898018587336,0.08267395170672649
2026-09-01T06:00:00,717458,58.3070962623592,25.989979946416216,1.8,0.10296774980985846,1.0,6.123233995736766e-17,0.7818314824680298,0.6234898018587336,0.10984990775847159
2026-09-01T06:00:00,717459,52.357870299536025,25.989979946416216,0.0,0.19449430308406113,1.0,6.123233995736766e-17,0.7818314824680298,0.6234898018587336,0.1430157447226202
2026-09-01T06:00:00,717460,53.19242396248167,25.989979946416216,0.0,0.18165501596182043,1.0,6.123233995736766e-17,0.7818314824680298,0.6234898018587336,0.16128794408216318
2026-09-01T06:00:00,717461,57.90729331588228,25.989979946416216,0.0,0.10911856437104184,1.0,6.123233995736766e-17,0.7818314824680298,0.6234898018587336,0.211303862774013
2026-09-01T06:00:00,717462,49.72207549623322,25.989979946416216,0.0,0.2350449923656428,1.0,6.123233995736766e-17,0.7818314824680298,0.6234898018587336,0.22166934070100694
2026-09-01T06:00:00,717463,50.84978844116656,25.989979946416216,0.0,0.21769556244359134,1.0,6.123233995736766e-17,0.7818314824680298,0.6234898018587336,0.14238818167333636
2026-09-01T06:05:00,717447,65.81073107940087,25.995008437068517,0.0,0.0,0.9997620270799091,-0.02181488503456081,0.7818314824680298,0.6234898018587336,0.02321649959114025
2026-09-01T06:05:00,717512,61.39658872038303,25.995008437068517,0.0,0.05543709660949181,0.9997620270799091,-0.02181488503456081,0.7818314824680298,0.6234898018587336,0.012020149649491793
2026-09-01T06:05:00,717446,60.34758532893342,25.995008437068517,1.8,0.0715756103241012,0.9997620270799091,-0.02181488503456081,0.7818314824680298,0.6234898018587336,0.05896329779119184
2026-09-01T06:05:00,717445,57.644088586855815,25.995008437068517,0.0,0.11316786789452593,0.9997620270799091,-0.02181488503456081,0.7818314824680298,0.6234898018587336,0.09489214581171705
2026-09-01T06:05:00,717458,59.4957640095291,25.995008437068517,1.8,0.08468055369955241,0.9997620270799091,-0.02181488503456081,0.7818314824680298,0.6234898018587336,0.10147356110243437
2026-09-01T06:05:00,717459,59.04154492984708,25.995008437068517,0.0,0.09166853954081422,0.9997620270799091,-0.02181488503456081,0.7818314824680298,0.6234898018587336,0.15959579946961167
2026-09-01T06:05:00,717460,52.61346959793947,25.995008437068517,1.8,0.19056200618554664,0.9997620270799091,-0.02181488503456081,0.7818314824680298,0.6234898018587336,0.1584965084883
2026-09-01T06:05:00,717461,49.77773911878999,25.995008437068517,0.0,0.23418862894169246,0.9997620270799091,-0.02181488503456081,0.7818314824680298,0.6234898018587336,0.18665604133084482
2026-09-01T06:05:00,717462,47.06282186015343,25.995008437068517,0.0,0.2759565867668704,0.9997620270799091,-0.02181488503456081,0.7818314824680298,0.6234898018587336,0.23896554170994488
2026-09-01T06:05:00,717463,52.89541196020095,25.995008437068517,0.0,0.18622443138152378,0.9997620270799091,-0.02181488503456081,0.7818314824680298,0.6234898018587336,0.1714811124667048
2026-09-01T06:10:00,717447,62.85191517270671,25.998303045800768,0.0,0.03304745888143523,0.9990482215818578,-0.04361938736533589,0.7818314824680298,0.6234898018587336,0.0016400205849157097
2026-09-01T06:10:00,717512,67.96517791141218,25.998303045800768,0.0,0.0,0.9990482215818578,-0.04361938736533589,0.7818314824680298,0.6234898018587336,0.030499181852655727
2026-09-01T06:10:00,717446,59.531667434756514,25.998303045800768,0.0,0.08412819331143828,0.9990482215818578,-0.04361938736533589,0.7818314824680298,0.6234898018587336,0.07153956993185011
2026-09-01T06:10:00,717445,57.78951039954038,25.998303045800768,0.0,0.11093060923784026,0.9990482215818578,-0.04361938736533589,0.7818314824680298,0.6234898018587336,0.11179438406332809
2026-09-01T06:10:00,717458,57.68835630132953,25.998303045800768,0.0,0.11248682613339189,0.9990482215818578,-0.04361938736533589,0.7818314824680298,0.6234898018587336,0.09703406448691498
2026-09-01T06:10:00,717459,56.651272777701855,25.998303045800768,0.0,0.12844195726612528,0.9990482215818578,-0.04361938736533589,0.7818314824680298,0.6234898018587336,0.1483961934123447
2026-09-01T06:10:00,717460,53.96130008902759,25.998303045800768,0.0,0.16982615247649868,0.9990482215818578,-0.04361938736533589,0.7818314824680298,0.6234898018587336,0.16779231772215908
2026-09-01T06:10:00,717461,51.01894388063528,25.998303045800768,0.0,0.21509317106714954,0.9990482215818578,-0.04361938736533589,0.7818314824680298,0.6234898018587336,0.19184311669514362
2026-09-01T06:10:00,717462,52.1707228312212,25.998303045800768,0.0,0.19737349490428924,0.9990482215818578,-0.04361938736533589,0.7818314824680298,0.6234898018587336,0.26063109139970314
2026-09-01T06:10:00,717463,50.858822369181205,25.998303045800768,0.0,0.21755657893567382,0.9990482215818578,-0.04361938736533589,0.7818314824680298,0.6234898018587336,0.19466350328566237
2026-09-01T06:15:00,717447,61.06409921052053,25.999862342712994,0.0,0.060552319838145685,0.9978589232386035,-0.06540312923014314,0.7818314824680298,0.6234898018587336,0.011015819627145077
2026-09-01T06:15:00,717512,62.39247898435682,25.999862342712994,0.0,0.04011570793297203,0.9978589232386035,-0.06540312923014314,0.7818314824680298,0.6234898018587336,0.030499181852655727
2026-09-01T06:15:00,717446,58.77023794628611,25.999862342712994,0.0,0.0958424931340599,0.9978589232386035,-0.06540312923014314,0.7818314824680298,0.6234898018587336,0.0679320651717638
2026-09-01T06:15:00,717445,53.60367138970548,25.999862342712994,1.8,0.1753281324660695,0.9978589232386035,-0.06540312923014314,0.7818314824680298,0.6234898018587336,0.10430446691854152
2026-09-01T06:15:00,717458,54.51064348027812,25.999862342712994,1.8,0.16137471568802897,0.9978589232386035,-0.06540312923014314,0.7818314824680298,0.6234898018587336,0.10004504321426759
2026-09-01T06:15:00,717459,54.57826617779963,25.999862342712994,1.8,0.16033436649539035,0.9978589232386035,-0.06540312923014314,0.7818314824680298,0.6234898018587336,0.13820159996366688
2026-09-01T06:15:00,717460,54.109129861447286,25.999862342712994,0.0,0.16755184828542635,0.9978589232386035,-0.06540312923014314,0.7818314824680298,0.6234898018587336,0.18068105820795524
2026-09-01T06:15:00,717461,54.32825834982616,25.999862342712994,0.0,0.1641806407719053,0.9978589232386035,-0.06540312923014314,0.7818314824680298,0.6234898018587336,0.1861334547932946
2026-09-01T06:15:00,717462,51.732603331186326,25.999862342712994,0.0,0.20411379490482573,0.9978589232386035,-0.06540312923014314,0.7818314824680298,0.6234898018587336,0.23612502467893415
2026-09-01T06:15:00,717463,44.41278038769436,25.999862342712994,1.8,0.31672645557393286,0.9978589232386035,-0.06540312923014314,0.7818314824680298,0.6234898018587336,0.20715885758692965
2026-09-01T06:20:00,717447,56.8977257926493,25.9996856510515,0.0,0.12465037242078003,0.9961946980917455,-0.08715574274765801,0.7818314824680298,0.6234898018587336,0.031199926239860305
2026-09-01T06:20:00,717512,61.12659621116124,25.9996856510515,0.0,0.0595908275205963,0.9961946980917455,-0.08715574274765801,0.7818314824680298,0.6234898018587336,0.031850934847487945
2026-09-01T06:20:00,717446,57.486481408382005,25.9996856510515,1.8,0.11559259371719988,0.9961946980917455,-0.08715574274765801,0.7818314824680298,0.6234898018587336,0.08384876558986647
2026-09-01T06:20:00,717445,61.39898843172248,25.9996856510515,0.0,0.055400177973500275,0.9961946980917455,-0.08715574274765801,0.7818314824680298,0.6234898018587336,0.13314220319947856
2026-09-01T06:20:00,717458,56.172812392778965,25.9996856510515,0.0,0.13580288626493897,0.9961946980917455,-0.08715574274765801,0.7818314824680298,0.6234898018587336,0.11951403184032443
2026-09-01T06:20:00,717459,53.51555210781852,25.9996856510515,0.0,0.17668381372586894,0.9961946980917455,-0.08715574274765801,0.7818314824680298,0.6234898018587336,0.12681495443410995
2026-09-01T06:20:00,717460,51.48660203054981,25.9996856510515,0.0,0.20789843029923372,0.9961946980917455,-0.08715574274765801,0.7818314824680298,0.6234898018587336,0.1759800023158239
2026-09-01T06:20:00,717461,51.219400961708246,25.9996856510515,1.8,0.21200921597371924,0.9961946980917455,-0.08715574274765801,0.7818314824680298,0.6234898018587336,0.2044874802602491
2026-09-01T06:20:00,717462,51.40853196432222,25.9996856510515,0.0,0.2090995082411966,0.9961946980917455,-0.08715574274765801,0.7818314824680298,0.6234898018587336,0.22581462552532847
2026-09-01T06:20:00,717463,49.73594808163288,25.9996856510515,0.0,0.2348315679748788,0.9961946980917455,-0.08715574274765801,0.7818314824680298,0.6234898018587336,0.2401691552970435
2026-09-01T06:25:00,717447,62.69468637063352,25.997773047502594,0.0,0.03546636352871513,0.9940563382223196,-0.10886687485196461,0.7818314824680298,0.6234898018587336,0.07275005038012032
2026-09-01T06:25:00,717512,54.19133005895984,25.997773047502594,0.0,0.16628722986215627,0.9940563382223196,-0.10886687485196461,0.7818314824680298,0.6234898018587336,0.03323551181785611
2026-09-01T06:25:00,717446,53.34538786906328,25.997773047502594,0.0,0.17930172509133413,0.9940563382223196,-0.10886687485196461,0.7818314824680298,0.6234898018587336,0.09852109338756602
2026-09-01T06:25:00,717445,55.57172775863149,25.997773047502594,0.0,0.1450503421749002,0.9940563382223196,-0.10886687485196461,0.7818314824680298,0.6234898018587336,0.11388630655913667
2026-09-01T06:25:00,717458,56.67041214892391,25.997773047502594,0.0,0.1281475054011706,0.9940563382223196,-0.10886687485196461,0.7818314824680298,0.6234898018587336,0.13655480936211994
2026-09-01T06:25:00,717459,56.12348944521749,25.997773047502594,1.8,0.13656170084280794,0.9940563382223196,-0.10886687485196461,0.7818314824680298,0.6234898018587336,0.15515337916246152
2026-09-01T06:25:00,717460,50.916492762129394,25.997773047502594,1.8,0.21666934212108624,0.9940563382223196,-0.10886687485196461,0.7818314824680298,0.6234898018587336,0.18175881035371957
2026-09-01T06:25:00,717461,43.672897087874816,25.997773047502594,0.0,0.32810927557115666,0.9940563382223196,-0.10886687485196461,0.7818314824680298,0.6234898018587336,0.19709434260425804
2026-09-01T06:25:00,717462,48.607290619552096,25.997773047502594,0.0,0.25219552892996777,0.9940563382223196,-0.10886687485196461,0.7818314824680298,0.6234898018587336,0.2035289326834372
2026-09-01T06:25:00,717463,50.22143598051719,25.997773047502594,0.0,0.22736252337665863,0.9940563382223196,-0.10886687485196461,0.7818314824680298,0.6234898018587336,0.25637153416149516
2026-09-01T06:30:00,717447,59.04859730113734,25.994125362159327,1.8,0.09156004152096398,0.9914448613738104,-0.1305261922200516,0.7818314824680298,0.6234898018587336,0.07355635192921361
2026-09-01T06:30:00,717512,59.63240134745959,25.994125362159327,0.0,0.082578440808314,0.9914448613738104,-0.1305261922200516,0.7818314824680298,0.6234898018587336,0.08866458843857487
2026-09-01T06:30:00,717446,60.28424135364981,25.994125362159327,1.8,0.07255013302077218,0.9914448613738104,-0.1305261922200516,0.7818314824680298,0.6234898018587336,0.13024560398086463
2026-09-01T06:30:00,717445,55.01893812957542,25.994125362159327,0.0,0.15355479800653205,0.9914448613738104,-0.1305261922200516,0.7818314824680298,0.6234898018587336,0.12525955087149
2026-09-01T06:30:00,717458,52.9646800950818,25.994125362159327,0.0,0.18515876776797224,0.9914448613738104,-0.1305261922200516,0.7818314824680298,0.6234898018587336,0.14177503578471284
2026-09-01T06:30:00,717459,50.440118706575625,25.994125362159327,0.0,0.22399817374499043,0.9914448613738104,-0.1305261922200516,0.7818314824680298,0.6234898018587336,0.15785996035468908
2026-09-01T06:30:00,717460,47.77882341986226,25.994125362159327,0.0,0.2649411781559652,0.9914448613738104,-0.1305261922200516,0.7818314824680298,0.6234898018587336,0.19737320690191543
2026-09-01T06:30:00,717461,45.85384265502611,25.994125362159327,0.0,0.2945562668457522,0.9914448613738104,-0.1305261922200516,0.7818314824680298,0.6234898018587336,0.23476637743892706
2026-09-01T06:30:00,717462,47.48730863267658,25.994125362159327,0.0,0.26942602103574487,0.9914448613738104,-0.1305261922200516,0.7818314824680298,0.6234898018587336,0.22180294402533005
2026-09-01T06:30:00,717463,51.41424091084456,25.994125362159327,0.0,0.20901167829469902,0.9914448613738104,-0.1305261922200516,0.7818314824680298,0.6234898018587336,0.2596401823084901
2026-09-01T06:35:00,717447,60.30471984512153,25.988744178161195,1.8,0.07223507930582262,0.9883615104677607,-0.1521233861899167,0.7818314824680298,0.6234898018587336,0.0838922591568197
2026-09-01T06:35:00,717512,55.60720800666661,25.988744178161195,0.0,0.14450449220512906,0.9883615104677607,-0.1521233861899167,0.7818314824680298,0.6234898018587336,0.10281883273035552
2026-09-01T06:35:00,717446,62.34286687090023,25.988744178161195,0.0,0.040878971216919524,0.9883615104677607,-0.1521233861899167,0.7818314824680298,0.6234898018587336,0.12248148394310206
2026-09-01T06:35:00,717445,52.85379746209371,25.988744178161195,0.0,0.18686465442932754,0.9883615104677607,-0.1521233861899167,0.7818314824680298,0.6234898018587336,0.11800177271831085
2026-09-01T06:35:00,717458,57.37616609930012,25.988744178161195,1.8,0.11728975231845962,0.9883615104677607,-0.1521233861899167,0.7818314824680298,0.6234898018587336,0.14970305314469393
2026-09-01T06:35:00,717459,56.95547582128428,25.988744178161195,0.0,0.12376191044178031,0.9883615104677607,-0.1521233861899167,0.7818314824680298,0.6234898018587336,0.1790812294378891
2026-09-01T06:35:00,717460,52.45085865992107,25.988744178161195,0.0,0.19306371292429125,0.9883615104677607,-0.1521233861899167,0.7818314824680298,0.6234898018587336,0.2298363168587617
2026-09-01T06:35:00,717461,47.83779612184741,25.988744178161195,0.0,0.2640339058177321,0.9883615104677607,-0.1521233861899167,0.7818314824680298,0.6234898018587336,0.2782249194635427
2026-09-01T06:35:00,717462,47.5749775771674,25.988744178161195,1.8,0.26807726804357845,0.9883615104677607,-0.1521233861899167,0.7818314824680298,0.6234898018587336,0.24357368606896976
2026-09-01T06:35:00,717463,48.02498314869845,25.988744178161195,1.8,0.2611541054046391,0.9883615104677607,-0.1521233861899167,0.7818314824680298,0.6234898018587336,0.2237352565487455
2026-09-01T06:40:00,717447,53.333599729988784,25.98163183100706,0.0,0.17948308107709565,0.984807753012208,-0.1736481776669303,0.7818314824680298,0.6234898018587336,0.06642049478516725
2026-09-01T06:40:00,717512,53.26013648304592,25.98163183100706,0.0,0.18061328487621664,0.984807753012208,-0.1736481776669303,0.7818314824680298,0.6234898018587336,0.1311233876251998
2026-09-01T06:40:00,717446,51.83424565053206,25.98163183100706,0.0,0.2025500669148914,0.984807753012208,-0.1736481776669303,0.7818314824680298,0.6234898018587336,0.09757694310967528
2026-09-01T06:40:00,717445,55.38493685615973,25.98163183100706,1.8,0.1479240483667733,0.984807753012208,-0.1736481776669303,0.7818314824680298,0.6234898018587336,0.16182326487025325
2026-09-01T06:40:00,717458,56.13209106256687,25.98163183100706,0.0,0.13642936826820196,0.984807753012208,-0.1736481776669303,0.7818314824680298,0.6234898018587336,0.14353200849586747
2026-09-01T06:40:00,717459,53.53183853057308,25.98163183100706,1.8,0.17643325337579874,0.984807753012208,-0.1736481776669303,0.7818314824680298,0.6234898018587336,0.16144059500985955
2026-09-01T06:40:00,717460,53.163121655995326,25.98163183100706,0.0,0.182105820676995,0.984807753012208,-0.1736481776669303,0.7818314824680298,0.6234898018587336,0.22489141106711422
2026-09-01T06:40:00,717461,46.70459333286949,25.98163183100706,0.0,0.2814677948789309,0.984807753012208,-0.1736481776669303,0.7818314824680298,0.6234898018587336,0.29556648274488034
2026-09-01T06:40:00,717462,46.80693908205146,25.98163183100706,0.0,0.279893244891516,0.984807753012208,-0.1736481776669303,0.7818314824680298,0.6234898018587336,0.2632329393364304
2026-09-01T06:40:00,717463,45.82247954921274,25.98163183100706,0.0,0.29503877616595786,0.984807753012208,-0.1736481776669303,0.7818314824680298,0.6234898018587336,0.23250943569199892
2026-09-01T06:45:00,717447,57.77525058178149,25.9727914075415,1.8,0.1111499910495155,0.9807852804032304,-0.1950903220161282,0.7818314824680298,0.6234898018587336,0.11442606730129408
2026-09-01T06:45:00,717512,61.70259430023992,25.9727914075415,0.0,0.05072931845784734,0.9807852804032304,-0.1950903220161282,0.7818314824680298,0.6234898018587336,0.13589873929655324
2026-09-01T06:45:00,717446,52.07703257439624,25.9727914075415,0.0,0.1988148834708271,0.9807852804032304,-0.1950903220161282,0.7818314824680298,0.6234898018587336,0.10532639038419438
2026-09-01T06:45:00,717445,55.591107649780376,25.9727914075415,0.0,0.1447521900033788,0.9807852804032304,-0.1950903220161282,0.7818314824680298,0.6234898018587336,0.16278116693421096
2026-09-01T06:45:00,717458,56.19299254477427,25.9727914075415,0.0,0.13549242238808812,0.9807852804032304,-0.1950903220161282,0.7818314824680298,0.6234898018587336,0.14629262945154461
2026-09-01T06:45:00,717459,51.93109453440554,25.9727914075415,0.0,0.20106008408606868,0.9807852804032304,-0.1950903220161282,0.7818314824680298,0.6234898018587336,0.1747311125208565
2026-09-01T06:45:00,717460,48.11272907690801,25.9727914075415,0.0,0.2598041680475691,0.9807852804032304,-0.1950903220161282,0.7818314824680298,0.6234898018587336,0.21337023725241713
2026-09-01T06:45:00,717461,45.48995826351965,25.9727914075415,0.0,0.30015448825354385,0.9807852804032304,-0.1950903220161282,0.7818314824680298,0.6234898018587336,0.2800193225141384
2026-09-01T06:45:00,717462,43.67315968347357,25.9727914075415,0.0,0.3281052356388682,0.9807852804032304,-0.1950903220161282,0.7818314824680298,0.6234898018587336,0.27246551132361313
2026-09-01T06:45:00,717463,39.70851749740866,25.9727914075415,0.0,0.38909973080909754,0.9807852804032304,-0.1950903220161282,0.7818314824680298,0.6234898018587336,0.25506818662176534
2026-09-01T06:50:00,717447,54.70734423586144,25.962226744615087,0.0,0.15834855021751626,0.9762960071199334,-0.2164396139381028,0.7818314824680298,0.6234898018587336,0.12095605047747793
2026-09-01T06:50:00,717512,53.34066520695199,25.962226744615087,0.0,0.17937438143150786,0.9762960071199334,-0.2164396139381028,0.7818314824680298,0.6234898018587336,0.12528236517973101
2026-09-01T06:50:00,717446,55.55252557169799,25.962226744615087,0.0,0.14534576043541547,0.9762960071199334,-0.2164396139381028,0.7818314824680298,0.6234898018587336,0.1474146405342127
2026-09-01T06:50:00,717445,50.02187279091194,25.962226744615087,0.0,0.2304327262936624,0.9762960071199334,-0.2164396139381028,0.7818314824680298,0.6234898018587336,0.15984696426649322
2026-09-01T06:50:00,717458,50.06973996525952,25.962226744615087,0.0,0.22969630822677656,0.9762960071199334,-0.2164396139381028,0.7818314824680298,0.6234898018587336,0.12973718099158324
2026-09-01T06:50:00,717459,50.21884495808366,25.962226744615087,0.0,0.22740238526025147,0.9762960071199334,-0.2164396139381028,0.7818314824680298,0.6234898018587336,0.16708508263454924
2026-09-01T06:50:00,717460,49.64402996153351,25.962226744615087,0.0,0.23624569289948438,0.9762960071199334,-0.2164396139381028,0.7818314824680298,0.6234898018587336,0.21165790054961844
2026-09-01T06:50:00,717461,49.17573846476821,25.962226744615087,0.0,0.24345017746510444,0.9762960071199334,-0.2164396139381028,0.7818314824680298,0.6234898018587336,0.28188539631673565
2026-09-01T06:50:00,717462,46.31416978272988,25.962226744615087,0.0,0.28747431103492493,0.9762960071199334,-0.2164396139381028,0.7818314824680298,0.6234898018587336,0.2920252495246542
2026-09-01T06:50:00,717463,40.68060926275122,25.962226744615087,0.0,0.3741444728807505,0.9762960071199334,-0.2164396139381028,0.7818314824680298,0.6234898018587336,0.31509753745989816
2026-09-01T06:55:00,717447,55.46843892982773,25.949942427419156,0.0,0.1466394010795734,0.9713420698132614,-0.23768589232617318,0.7818314824680298,0.6234898018587336,0.1496605407813758
2026-09-01T06:55:00,717512,51.11530439319432,25.949942427419156,0.0,0.2136107016431643,0.9713420698132614,-0.23768589232617318,0.7818314824680298,0.6234898018587336,0.13690566158852394
2026-09-01T06:55:00,717446,55.58422428887072,25.949942427419156,0.0,0.14485808786352738,0.9713420698132614,-0.23768589232617318,0.7818314824680298,0.6234898018587336,0.18223690360704467
2026-09-01T06:55:00,717445,50.73318980477799,25.949942427419156,0.0,0.2194893876188001,0.9713420698132614,-0.23768589232617318,0.7818314824680298,0.6234898018587336,0.17436965488793818
2026-09-01T06:55:00,717458,50.19163461303552,25.949942427419156,0.0,0.22782100595329968,0.9713420698132614,-0.23768589232617318,0.7818314824680298,0.6234898018587336,0.1672060329610222
2026-09-01T06:55:00,717459,56.07442441711099,25.949942427419156,0.0,0.13731654742906174,0.9713420698132614,-0.23768589232617318,0.7818314824680298,0.6234898018587336,0.20163190757403962
2026-09-01T06:55:00,717460,49.32939993788341,25.949942427419156,0.0,0.24108615480179374,0.9713420698132614,-0.23768589232617318,0.7818314824680298,0.6234898018587336,0.22605189387468283
2026-09-01T06:55:00,717461,47.01285022921815,25.949942427419156,0.0,0.2767253810889515,0.9713420698132614,-0.23768589232617318,0.7818314824680298,0.6234898018587336,0.2750241535325264
2026-09-01T06:55:00,717462,44.25400712261848,25.949942427419156,1.8,0.3191691211904849,0.9713420698132614,-0.23768589232617318,0.7818314824680298,0.6234898018587336,0.2984909305217697
2026-09-01T06:55:00,717463,39.79648036570171,25.949942427419156,0.0,0.3877464559122814,0.9713420698132614,-0.23768589232617318,0.7818314824680298,0.6234898018587336,0.35276099328526866
2026-09-01T07:00:00,717447,52.48076768072939,25.93594378749575,0.0,0.19260357414262474,0.9659258262890683,-0.25881904510252063,0.7818314824680298,0.6234898018587336,0.13871264744886838
2026-09-01T07:00:00,717512,49.356276089959565,25.93594378749575,0.0,0.24067267553908367,0.9659258262890683,-0.25881904510252063,0.7818314824680298,0.6234898018587336,0.14790480051083985
2026-09-01T07:00:00,717446,55.717550965641685,25.93594378749575,0.0,0.14280690822089714,0.9659258262890683,-0.25881904510252063,0.7818314824680298,0.6234898018587336,0.16300624392325666
2026-09-01T07:00:00,717445,50.69185204205641,25.93594378749575,0.0,0.22012535319913218,0.9659258262890683,-0.25881904510252063,0.7818314824680298,0.6234898018587336,0.1982247679719471
2026-09-01T07:00:00,717458,51.89773191252442,25.93594378749575,0.0,0.20157335519193198,0.9659258262890683,-0.25881904510252063,0.7818314824680298,0.6234898018587336,0.19766991218938812
2026-09-01T07:00:00,717459,45.27848873962933,25.93594378749575,1.8,0.3034078655441641,0.9659258262890683,-0.25881904510252063,0.7818314824680298,0.6234898018587336,0.18859300559179396
2026-09-01T07:00:00,717460,43.553142513340745,25.93594378749575,0.0,0.3299516536409116,0.9659258262890683,-0.25881904510252063,0.7818314824680298,0.6234898018587336,0.24571200524961576
2026-09-01T07:00:00,717461,46.65267875411904,25.93594378749575,0.0,0.2822664807058609,0.9659258262890683,-0.25881904510252063,0.7818314824680298,0.6234898018587336,0.2734433489358666
2026-09-01T07:00:00,717462,40.84536091918117,25.93594378749575,0.0,0.37160983201259745,0.9659258262890683,-0.25881904510252063,0.7818314824680298,0.6234898018587336,0.3115828892880927
2026-09-01T07:00:00,717463,40.99546255161724,25.93594378749575,0.0,0.3693005761289656,0.9659258262890683,-0.25881904510252063,0.7818314824680298,0.6234898018587336,0.38366355320070983
2026-09-01T07:05:00,717447,57.07447667299751,25.920236900423696,0.0,0.12193112810773055,0.9600498543859287,-0.2798290140309919,0.7818314824680298,0.6234898018587336,0.16586384181323813
2026-09-01T07:05:00,717512,49.49467656245349,25.920236900423696,0.0,0.2385434375007155,0.9600498543859287,-0.2798290140309919,0.7818314824680298,0.6234898018587336,0.21121925287125196
2026-09-01T07:05:00,717446,45.23848792049821,25.920236900423696,0.0,0.304023262761566,0.9600498543859287,-0.2798290140309919,0.7818314824680298,0.6234898018587336,0.14433691883994668
2026-09-01T07:05:00,717445,43.01115868335497,25.920236900423696,1.8,0.33828986640992353,0.9600498543859287,-0.2798290140309919,0.7818314824680298,0.6234898018587336,0.2233491557038649
2026-09-01T07:05:00,717458,42.51661617558702,25.920236900423696,0.0,0.3458982126832767,0.9600498543859287,-0.2798290140309919,0.7818314824680298,0.6234898018587336,0.2196968897906694
2026-09-01T07:05:00,717459,49.681337429578846,25.920236900423696,1.8,0.23567173185263313,0.9600498543859287,-0.2798290140309919,0.7818314824680298,0.6234898018587336,0.22270893274449244
2026-09-01T07:05:00,717460,43.038010681619966,25.920236900423696,0.0,0.3378767587443082,0.9600498543859287,-0.2798290140309919,0.7818314824680298,0.6234898018587336,0.2690945004473966
2026-09-01T07:05:00,717461,51.168182976302056,25.920236900423696,1.8,0.21279718497996836,0.9600498543859287,-0.2798290140309919,0.7818314824680298,0.6234898018587336,0.26748067975330564
2026-09-01T07:05:00,717462,46.91991497700092,25.920236900423696,0.0,0.2781551541999858,0.9600498543859287,-0.2798290140309919,0.7818314824680298,0.6234898018587336,0.3260844214126691
2026-09-01T07:05:00,717463,47.11186378377467,25.920236900423696,0.0,0.2752020956342358,0.9600498543859287,-0.2798290140309919,0.7818314824680298,0.6234898018587336,0.37706383497399915
2026-09-01T07:10:00,717447,53.707564364496335,25.902828583181726,0.0,0.17372977900774866,0.9537169507482269,-0.30070579950427295,0.7818314824680298,0.6234898018587336,0.15372470110997624
2026-09-01T07:10:00,717512,51.2129576346655,25.902828583181726,0.0,0.21210834408206924,0.9537169507482269,-0.30070579950427295,0.7818314824680298,0.6234898018587336,0.23094227156098782
2026-09-01T07:10:00,717446,45.78078013679503,25.902828583181726,1.8,0.2956803055877688,0.9537169507482269,-0.30070579950427295,0.7818314824680298,0.6234898018587336,0.19722941961533016
2026-09-01T07:10:00,717445,47.025253414829095,25.902828583181726,0.0,0.2765345628487832,0.9537169507482269,-0.30070579950427295,0.7818314824680298,0.6234898018587336,0.2593015357426186
2026-09-01T07:10:00,717458,47.9245391294321,25.902828583181726,0.0,0.262699398008737,0.9537169507482269,-0.30070579950427295,0.7818314824680298,0.6234898018587336,0.2584308579428361
2026-09-01T07:10:00,717459,47.50129241277348,25.902828583181726,0.0,0.2692108859573311,0.9537169507482269,-0.30070579950427295,0.7818314824680298,0.6234898018587336,0.22546538160861965
2026-09-01T07:10:00,717460,40.01030944466143,25.902828583181726,0.0,0.38445677777443954,0.9537169507482269,-0.30070579950427295,0.7818314824680298,0.6234898018587336,0.3029715223956712
2026-09-01T07:10:00,717461,41.6543984092228,25.902828583181726,0.0,0.35916310139657226,0.9537169507482269,-0.30070579950427295,0.7818314824680298,0.6234898018587336,0.2572630155915936
2026-09-01T07:10:00,717462,40.78733472953385,25.902828583181726,0.0,0.3725025426225561,0.9537169507482269,-0.30070579950427295,0.7818314824680298,0.6234898018587336,0.32297803580102274
2026-09-01T07:10:00,717463,39.4701342619121,25.902828583181726,0.0,0.39276716520135224,0.9537169507482269,-0.30070579950427295,0.7818314824680298,0.6234898018587336,0.34408304255849426
2026-09-01T07:15:00,717447,46.27104274283191,25.883726391189803,0.0,0.2881378039564322,0.9469301294951057,-0.3214394653031616,0.7818314824680298,0.6234898018587336,0.16275482708603464
2026-09-01T07:15:00,717512,53.70588091482208,25.883726391189803,0.0,0.17375567823350646,0.9469301294951057,-0.3214394653031616,0.7818314824680298,0.6234898018587336,0.23044148570728948
2026-09-01T07:15:00,717446,46.26415091927002,25.883726391189803,0.0,0.2882438320112304,0.9469301294951057,-0.3214394653031616,0.7818314824680298,0.6234898018587336,0.2475034921900773
2026-09-01T07:15:00,717445,42.86528550564908,25.883726391189803,0.0,0.3405340691438603,0.9469301294951057,-0.3214394653031616,0.7818314824680298,0.6234898018587336,0.27831659415261295
2026-09-01T07:15:00,717458,50.19736213362335,25.883726391189803,0.0,0.22773289025194843,0.9469301294951057,-0.3214394653031616,0.7818314824680298,0.6234898018587336,0.2700569886279819
2026-09-01T07:15:00,717459,47.97333380063608,25.883726391189803,0.0,0.2619487107594449,0.9469301294951057,-0.3214394653031616,0.7818314824680298,0.6234898018587336,0.2694301611180428
2026-09-01T07:15:00,717460,42.566261956553134,25.883726391189803,0.0,0.3451344314376441,0.9469301294951057,-0.3214394653031616,0.7818314824680298,0.6234898018587336,0.3507617300532198
2026-09-01T07:15:00,717461,35.63828511913097,25.883726391189803,0.0,0.4517186904749082,0.9469301294951057,-0.3214394653031616,0.7818314824680298,0.6234898018587336,0.28474225569413386
2026-09-01T07:15:00,717462,38.34549371021479,25.883726391189803,0.0,0.4100693275351571,0.9469301294951057,-0.3214394653031616,0.7818314824680298,0.6234898018587336,0.3407558429450465
2026-09-01T07:15:00,717463,33.75949401401914,25.883726391189803,0.0,0.48062316901509017,0.9469301294951057,-0.3214394653031616,0.7818314824680298,0.6234898018587336,0.3457566123215179
2026-09-01T07:20:00,717447,49.5710031102132,25.86293861503,0.0,0.23736918291979692,0.9396926207859084,-0.3420201433256685,0.7818314824680298,0.6234898018587336,0.1945995703573038
2026-09-01T07:20:00,717512,45.23210027151831,25.86293861503,0.0,0.30412153428433364,0.9396926207859084,-0.3420201433256685,0.7818314824680298,0.6234898018587336,0.20813581993876373
2026-09-01T07:20:00,717446,45.54765807535214,25.86293861503,0.0,0.29926679884073637,0.9396926207859084,-0.3420201433256685,0.7818314824680298,0.6234898018587336,0.2959824667868551
2026-09-01T07:20:00,717445,49.74695758051328,25.86293861503,0.0,0.23466219106902642,0.9396926207859084,-0.3420201433256685,0.7818314824680298,0.6234898018587336,0.3184528328008557
2026-09-01T07:20:00,717458,41.42356660941872,25.86293861503,0.0,0.3627143598550966,0.9396926207859084,-0.3420201433256685,0.7818314824680298,0.6234898018587336,0.2787768336479874
2026-09-01T07:20:00,717459,43.43652555872912,25.86293861503,1.8,0.33174576063493655,0.9396926207859084,-0.3420201433256685,0.7818314824680298,0.6234898018587336,0.2556104428564697
2026-09-01T07:20:00,717460,43.12844362565812,25.86293861503,0.0,0.3364854826821827,0.9396926207859084,-0.3420201433256685,0.7818314824680298,0.6234898018587336,0.355822655985464
2026-09-01T07:20:00,717461,43.31100246215697,25.86293861503,1.8,0.3336768851975851,0.9396926207859084,-0.3420201433256685,0.7818314824680298,0.6234898018587336,0.34122632561714966
2026-09-01T07:20:00,717462,38.12974056106419,25.86293861503,0.0,0.4133886067528586,0.9396926207859084,-0.3420201433256685,0.7818314824680298,0.6234898018587336,0.35357567478589963
2026-09-01T07:20:00,717463,36.61918153997316,25.86293861503,0.0,0.43662797630810524,0.9396926207859084,-0.3420201433256685,0.7818314824680298,0.6234898018587336,0.3828641432835594
2026-09-01T07:25:00,717447,46.02908786845346,25.84047427684828,0.0,0.29186018663917757,0.9320078692827986,-0.3624380382837016,0.7818314824680298,0.6234898018587336,0.23307892196132593
2026-09-01T07:25:00,717512,46.61062106460657,25.84047427684828,0.0,0.2829135220829758,0.9320078692827986,-0.3624380382837016,0.7818314824680298,0.6234898018587336,0.22999518553330311
2026-09-01T07:25:00,717446,48.78659025103661,25.84047427684828,1.8,0.2494370730609753,0.9320078692827986,-0.3624380382837016,0.7818314824680298,0.6234898018587336,0.29439697881324517
2026-09-01T07:25:00,717445,42.29515374103033,25.84047427684828,0.0,0.34930532706107176,0.9320078692827986,-0.3624380382837016,0.7818314824680298,0.6234898018587336,0.28391027435389
2026-09-01T07:25:00,717458,34.63580376333922,25.84047427684828,0.0,0.46714148056401206,0.9320078692827986,-0.3624380382837016,0.7818314824680298,0.6234898018587336,0.284382216038594
2026-09-01T07:25:00,717459,43.36066073324119,25.84047427684828,0.0,0.33291291179628935,0.9320078692827986,-0.3624380382837016,0.7818314824680298,0.6234898018587336,0.28763511911723755
2026-09-01T07:25:00,717460,39.709496695832655,25.84047427684828,0.0,0.3890846662179591,0.9320078692827986,-0.3624380382837016,0.7818314824680298,0.6234898018587336,0.3553588972980888
2026-09-01T07:25:00,717461,39.85634219727034,25.84047427684828,1.8,0.3868255046573794,0.9320078692827986,-0.3624380382837016,0.7818314824680298,0.6234898018587336,0.38151955902302187
2026-09-01T07:25:00,717462,32.420886973498405,25.84047427684828,0.0,0.5012171234846399,0.9320078692827986,-0.3624380382837016,0.7818314824680298,0.6234898018587336,0.3986534923035239
2026-09-01T07:25:00,717463,34.321366512119155,25.84047427684828,0.0,0.47197897673662836,0.9320078692827986,-0.3624380382837016,0.7818314824680298,0.6234898018587336,0.43667277017484923
2026-09-01T07:30:00,717447,47.77593269232294,25.81634312643877,0.0,0.2649856508873394,0.9238795325112868,-0.3826834323650895,0.7818314824680298,0.6234898018587336,0.27245572450513555
2026-09-01T07:30:00,717512,40.4302703839497,25.81634312643877,0.0,0.3779958402469278,0.9238795325112868,-0.3826834323650895,0.7818314824680298,0.6234898018587336,0.2535969115336053
2026-09-01T07:30:00,717446,44.39242860075804,25.81634312643877,0.0,0.3170395599883379,0.9238795325112868,-0.3826834323650895,0.7818314824680298,0.6234898018587336,0.2789825679709807
2026-09-01T07:30:00,717445,41.686214206565005,25.81634312643877,0.0,0.3586736275913076,0.9238795325112868,-0.3826834323650895,0.7818314824680298,0.6234898018587336,0.3081671957579862
2026-09-01T07:30:00,717458,38.389363923063314,25.81634312643877,0.0,0.40939440118364134,0.9238795325112868,-0.3826834323650895,0.7818314824680298,0.6234898018587336,0.3525295768903523
2026-09-01T07:30:00,717459,36.96238134241431,25.81634312643877,0.0,0.43134797934747215,0.9238795325112868,-0.3826834323650895,0.7818314824680298,0.6234898018587336,0.3088691277302236
2026-09-01T07:30:00,717460,35.14567319652227,25.81634312643877,0.0,0.459297335438119,0.9238795325112868,-0.3826834323650895,0.7818314824680298,0.6234898018587336,0.35690152677926196
2026-09-01T07:30:00,717461,37.17817820300137,25.81634312643877,0.0,0.4280280276461327,0.9238795325112868,-0.3826834323650895,0.7818314824680298,0.6234898018587336,0.39074036010995755
2026-09-01T07:30:00,717462,36.32246331928913,25.81634312643877,0.0,0.4411928720109365,0.9238795325112868,-0.3826834323650895,0.7818314824680298,0.6234898018587336,0.4415583525908852
2026-09-01T07:30:00,717463,33.49205513620749,25.81634312643877,1.8,0.4847376132891156,0.9238795325112868,-0.3826834323650895,0.7818314824680298,0.6234898018587336,0.4630767073532746
2026-09-01T07:35:00,717447,40.88317951499285,25.79055563701226,0.0,0.37102800746164855,0.9153114791194472,-0.40274668985873713,0.7818314824680298,0.6234898018587336,0.2647383401487713
2026-09-01T07:35:00,717512,34.13554510046585,25.79055563701226,0.0,0.47483776768514085,0.9153114791194472,-0.40274668985873713,0.7818314824680298,0.6234898018587336,0.32167696553807906
2026-09-01T07:35:00,717446,43.009275963422674,25.79055563701226,0.0,0.33831883133195884,0.9153114791194472,-0.40274668985873713,0.7818314824680298,0.6234898018587336,0.28858114396334983
2026-09-01T07:35:00,717445,43.211401074208254,25.79055563701226,0.0,0.3352092142429499,0.9153114791194472,-0.40274668985873713,0.7818314824680298,0.6234898018587336,0.3142137152404686
2026-09-01T07:35:00,717458,41.15705933396527,25.79055563701226,1.8,0.3668144717851497,0.9153114791194472,-0.40274668985873713,0.7818314824680298,0.6234898018587336,0.41308341386758335
2026-09-01T07:35:00,717459,44.27208296008477,25.79055563701226,0.0,0.3188910313833113,0.9153114791194472,-0.40274668985873713,0.7818314824680298,0.6234898018587336,0.3653355505928994
2026-09-01T07:35:00,717460,36.35090722763515,25.79055563701226,1.8,0.44075527342099774,0.9153114791194472,-0.40274668985873713,0.7818314824680298,0.6234898018587336,0.3949558281127536
2026-09-01T07:35:00,717461,39.82422580839423,25.79055563701226,0.0,0.387319602947781,0.9153114791194472,-0.40274668985873713,0.7818314824680298,0.6234898018587336,0.38284347250036577
2026-09-01T07:35:00,717462,32.56170401357606,25.79055563701226,0.0,0.49905070748344516,0.9153114791194472,-0.40274668985873713,0.7818314824680298,0.6234898018587336,0.45193286741614497
2026-09-01T07:35:00,717463,30.90202053099891,25.79055563701226,0.0,0.5245842995230936,0.9153114791194472,-0.40274668985873713,0.7818314824680298,0.6234898018587336,0.4644481887779497
2026-09-01T07:40:00,717447,43.21215594237282,25.76312300065065,0.0,0.335197600886572,0.90630778703665,-0.42261826174069933,0.7818314824680298,0.6234898018587336,0.30929128166272185
2026-09-01T07:40:00,717512,46.51818036979712,25.76312300065065,0.0,0.28433568661850583,0.90630778703665,-0.42261826174069933,0.7818314824680298,0.6234898018587336,0.37858237667168143
2026-09-01T07:40:00,717446,39.5687111876418,25.76312300065065,0.0,0.391250597113203,0.90630778703665,-0.42261826174069933,0.7818314824680298,0.6234898018587336,0.30159848812709067
2026-09-01T07:40:00,717445,34.55457256829846,25.76312300065065,0.0,0.4683911912569467,0.90630778703665,-0.42261826174069933,0.7818314824680298,0.6234898018587336,0.3477293896317764
2026-09-01T07:40:00,717458,40.69347432582992,25.76312300065065,0.0,0.37394654883338585,0.90630778703665,-0.42261826174069933,0.7818314824680298,0.6234898018587336,0.41445011784426766
2026-09-01T07:40:00,717459,36.61063340335003,25.76312300065065,0.0,0.4367594861023072,0.90630778703665,-0.42261826174069933,0.7818314824680298,0.6234898018587336,0.36105064084235766
2026-09-01T07:40:00,717460,36.5404037194855,25.76312300065065,0.0,0.4378399427771462,0.90630778703665,-0.42261826174069933,0.7818314824680298,0.6234898018587336,0.429712425025692
2026-09-01T07:40:00,717461,32.18877184410289,25.76312300065065,0.0,0.5047881254753401,0.90630778703665,-0.42261826174069933,0.7818314824680298,0.6234898018587336,0.4007243784170977
2026-09-01T07:40:00,717462,33.58395622600173,25.76312300065065,0.0,0.48332375036920416,0.90630778703665,-0.42261826174069933,0.7818314824680298,0.6234898018587336,0.4804869009930071
2026-09-01T07:40:00,717463,27.72931105943634,25.76312300065065,0.0,0.5733952144702101,0.90630778703665,-0.42261826174069933,0.7818314824680298,0.6234898018587336,0.49376696318294583
2026-09-01T07:45:00,717447,47.263293929940346,25.734057123449503,0.0,0.27287240107784083,0.8968727415326884,-0.44228869021900113,0.7818314824680298,0.6234898018587336,0.32373708641185334
2026-09-01T07:45:00,717512,43.68354479843165,25.734057123449503,0.0,0.32794546463951313,0.8968727415326884,-0.44228869021900113,0.7818314824680298,0.6234898018587336,0.37905643151685814
2026-09-01T07:45:00,717446,39.44696713286992,25.734057123449503,0.0,0.3931235825712319,0.8968727415326884,-0.44228869021900113,0.7818314824680298,0.6234898018587336,0.34886966281116655
2026-09-01T07:45:00,717445,40.60172162665437,25.734057123449503,0.0,0.3753581288207021,0.8968727415326884,-0.44228869021900113,0.7818314824680298,0.6234898018587336,0.38742467769706807
2026-09-01T07:45:00,717458,34.91275110433533,25.734057123449503,0.0,0.462880752240995,0.8968727415326884,-0.44228869021900113,0.7818314824680298,0.6234898018587336,0.38338514060072565
2026-09-01T07:45:00,717459,38.73328305403119,25.734057123449503,0.0,0.4041033376302894,0.8968727415326884,-0.44228869021900113,0.7818314824680298,0.6234898018587336,0.39566616561103024
2026-09-01T07:45:00,717460,33.439074604968084,25.734057123449503,0.0,0.4855526983851064,0.8968727415326884,-0.44228869021900113,0.7818314824680298,0.6234898018587336,0.4459641838787543
2026-09-01T07:45:00,717461,32.03245521156172,25.734057123449503,0.0,0.5071929967452043,0.8968727415326884,-0.44228869021900113,0.7818314824680298,0.6234898018587336,0.44004525202308464
2026-09-01T07:45:00,717462,29.17803286323965,25.734057123449503,0.0,0.55110718671939,0.8968727415326884,-0.44228869021900113,0.7818314824680298,0.6234898018587336,0.4745224432878619
2026-09-01T07:45:00,717463,32.1141977980681,25.734057123449503,0.0,0.5059354184912601,0.8968727415326884,-0.44228869021900113,0.7818314824680298,0.6234898018587336,0.5275723757608065
2026-09-01T07:50:00,717447,40.58665175271508,25.703370620350636,0.0,0.3755899730351526,0.8870108331782218,-0.4617486132350338,0.7818314824680298,0.6234898018587336,0.32636600314202047
2026-09-01T07:50:00,717512,43.550655048943085,25.703370620350636,0.0,0.3299899223239525,0.8870108331782218,-0.4617486132350338,0.7818314824680298,0.6234898018587336,0.36237297298105325
2026-09-01T07:50:00,717446,34.926812798256165,25.703370620350636,0.0,0.4626644184883667,0.8870108331782218,-0.4617486132350338,0.7818314824680298,0.6234898018587336,0.37423100367213125
2026-09-01T07:50:00,717445,38.19891467431975,25.703370620350636,0.0,0.41232438962584994,0.8870108331782218,-0.4617486132350338,0.7818314824680298,0.6234898018587336,0.3929861781068662
2026-09-01T07:50:00,717458,39.27615153739106,25.703370620350636,0.0,0.3957515148093683,0.8870108331782218,-0.4617486132350338,0.7818314824680298,0.6234898018587336,0.4012139242865102
2026-09-01T07:50:00,717459,42.28268430875264,25.703370620350636,0.0,0.34949716448072854,0.8870108331782218,-0.4617486132350338,0.7818314824680298,0.6234898018587336,0.3865846183719693
2026-09-01T07:50:00,717460,33.89714628742881,25.703370620350636,0.0,0.4785054417318645,0.8870108331782218,-0.4617486132350338,0.7818314824680298,0.6234898018587336,0.4547159715277502
2026-09-01T07:50:00,717461,31.05449450426474,25.703370620350636,0.0,0.5222385460882348,0.8870108331782218,-0.4617486132350338,0.7818314824680298,0.6234898018587336,0.46643357505610855
2026-09-01T07:50:00,717462,31.419376311505644,25.703370620350636,0.0,0.51662497982299,0.8870108331782218,-0.4617486132350338,0.7818314824680298,0.6234898018587336,0.5111605481906798
2026-09-01T07:50:00,717463,33.66678598952068,25.703370620350636,0.0,0.4820494463150664,0.8870108331782218,-0.4617486132350338,0.7818314824680298,0.6234898018587336,0.5346383108281879
2026-09-01T07:55:00,717447,43.42353478268791,25.67107680966706,0.0,0.3319456187278783,0.8767267557075076,-0.48098876891938785,0.7818314824680298,0.6234898018587336,0.3278866583331885
2026-09-01T07:55:00,717512,37.91798399969508,25.67107680966706,0.0,0.416646400004691,0.8767267557075076,-0.48098876891938785,0.7818314824680298,0.6234898018587336,0.31409035786065714
2026-09-01T07:55:00,717446,40.96317322035164,25.67107680966706,0.0,0.36979733507151324,0.8767267557075076,-0.48098876891938785,0.7818314824680298,0.6234898018587336,0.4156795327242672
2026-09-01T07:55:00,717445,35.80358539377166,25.67107680966706,0.0,0.44917560932658984,0.8767267557075076,-0.48098876891938785,0.7818314824680298,0.6234898018587336,0.41869123656783297
2026-09-01T07:55:00,717458,37.194049660181975,25.67107680966706,1.8,0.42778385138181574,0.8767267557075076,-0.48098876891938785,0.7818314824680298,0.6234898018587336,0.41085960529458304
2026-09-01T07:55:00,717459,35.112390285272454,25.67107680966706,0.0,0.4598093802265776,0.8767267557075076,-0.48098876891938785,0.7818314824680298,0.6234898018587336,0.396786662737775
2026-09-01T07:55:00,717460,31.09691513353685,25.67107680966706,0.0,0.52158592102251,0.8767267557075076,-0.48098876891938785,0.7818314824680298,0.6234898018587336,0.46729936096470565
2026-09-01T07:55:00,717461,28.304959027172806,25.67107680966706,0.0,0.5645390918896491,0.8767267557075076,-0.48098876891938785,0.7818314824680298,0.6234898018587336,0.5114065561029264
2026-09-01T07:55:00,717462,33.523665143144804,25.67107680966706,0.0,0.4842513054900799,0.8767267557075076,-0.48098876891938785,0.7818314824680298,0.6234898018587336,0.5170186389705281
2026-09-01T07:55:00,717463,33.23613773643567,25.67107680966706,0.0,0.48867480405483577,0.8767267557075076,-0.48098876891938785,0.7818314824680298,0.6234898018587336,0.5204600264255123
2026-09-01T08:00:00,717447,39.74469579345549,25.637189707302728,0.0,0.38854314163914627,0.8660254037844387,-0.4999999999999998,0.7818314824680298,0.6234898018587336,0.3268026642802906
2026-09-01T08:00:00,717512,37.260918703272914,25.637189707302728,1.8,0.4267550968727244,0.8660254037844387,-0.4999999999999998,0.7818314824680298,0.6234898018587336,0.35819392898938557
2026-09-01T08:00:00,717446,32.59638614896626,25.637189707302728,0.0,0.4985171361697498,0.8660254037844387,-0.4999999999999998,0.7818314824680298,0.6234898018587336,0.4085284453770373
2026-09-01T08:00:00,717445,38.49654368783035,25.637189707302728,1.8,0.4077454817256869,0.8660254037844387,-0.4999999999999998,0.7818314824680298,0.6234898018587336,0.4122860425910473
2026-09-01T08:00:00,717458,34.58336913708409,25.637189707302728,0.0,0.4679481671217832,0.8660254037844387,-0.4999999999999998,0.7818314824680298,0.6234898018587336,0.4288053728107264
2026-09-01T08:00:00,717459,31.756790601333435,25.637189707302728,0.0,0.5114339907487164,0.8660254037844387,-0.4999999999999998,0.7818314824680298,0.6234898018587336,0.40446996077919845
2026-09-01T08:00:00,717460,33.9473974148174,25.637189707302728,0.0,0.4777323474643477,0.8660254037844387,-0.4999999999999998,0.7818314824680298,0.6234898018587336,0.4952146870464936
2026-09-01T08:00:00,717461,26.09556648170542,25.637189707302728,0.0,0.5985297464353012,0.8660254037844387,-0.4999999999999998,0.7818314824680298,0.6234898018587336,0.5313235449076962
2026-09-01T08:00:00,717462,25.932511548628938,25.637189707302728,1.8,0.6010382838672471,0.8660254037844387,-0.4999999999999998,0.7818314824680298,0.6234898018587336,0.51732782401082
2026-09-01T08:00:00,717463,25.700270610871115,25.637189707302728,0.0,0.6046112213712136,0.8660254037844387,-0.4999999999999998,0.7818314824680298,0.6234898018587336,0.4922198896203874
2026-09-01T08:05:00,717447,39.254048707648415,25.6017240206694,0.0,0.39609155834387055,0.8549118706729465,-0.5187732581605216,0.7818314824680298,0.6234898018587336,0.3653595778007257
2026-09-01T08:05:00,717512,37.05107050449046,25.6017240206694,0.0,0.4299835307001467,0.8549118706729465,-0.5187732581605216,0.7818314824680298,0.6234898018587336,0.3911304730671226
2026-09-01T08:05:00,717446,37.216489564356976,25.6017240206694,0.0,0.4274386220868157,0.8549118706729465,-0.5187732581605216,0.7818314824680298,0.6234898018587336,0.44365962990987656
2026-09-01T08:05:00,717445,37.44142468454034,25.6017240206694,0.0,0.4239780817763025,0.8549118706729465,-0.5187732581605216,0.7818314824680298,0.6234898018587336,0.42308182689270896
2026-09-01T08:05:00,717458,34.930046262279866,25.6017240206694,1.8,0.46261467288800207,0.8549118706729465,-0.5187732581605216,0.7818314824680298,0.6234898018587336,0.4304945111043224
2026-09-01T08:05:00,717459,37.41197096335731,25.6017240206694,0.0,0.4244312159483491,0.8549118706729465,-0.5187732581605216,0.7818314824680298,0.6234898018587336,0.44024684515200746
2026-09-01T08:05:00,717460,33.83356716653259,25.6017240206694,0.0,0.47948358205334474,0.8549118706729465,-0.5187732581605216,0.7818314824680298,0.6234898018587336,0.4926079034062407
2026-09-01T08:05:00,717461,28.951181666810875,25.6017240206694,0.0,0.5545972051259865,0.8549118706729465,-0.5187732581605216,0.7818314824680298,0.6234898018587336,0.5617691281377284
2026-09-01T08:05:00,717462,26.5063406008099,25.6017240206694,0.0,0.5922101446029246,0.8549118706729465,-0.5187732581605216,0.7818314824680298,0.6234898018587336,0.5339715230601056
2026-09-01T08:05:00,717463,26.64072531175919,25.6017240206694,0.0,0.5901426875113971,0.8549118706729465,-0.5187732581605216,0.7818314824680298,0.6234898018587336,0.5251118239137053
2026-09-01T08:10:00,717447,39.14988983264635,25.56469514230349,0.0,0.39769400257467147,0.8433914458128858,-0.5372996083468236,0.7818314824680298,0.6234898018587336,0.3721934395702984
2026-09-01T08:10:00,717512,34.5150752695197,25.56469514230349,0.0,0.4689988420073893,0.8433914458128858,-0.5372996083468236,0.7818314824680298,0.6234898018587336,0.4244616758591874
2026-09-01T08:10:00,717446,36.83796582389174,25.56469514230349,1.8,0.4332620642478193,0.8433914458128858,-0.5372996083468236,0.7818314824680298,0.6234898018587336,0.43191769777602623
2026-09-01T08:10:00,717445,35.26763683326839,25.56469514230349,0.0,0.45742097179587093,0.8433914458128858,-0.5372996083468236,0.7818314824680298,0.6234898018587336,0.42696639094285976
2026-09-01T08:10:00,717458,29.415218275095445,25.56469514230349,0.0,0.5474581803831471,0.8433914458128858,-0.5372996083468236,0.7818314824680298,0.6234898018587336,0.45278223046386695
2026-09-01T08:10:00,717459,34.279480729754326,25.56469514230349,0.0,0.472623373388395,0.8433914458128858,-0.5372996083468236,0.7818314824680298,0.6234898018587336,0.465224862307881
2026-09-01T08:10:00,717460,30.923396321433252,25.56469514230349,1.8,0.5242554412087193,0.8433914458128858,-0.5372996083468236,0.7818314824680298,0.6234898018587336,0.4929339501800675
2026-09-01T08:10:00,717461,34.1360854116146,25.56469514230349,0.0,0.47482945520592923,0.8433914458128858,-0.5372996083468236,0.7818314824680298,0.6234898018587336,0.5725553478169789
2026-09-01T08:10:00,717462,27.363275563566035,25.56469514230349,0.0,0.5790265297912918,0.8433914458128858,-0.5372996083468236,0.7818314824680298,0.6234898018587336,0.5591665779867505
2026-09-01T08:10:00,717463,25.311995032726408,25.56469514230349,0.0,0.610584691804209,0.8433914458128858,-0.5372996083468236,0.7818314824680298,0.6234898018587336,0.5611429043124821
2026-09-01T08:15:00,717447,33.31113781572019,25.52611914318551,0.0,0.48752095668122786,0.8314696123025451,-0.5555702330196023,0.7818314824680298,0.6234898018587336,0.39410956751922943
2026-09-01T08:15:00,717512,32.06877630842167,25.52611914318551,1.8,0.5066342106396666,0.8314696123025451,-0.5555702330196023,0.7818314824680298,0.6234898018587336,0.4419124898600868
2026-09-01T08:15:00,717446,36.92310784907998,25.52611914318551,0.0,0.43195218693723103,0.8314696123025451,-0.5555702330196023,0.7818314824680298,0.6234898018587336,0.45307260750146156
2026-09-01T08:15:00,717445,38.00402519090503,25.52611914318551,0.0,0.41532268937069183,0.8314696123025451,-0.5555702330196023,0.7818314824680298,0.6234898018587336,0.42971484509928676
2026-09-01T08:15:00,717458,31.358837417546837,25.52611914318551,0.0,0.5175563474223563,0.8314696123025451,-0.5555702330196023,0.7818314824680298,0.6234898018587336,0.49267367346431074
2026-09-01T08:15:00,717459,29.965719903589218,25.52611914318551,1.8,0.5389889245601659,0.8314696123025451,-0.5555702330196023,0.7818314824680298,0.6234898018587336,0.4694961933618202
2026-09-01T08:15:00,717460,29.4823415624988,25.52611914318551,1.8,0.5464255144230954,0.8314696123025451,-0.5555702330196023,0.7818314824680298,0.6234898018587336,0.49382379024213724
2026-09-01T08:15:00,717461,31.557819980983822,25.52611914318551,0.0,0.5144950772156335,0.8314696123025451,-0.5555702330196023,0.7818314824680298,0.6234898018587336,0.5426521355890723
2026-09-01T08:15:00,717462,24.090125670587533,25.52611914318551,1.8,0.629382681990961,0.8314696123025451,-0.5555702330196023,0.7818314824680298,0.6234898018587336,0.5907583194204878
2026-09-01T08:15:00,717463,26.387292021363614,25.52611914318551,0.0,0.5940416612097905,0.8314696123025451,-0.5555702330196023,0.7818314824680298,0.6234898018587336,0.6017795335622732
2026-09-01T08:20:00,717447,38.99879400248001,25.48601276576506,0.0,0.4000185538079998,0.8191520442889917,-0.5735764363510462,0.7818314824680298,0.6234898018587336,0.42710217253325666
2026-09-01T08:20:00,717512,36.37648362295226,25.48601276576506,0.0,0.4403617904161191,0.8191520442889917,-0.5735764363510462,0.7818314824680298,0.6234898018587336,0.46853886111573423
2026-09-01T08:20:00,717446,25.563504234135017,25.48601276576506,0.0,0.6067153194748459,0.8191520442889917,-0.5735764363510462,0.7818314824680298,0.6234898018587336,0.43088429109062204
2026-09-01T08:20:00,717445,34.506827071725446,25.48601276576506,0.0,0.46912573735807006,0.8191520442889917,-0.5735764363510462,0.7818314824680298,0.6234898018587336,0.4322405809809551
2026-09-01T08:20:00,717458,32.80680891170767,25.48601276576506,0.0,0.49527986289680503,0.8191520442889917,-0.5735764363510462,0.7818314824680298,0.6234898018587336,0.5092097335645018
2026-09-01T08:20:00,717459,34.1941767486216,25.48601276576506,0.0,0.47393574232889846,0.8191520442889917,-0.5735764363510462,0.7818314824680298,0.6234898018587336,0.47868117129897003
2026-09-01T08:20:00,717460,33.710035887098655,25.48601276576506,0.0,0.4813840632754053,0.8191520442889917,-0.5735764363510462,0.7818314824680298,0.6234898018587336,0.5167215125617198
2026-09-01T08:20:00,717461,31.61794447388487,25.48601276576506,0.0,0.5135700850171558,0.8191520442889917,-0.5735764363510462,0.7818314824680298,0.6234898018587336,0.5146405791825165
2026-09-01T08:20:00,717462,26.699502029837504,25.48601276576506,1.8,0.5892384303101923,0.8191520442889917,-0.5735764363510462,0.7818314824680298,0.6234898018587336,0.6002064521283925
2026-09-01T08:20:00,717463,20.467303677441222,25.48601276576506,0.0,0.6851184049624428,0.8191520442889917,-0.5735764363510462,0.7818314824680298,0.6234898018587336,0.598256346841799
2026-09-01T08:25:00,717447,42.3439654096536,25.44439341669441,0.0,0.3485543783130216,0.8064446042674828,-0.5913096483635821,0.7818314824680298,0.6234898018587336,0.4284111710212997
2026-09-01T08:25:00,717512,34.103479819863146,25.44439341669441,0.0,0.47533107969441313,0.8064446042674828,-0.5913096483635821,0.7818314824680298,0.6234898018587336,0.47199828102105834
2026-09-01T08:25:00,717446,33.56194459627752,25.44439341669441,0.0,0.48366239082649964,0.8064446042674828,-0.5913096483635821,0.7818314824680298,0.6234898018587336,0.49064319021996544
2026-09-01T08:25:00,717445,37.316290378452415,25.44439341669441,1.8,0.4259032249468859,0.8064446042674828,-0.5913096483635821,0.7818314824680298,0.6234898018587336,0.44728979950821096
2026-09-01T08:25:00,717458,28.80372550006601,25.44439341669441,0.0,0.5568657615374459,0.8064446042674828,-0.5913096483635821,0.7818314824680298,0.6234898018587336,0.5200981302341028
2026-09-01T08:25:00,717459,25.87106972349804,25.44439341669441,1.8,0.6019835427154148,0.8064446042674828,-0.5913096483635821,0.7818314824680298,0.6234898018587336,0.4951826800924864
2026-09-01T08:25:00,717460,27.343230583608378,25.44439341669441,0.0,0.5793349140983326,0.8064446042674828,-0.5913096483635821,0.7818314824680298,0.6234898018587336,0.5173550063024067
2026-09-01T08:25:00,717461,25.35387431753859,25.44439341669441,0.0,0.6099403951147909,0.8064446042674828,-0.5913096483635821,0.7818314824680298,0.6234898018587336,0.5009648724795729
2026-09-01T08:25:00,717462,22.012184866144658,25.44439341669441,0.0,0.661351002059313,0.8064446042674828,-0.5913096483635821,0.7818314824680298,0.6234898018587336,0.5992158806974817
2026-09-01T08:25:00,717463,24.78182053927408,25.44439341669441,0.0,0.6187412224727065,0.8064446042674828,-0.5913096483635821,0.7818314824680298,0.6234898018587336,0.6299149193254808
2026-09-01T08:30:00,717447,35.997319258748526,25.40127915927381,1.8,0.44619508832694577,0.7933533402912352,-0.6087614290087207,0.7818314824680298,0.6234898018587336,0.4120312962674164
2026-09-01T08:30:00,717512,30.177345501550228,25.40127915927381,1.8,0.5357331461299966,0.7933533402912352,-0.6087614290087207,0.7818314824680298,0.6234898018587336,0.47410902691673296
2026-09-01T08:30:00,717446,32.42237276879543,25.40127915927381,0.0,0.501194265095455,0.7933533402912352,-0.6087614290087207,0.7818314824680298,0.6234898018587336,0.5074432990795256
2026-09-01T08:30:00,717445,29.89353078317327,25.40127915927381,0.0,0.540099526412719,0.7933533402912352,-0.6087614290087207,0.7818314824680298,0.6234898018587336,0.43678388389188266
2026-09-01T08:30:00,717458,25.324482591007783,25.40127915927381,0.0,0.6103925755229571,0.7933533402912352,-0.6087614290087207,0.7818314824680298,0.6234898018587336,0.5232339906188691
2026-09-01T08:30:00,717459,30.09507823738727,25.40127915927381,0.0,0.5369987963478882,0.7933533402912352,-0.6087614290087207,0.7818314824680298,0.6234898018587336,0.5383027365348264
2026-09-01T08:30:00,717460,29.189589884658087,25.40127915927381,1.8,0.5509293863898757,0.7933533402912352,-0.6087614290087207,0.7818314824680298,0.6234898018587336,0.5357148305989444
2026-09-01T08:30:00,717461,25.09409200472856,25.40127915927381,0.0,0.6139370460810991,0.7933533402912352,-0.6087614290087207,0.7818314824680298,0.6234898018587336,0.5460018524491934
2026-09-01T08:30:00,717462,29.37802141574081,25.40127915927381,0.0,0.5480304397578337,0.7933533402912352,-0.6087614290087207,0.7818314824680298,0.6234898018587336,0.6266573714534888
2026-09-01T08:30:00,717463,25.013934945960848,25.40127915927381,0.0,0.6151702316006024,0.7933533402912352,-0.6087614290087207,0.7818314824680298,0.6234898018587336,0.6326337628816466
2026-09-01T08:35:00,717447,33.7059169563716,25.356688705611774,0.0,0.4814474314404369,0.7798844830928817,-0.6259234721840591,0.7818314824680298,0.6234898018587336,0.39825600681598905
2026-09-01T08:35:00,717512,30.089994079264507,25.356688705611774,0.0,0.5370770141651615,0.7798844830928817,-0.6259234721840591,0.7818314824680298,0.6234898018587336,0.48380867208017625
2026-09-01T08:35:00,717446,34.23251721013744,25.356688705611774,0.0,0.4733458890748087,0.7798844830928817,-0.6259234721840591,0.7818314824680298,0.6234898018587336,0.5305239917989334
2026-09-01T08:35:00,717445,33.757312326792785,25.356688705611774,0.0,0.4806567334339571,0.7798844830928817,-0.6259234721840591,0.7818314824680298,0.6234898018587336,0.47837616290589163
2026-09-01T08:35:00,717458,29.581954102052663,25.356688705611774,0.0,0.5448930138145744,0.7798844830928817,-0.6259234721840591,0.7818314824680298,0.6234898018587336,0.554179399985736
2026-09-01T08:35:00,717459,30.271516293059637,25.356688705611774,1.8,0.5342843647221595,0.7798844830928817,-0.6259234721840591,0.7818314824680298,0.6234898018587336,0.5376393604640671
2026-09-01T08:35:00,717460,33.467799141869264,25.356688705611774,1.8,0.4851107824327805,0.7798844830928817,-0.6259234721840591,0.7818314824680298,0.6234898018587336,0.5372161212545379
2026-09-01T08:35:00,717461,30.121655204699582,25.356688705611774,0.0,0.5365899199276987,0.7798844830928817,-0.6259234721840591,0.7818314824680298,0.6234898018587336,0.5791491754043486
2026-09-01T08:35:00,717462,19.775691053115075,25.356688705611774,1.8,0.695758599182845,0.7798844830928817,-0.6259234721840591,0.7818314824680298,0.6234898018587336,0.5995399573757796
2026-09-01T08:35:00,717463,22.87367729937573,25.356688705611774,0.0,0.6480972723172964,0.7798844830928817,-0.6259234721840591,0.7818314824680298,0.6234898018587336,0.6396766196785838
2026-09-01T08:40:00,717447,35.67943021172779,25.31064140850384,1.8,0.45108568905034163,0.7660444431189783,-0.642787609686539,0.7818314824680298,0.6234898018587336,0.42539896602680144
2026-09-01T08:40:00,717512,35.10375676188101,25.31064140850384,0.0,0.45994220366336913,0.7660444431189783,-0.642787609686539,0.7818314824680298,0.6234898018587336,0.5160470799965237
2026-09-01T08:40:00,717446,34.17916512890489,25.31064140850384,0.0,0.4741666903245402,0.7660444431189783,-0.642787609686539,0.7818314824680298,0.6234898018587336,0.4860675149989211
2026-09-01T08:40:00,717445,33.79902306171293,25.31064140850384,0.0,0.48001502981980104,0.7660444431189783,-0.642787609686539,0.7818314824680298,0.6234898018587336,0.4822198282645207
2026-09-01T08:40:00,717458,30.977436716151924,25.31064140850384,0.0,0.5234240505207397,0.7660444431189783,-0.642787609686539,0.7818314824680298,0.6234898018587336,0.5707171169583258
2026-09-01T08:40:00,717459,30.129749981839247,25.31064140850384,0.0,0.5364653848947808,0.7660444431189783,-0.642787609686539,0.7818314824680298,0.6234898018587336,0.5577555679284875
2026-09-01T08:40:00,717460,31.73261101474445,25.31064140850384,0.0,0.511805984388547,0.7660444431189783,-0.642787609686539,0.7818314824680298,0.6234898018587336,0.538458360973663
2026-09-01T08:40:00,717461,28.53457360861018,25.31064140850384,1.8,0.5610065598675357,0.7660444431189783,-0.642787609686539,0.7818314824680298,0.6234898018587336,0.5868224537078629
2026-09-01T08:40:00,717462,23.04202249104272,25.31064140850384,1.8,0.6455073462916505,0.7660444431189783,-0.642787609686539,0.7818314824680298,0.6234898018587336,0.6350466803333306
2026-09-01T08:40:00,717463,25.59888023033428,25.31064140850384,0.0,0.6061710733794726,0.7660444431189783,-0.642787609686539,0.7818314824680298,0.6234898018587336,0.6273362421302017
2026-09-01T08:45:00,717447,36.08657253861317,25.26315725303319,0.0,0.44482196094441284,0.7518398074789774,-0.6593458151000688,0.7818314824680298,0.6234898018587336,0.4595760696059081
2026-09-01T08:45:00,717512,29.62663793643705,25.26315725303319,1.8,0.5442055702086608,0.7518398074789774,-0.6593458151000688,0.7818314824680298,0.6234898018587336,0.5109174546528424
2026-09-01T08:45:00,717446,34.551754248922165,25.26315725303319,0.0,0.4684345500165821,0.7518398074789774,-0.6593458151000688,0.7818314824680298,0.6234898018587336,0.48290228149826797
2026-09-01T08:45:00,717445,29.789159650152087,25.26315725303319,0.0,0.5417052361515063,0.7518398074789774,-0.6593458151000688,0.7818314824680298,0.6234898018587336,0.5002570965554923
2026-09-01T08:45:00,717458,34.58055667451018,25.26315725303319,0.0,0.4679914357767665,0.7518398074789774,-0.6593458151000688,0.7818314824680298,0.6234898018587336,0.5595698799527571
2026-09-01T08:45:00,717459,31.75376815854501,25.26315725303319,0.0,0.5114804898685383,0.7518398074789774,-0.6593458151000688,0.7818314824680298,0.6234898018587336,0.5359161819882762
2026-09-01T08:45:00,717460,25.69127457766052,25.26315725303319,0.0,0.6047496218821459,0.7518398074789774,-0.6593458151000688,0.7818314824680298,0.6234898018587336,0.5159487177370677
2026-09-01T08:45:00,717461,30.829647593759965,25.26315725303319,0.0,0.5256977293267697,0.7518398074789774,-0.6593458151000688,0.7818314824680298,0.6234898018587336,0.5705111752921112
2026-09-01T08:45:00,717462,31.049580973122943,25.26315725303319,0.0,0.5223141388750316,0.7518398074789774,-0.6593458151000688,0.7818314824680298,0.6234898018587336,0.6297654617441096
2026-09-01T08:45:00,717463,24.922045529133108,25.26315725303319,0.0,0.6165839149364137,0.7518398074789774,-0.6593458151000688,0.7818314824680298,0.6234898018587336,0.6231461924324572
2026-09-01T08:50:00,717447,36.6186081564333,25.21425684789688,0.0,0.43663679759333385,0.7372773368101241,-0.6755902076156602,0.7818314824680298,0.6234898018587336,0.4591183604783971
2026-09-01T08:50:00,717512,38.25395920032429,25.21425684789688,0.0,0.41147755076424175,0.7372773368101241,-0.6755902076156602,0.7818314824680298,0.6234898018587336,0.5137415960123971
2026-09-01T08:50:00,717446,38.534555109479406,25.21425684789688,0.0,0.4071606906233938,0.7372773368101241,-0.6755902076156602,0.7818314824680298,0.6234898018587336,0.471982376471977
2026-09-01T08:50:00,717445,28.43405841673792,25.21425684789688,0.0,0.5625529474348012,0.7372773368101241,-0.6755902076156602,0.7818314824680298,0.6234898018587336,0.5007923331350882
2026-09-01T08:50:00,717458,28.94863509019935,25.21425684789688,0.0,0.5546363832277024,0.7372773368101241,-0.6755902076156602,0.7818314824680298,0.6234898018587336,0.5121028333706935
2026-09-01T08:50:00,717459,29.789091516981195,25.21425684789688,1.8,0.5417062843541355,0.7372773368101241,-0.6755902076156602,0.7818314824680298,0.6234898018587336,0.5274100798284929
2026-09-01T08:50:00,717460,28.89743152828772,25.21425684789688,0.0,0.555424130334035,0.7372773368101241,-0.6755902076156602,0.7818314824680298,0.6234898018587336,0.533888796234491
2026-09-01T08:50:00,717461,30.960515977652967,25.21425684789688,1.8,0.5236843695745697,0.7372773368101241,-0.6755902076156602,0.7818314824680298,0.6234898018587336,0.5410980697073348
2026-09-01T08:50:00,717462,31.352460619203768,25.21425684789688,0.0,0.5176544520122497,0.7372773368101241,-0.6755902076156602,0.7818314824680298,0.6234898018587336,0.6211933614498424
2026-09-01T08:50:00,717463,30.40858581321482,25.21425684789688,1.8,0.5321756028736182,0.7372773368101241,-0.6755902076156602,0.7818314824680298,0.6234898018587336,0.6236174202110609
2026-09-01T08:55:00,717447,32.66201058138099,25.163961416461447,0.0,0.49750752951721555,0.7223639620597556,-0.6915130557822693,0.7818314824680298,0.6234898018587336,0.4441814825293628
2026-09-01T08:55:00,717512,34.09471495855527,25.163961416461447,0.0,0.4754659237145342,0.7223639620597556,-0.6915130557822693,0.7818314824680298,0.6234898018587336,0.4718751082120905
2026-09-01T08:55:00,717446,31.60927854240408,25.163961416461447,0.0,0.5137034070399372,0.7223639620597556,-0.6915130557822693,0.7818314824680298,0.6234898018587336,0.4499206436548387
2026-09-01T08:55:00,717445,32.33493238058516,25.163961416461447,0.0,0.5025395018371515,0.7223639620597556,-0.6915130557822693,0.7818314824680298,0.6234898018587336,0.5280910711353696
2026-09-01T08:55:00,717458,30.483514598278894,25.163961416461447,0.0,0.5310228523341709,0.7223639620597556,-0.6915130557822693,0.7818314824680298,0.6234898018587336,0.5153506231750695
2026-09-01T08:55:00,717459,32.98450829143611,25.163961416461447,1.8,0.4925460262855984,0.7223639620597556,-0.6915130557822693,0.7818314824680298,0.6234898018587336,0.5298840530391514
2026-09-01T08:55:00,717460,32.15117790205494,25.163961416461447,0.0,0.5053664938145395,0.7223639620597556,-0.6915130557822693,0.7818314824680298,0.6234898018587336,0.5573265788682426
2026-09-01T08:55:00,717461,29.33159196747665,25.163961416461447,1.8,0.5487447389618977,0.7223639620597556,-0.6915130557822693,0.7818314824680298,0.6234898018587336,0.5367962195896251
2026-09-01T08:55:00,717462,27.84723628042783,25.163961416461447,0.0,0.5715809803011103,0.7223639620597556,-0.6915130557822693,0.7818314824680298,0.6234898018587336,0.5618253123929772
2026-09-01T08:55:00,717463,25.802292068397456,25.163961416461447,1.8,0.603041660486193,0.7223639620597556,-0.6915130557822693,0.7818314824680298,0.6234898018587336,0.5849768637298348
2026-09-01T09:00:00,717447,37.75711733343094,25.112292787551684,0.0,0.4191212717933701,0.7071067811865476,-0.7071067811865475,0.7818314824680298,0.6234898018587336,0.4596554293516541
2026-09-01T09:00:00,717512,42.1294470329464,25.112292787551684,0.0,0.3518546610315938,0.7071067811865476,-0.7071067811865475,0.7818314824680298,0.6234898018587336,0.47704968156247896
2026-09-01T09:00:00,717446,38.22436873496446,25.112292787551684,0.0,0.41193278869285455,0.7071067811865476,-0.7071067811865475,0.7818314824680298,0.6234898018587336,0.46309954922663765
2026-09-01T09:00:00,717445,33.932047052164215,25.112292787551684,0.0,0.4779685068897813,0.7071067811865476,-0.7071067811865475,0.7818314824680298,0.6234898018587336,0.5355992284744864
2026-09-01T09:00:00,717458,33.41159908941956,25.112292787551684,0.0,0.4859753986243145,0.7071067811865476,-0.7071067811865475,0.7818314824680298,0.6234898018587336,0.5178835571128799
2026-09-01T09:00:00,717459,33.87665629886308,25.112292787551684,0.0,0.4788206723251833,0.7071067811865476,-0.7071067811865475,0.7818314824680298,0.6234898018587336,0.5152442668360907
2026-09-01T09:00:00,717460,27.75173050223508,25.112292787551684,0.0,0.5730502999656142,0.7071067811865476,-0.7071067811865475,0.7818314824680298,0.6234898018587336,0.55518008201024
2026-09-01T09:00:00,717461,30.562334805723367,25.112292787551684,0.0,0.5298102337581021,0.7071067811865476,-0.7071067811865475,0.7818314824680298,0.6234898018587336,0.5327089459544124
2026-09-01T09:00:00,717462,30.847658825754515,25.112292787551684,0.0,0.5254206334499305,0.7071067811865476,-0.7071067811865475,0.7818314824680298,0.6234898018587336,0.5371831903961306
2026-09-01T09:00:00,717463,29.236038946265623,25.112292787551684,0.0,0.5502147854420674,0.7071067811865476,-0.7071067811865475,0.7818314824680298,0.6234898018587336,0.5839337260987416
2026-09-01T09:05:00,717447,37.10883832331974,25.05927338597668,1.8,0.42909479502585024,0.6915130557822694,-0.7223639620597555,0.7818314824680298,0.6234898018587336,0.4510885329679732
2026-09-01T09:05:00,717512,36.40964678429111,25.05927338597668,0.0,0.43985158793398293,0.6915130557822694,-0.7223639620597555,0.7818314824680298,0.6234898018587336,0.41293271183678987
2026-09-01T09:05:00,717446,31.13429014791709,25.05927338597668,0.0,0.5210109208012756,0.6915130557822694,-0.7223639620597555,0.7818314824680298,0.6234898018587336,0.44426562878539516
2026-09-01T09:05:00,717445,38.11592034739705,25.05927338597668,1.8,0.4136012254246607,0.6915130557822694,-0.7223639620597555,0.7818314824680298,0.6234898018587336,0.5143536520539113
2026-09-01T09:05:00,717458,40.89443758829438,25.05927338597668,0.0,0.37085480633393264,0.6915130557822694,-0.7223639620597555,0.7818314824680298,0.6234898018587336,0.5238782113953959
2026-09-01T09:05:00,717459,30.71403580428518,25.05927338597668,0.0,0.5274763722417664,0.6915130557822694,-0.7223639620597555,0.7818314824680298,0.6234898018587336,0.5043576609883057
2026-09-01T09:05:00,717460,35.57506848404017,25.05927338597668,0.0,0.45269125409168964,0.6915130557822694,-0.7223639620597555,0.7818314824680298,0.6234898018587336,0.5446136413713963
2026-09-01T09:05:00,717461,36.94723194170624,25.05927338597668,0.0,0.43158104705067324,0.6915130557822694,-0.7223639620597555,0.7818314824680298,0.6234898018587336,0.5340797807648565
2026-09-01T09:05:00,717462,28.47625820870429,25.05927338597668,0.0,0.5619037198660879,0.6915130557822694,-0.7223639620597555,0.7818314824680298,0.6234898018587336,0.5382186885877634
2026-09-01T09:05:00,717463,28.35434451613205,25.05927338597668,0.0,0.5637793151364301,0.6915130557822694,-0.7223639620597555,0.7818314824680298,0.6234898018587336,0.5618106829339595
2026-09-01T09:10:00,717447,41.27521236459308,25.00492622279717,0.0,0.3649967328524142,0.6755902076156604,-0.737277336810124,0.7818314824680298,0.6234898018587336,0.44857453211214526
2026-09-01T09:10:00,717512,40.71707289540566,25.00492622279717,0.0,0.3735834939168361,0.6755902076156604,-0.737277336810124,0.7818314824680298,0.6234898018587336,0.4223907242267037
2026-09-01T09:10:00,717446,39.03814499862167,25.00492622279717,1.8,0.399413153867359,0.6755902076156604,-0.737277336810124,0.7818314824680298,0.6234898018587336,0.4822157055113558
2026-09-01T09:10:00,717445,35.739047677843985,25.00492622279717,0.0,0.4501684972639387,0.6755902076156604,-0.737277336810124,0.7818314824680298,0.6234898018587336,0.4647030780505312
2026-09-01T09:10:00,717458,37.57870904967752,25.00492622279717,0.0,0.4218660146203458,0.6755902076156604,-0.737277336810124,0.7818314824680298,0.6234898018587336,0.46261768576413936
2026-09-01T09:10:00,717459,33.40516237197846,25.00492622279717,1.8,0.48607442504648524,0.6755902076156604,-0.737277336810124,0.7818314824680298,0.6234898018587336,0.4996143569508494
2026-09-01T09:10:00,717460,34.44529456181593,25.00492622279717,0.0,0.470072391356678,0.6755902076156604,-0.737277336810124,0.7818314824680298,0.6234898018587336,0.5103693492906145
2026-09-01T09:10:00,717461,32.02620493905443,25.00492622279717,0.0,0.507289154783778,0.6755902076156604,-0.737277336810124,0.7818314824680298,0.6234898018587336,0.503378673256891
2026-09-01T09:10:00,717462,25.59489597548872,25.00492622279717,0.0,0.6062323696078659,0.6755902076156604,-0.737277336810124,0.7818314824680298,0.6234898018587336,0.5529684445390429
2026-09-01T09:10:00,717463,33.49975788225134,25.00492622279717,0.0,0.4846191095038256,0.6755902076156604,-0.737277336810124,0.7818314824680298,0.6234898018587336,0.5723452536882302
2026-09-01T09:15:00,717447,39.85641671505504,24.949274885338475,0.0,0.38682435822992245,0.659345815100069,-0.7518398074789773,0.7818314824680298,0.6234898018587336,0.40440426655721157
2026-09-01T09:15:00,717512,44.566714876697965,24.949274885338475,0.0,0.3143582326661851,0.659345815100069,-0.7518398074789773,0.7818314824680298,0.6234898018587336,0.38842991429413765
2026-09-01T09:15:00,717446,42.41157102438368,24.949274885338475,0.0,0.34751429193255867,0.659345815100069,-0.7518398074789773,0.7818314824680298,0.6234898018587336,0.44411895445382976
2026-09-01T09:15:00,717445,38.713117339573,24.949274885338475,0.0,0.4044135793911846,0.659345815100069,-0.7518398074789773,0.7818314824680298,0.6234898018587336,0.44724607652612686
2026-09-01T09:15:00,717458,38.406767882323535,24.949274885338475,0.0,0.40912664796425335,0.659345815100069,-0.7518398074789773,0.7818314824680298,0.6234898018587336,0.4262320731928643
2026-09-01T09:15:00,717459,37.57904735503569,24.949274885338475,0.0,0.42186080992252784,0.659345815100069,-0.7518398074789773,0.7818314824680298,0.6234898018587336,0.4974571565378116
2026-09-01T09:15:00,717460,33.85138533626355,24.949274885338475,0.0,0.4792094563651762,0.659345815100069,-0.7518398074789773,0.7818314824680298,0.6234898018587336,0.4986046484713273
2026-09-01T09:15:00,717461,32.789580746224985,24.949274885338475,0.0,0.4955449115965387,0.659345815100069,-0.7518398074789773,0.7818314824680298,0.6234898018587336,0.4895601451975178
2026-09-01T09:15:00,717462,33.8240707640281,24.949274885338475,0.0,0.4796296805534138,0.659345815100069,-0.7518398074789773,0.7818314824680298,0.6234898018587336,0.5645189076412948
2026-09-01T09:15:00,717463,22.02223469319268,24.949274885338475,0.0,0.6611963893354973,0.659345815100069,-0.7518398074789773,0.7818314824680298,0.6234898018587336,0.5328710700274409
2026-09-01T09:20:00,717447,42.788018718577895,24.892343526953297,0.0,0.34172278894495545,0.6427876096865391,-0.7660444431189782,0.7818314824680298,0.6234898018587336,0.393638628702729
2026-09-01T09:20:00,717512,40.478589628648926,24.892343526953297,0.0,0.37725246725155503,0.6427876096865391,-0.7660444431189782,0.7818314824680298,0.6234898018587336,0.37593110483900133
2026-09-01T09:20:00,717446,38.12551198444476,24.892343526953297,0.0,0.4134536617777729,0.6427876096865391,-0.7660444431189782,0.7818314824680298,0.6234898018587336,0.4226461222003978
2026-09-01T09:20:00,717445,40.46530184928919,24.892343526953297,0.0,0.37745689462632015,0.6427876096865391,-0.7660444431189782,0.7818314824680298,0.6234898018587336,0.42272776735992795
2026-09-01T09:20:00,717458,36.16399331414569,24.892343526953297,0.0,0.44363087209006624,0.6427876096865391,-0.7660444431189782,0.7818314824680298,0.6234898018587336,0.400615822972844
2026-09-01T09:20:00,717459,39.43132540506386,24.892343526953297,0.0,0.3933642245374791,0.6427876096865391,-0.7660444431189782,0.7818314824680298,0.6234898018587336,0.4784705357369264
2026-09-01T09:20:00,717460,38.503520124043845,24.892343526953297,0.0,0.40763815193778696,0.6427876096865391,-0.7660444431189782,0.7818314824680298,0.6234898018587336,0.46732436727118126
2026-09-01T09:20:00,717461,35.983401248207464,24.892343526953297,1.8,0.44640921156603897,0.6427876096865391,-0.7660444431189782,0.7818314824680298,0.6234898018587336,0.4781383711436633
2026-09-01T09:20:00,717462,35.41943234845957,24.892343526953297,0.0,0.45508565617754504,0.6427876096865391,-0.7660444431189782,0.7818314824680298,0.6234898018587336,0.5492552566757891
2026-09-01T09:20:00,717463,33.59267984926046,24.892343526953297,1.8,0.4831895407806083,0.6427876096865391,-0.7660444431189782,0.7818314824680298,0.6234898018587336,0.5698649379919177
2026-09-01T09:25:00,717447,46.50082511646684,24.83415685653889,0.0,0.2846026905158947,0.6259234721840592,-0.7798844830928817,0.7818314824680298,0.6234898018587336,0.364514626675764
2026-09-01T09:25:00,717512,45.1624705302245,24.83415685653889,0.0,0.30519276107346915,0.6259234721840592,-0.7798844830928817,0.7818314824680298,0.6234898018587336,0.3550647312781921
2026-09-01T09:25:00,717446,42.75394116340853,24.83415685653889,1.8,0.34224705902448416,0.6259234721840592,-0.7798844830928817,0.7818314824680298,0.6234898018587336,0.3867937025258968
2026-09-01T09:25:00,717445,43.710047255733066,24.83415685653889,0.0,0.3275377345271836,0.6259234721840592,-0.7798844830928817,0.7818314824680298,0.6234898018587336,0.4106796570938145
2026-09-01T09:25:00,717458,38.8103956489525,24.83415685653889,0.0,0.40291699001611536,0.6259234721840592,-0.7798844830928817,0.7818314824680298,0.6234898018587336,0.4248745115582218
2026-09-01T09:25:00,717459,35.86488860636444,24.83415685653889,1.8,0.44823248297900864,0.6259234721840592,-0.7798844830928817,0.7818314824680298,0.6234898018587336,0.43376648650216404
2026-09-01T09:25:00,717460,34.522336777783906,24.83415685653889,0.0,0.46888712649563224,0.6259234721840592,-0.7798844830928817,0.7818314824680298,0.6234898018587336,0.4523066665532138
2026-09-01T09:25:00,717461,34.77571195186667,24.83415685653889,0.0,0.46498904689435894,0.6259234721840592,-0.7798844830928817,0.7818314824680298,0.6234898018587336,0.48308109264878524
2026-09-01T09:25:00,717462,28.81875253992243,24.83415685653889,1.8,0.5566345763088858,0.6259234721840592,-0.7798844830928817,0.7818314824680298,0.6234898018587336,0.5136492354462749
2026-09-01T09:25:00,717463,33.939477662902604,24.83415685653889,0.0,0.4778541898014984,0.6259234721840592,-0.7798844830928817,0.7818314824680298,0.6234898018587336,0.5430016798733104
2026-09-01T09:30:00,717447,47.37087564286282,24.77474012781309,1.8,0.27121729780211046,0.6087614290087209,-0.793353340291235,0.7818314824680298,0.6234898018587336,0.33771661256359087
2026-09-01T09:30:00,717512,47.00584905044528,24.77474012781309,1.8,0.27683309153161106,0.6087614290087209,-0.793353340291235,0.7818314824680298,0.6234898018587336,0.3322678203304031
2026-09-01T09:30:00,717446,38.17045904445869,24.77474012781309,0.0,0.4127621685467894,0.6087614290087209,-0.793353340291235,0.7818314824680298,0.6234898018587336,0.3677383375782719
2026-09-01T09:30:00,717445,39.50496430186696,24.77474012781309,0.0,0.392231318432816,0.6087614290087209,-0.793353340291235,0.7818314824680298,0.6234898018587336,0.3698027361815628
2026-09-01T09:30:00,717458,43.081563163360855,24.77474012781309,0.0,0.3372067205636792,0.6087614290087209,-0.793353340291235,0.7818314824680298,0.6234898018587336,0.41855817002347834
2026-09-01T09:30:00,717459,38.8116602212472,24.77474012781309,0.0,0.4028975350577354,0.6087614290087209,-0.793353340291235,0.7818314824680298,0.6234898018587336,0.4211525058130052
2026-09-01T09:30:00,717460,40.09939272819328,24.77474012781309,0.0,0.3830862657201034,0.6087614290087209,-0.793353340291235,0.7818314824680298,0.6234898018587336,0.45191157826619843
2026-09-01T09:30:00,717461,33.27536345300519,24.77474012781309,0.0,0.4880713314922278,0.6087614290087209,-0.793353340291235,0.7818314824680298,0.6234898018587336,0.46898105668564555
2026-09-01T09:30:00,717462,39.87511442508156,24.77474012781309,1.8,0.3865367011525913,0.6087614290087209,-0.793353340291235,0.7818314824680298,0.6234898018587336,0.49711663767994824
2026-09-01T09:30:00,717463,30.666677440208275,24.77474012781309,0.0,0.5282049624583343,0.6087614290087209,-0.793353340291235,0.7818314824680298,0.6234898018587336,0.5407467066392013
2026-09-01T09:35:00,717447,37.64998805196749,24.71411912835389,0.0,0.4207694145851155,0.5913096483635822,-0.8064446042674827,0.7818314824680298,0.6234898018587336,0.2991809257543202
2026-09-01T09:35:00,717512,46.06007315369104,24.71411912835389,0.0,0.2913834899432147,0.5913096483635822,-0.8064446042674827,0.7818314824680298,0.6234898018587336,0.31975943995221173
2026-09-01T09:35:00,717446,44.937502765253846,24.71411912835389,0.0,0.3086538036114793,0.5913096483635822,-0.8064446042674827,0.7818314824680298,0.6234898018587336,0.38948762978301543
2026-09-01T09:35:00,717445,41.633615962533824,24.71411912835389,0.0,0.3594828313456335,0.5913096483635822,-0.8064446042674827,0.7818314824680298,0.6234898018587336,0.36574198252877327
2026-09-01T09:35:00,717458,43.33759782749863,24.71411912835389,0.0,0.33326772573079033,0.5913096483635822,-0.8064446042674827,0.7818314824680298,0.6234898018587336,0.3945848608899536
2026-09-01T09:35:00,717459,42.224934996929846,24.71411912835389,0.0,0.35038561543184854,0.5913096483635822,-0.8064446042674827,0.7818314824680298,0.6234898018587336,0.41483141419140773
2026-09-01T09:35:00,717460,40.68577242096626,24.71411912835389,0.0,0.3740650396774422,0.5913096483635822,-0.8064446042674827,0.7818314824680298,0.6234898018587336,0.4198705147178409
2026-09-01T09:35:00,717461,36.78163364230747,24.71411912835389,0.0,0.4341287131952697,0.5913096483635822,-0.8064446042674827,0.7818314824680298,0.6234898018587336,0.4664898633175419
2026-09-01T09:35:00,717462,35.02438512616279,24.71411912835389,0.0,0.4611633057513417,0.5913096483635822,-0.8064446042674827,0.7818314824680298,0.6234898018587336,0.46608564454634077
2026-09-01T09:35:00,717463,34.68067720509065,24.71411912835389,1.8,0.4664511199216823,0.5913096483635822,-0.8064446042674827,0.7818314824680298,0.6234898018587336,0.4964162310134803
2026-09-01T09:40:00,717447,45.562942955057785,24.652320168407343,1.8,0.29903164684526484,0.5735764363510464,-0.8191520442889916,0.7818314824680298,0.6234898018587336,0.3255298009677069
2026-09-01T09:40:00,717512,50.1932947541778,24.652320168407343,0.0,0.22779546532034156,0.5735764363510464,-0.8191520442889916,0.7818314824680298,0.6234898018587336,0.2911364475160983
2026-09-01T09:40:00,717446,44.64651860266564,24.652320168407343,0.0,0.3131304830359133,0.5735764363510464,-0.8191520442889916,0.7818314824680298,0.6234898018587336,0.35455434372758426
2026-09-01T09:40:00,717445,44.89577480378132,24.652320168407343,1.8,0.3092957722495181,0.5735764363510464,-0.8191520442889916,0.7818314824680298,0.6234898018587336,0.3597506281018777
2026-09-01T09:40:00,717458,45.7054975462073,24.652320168407343,0.0,0.29683849928911854,0.5735764363510464,-0.8191520442889916,0.7818314824680298,0.6234898018587336,0.35779714543686164
2026-09-01T09:40:00,717459,39.428812105071685,24.652320168407343,1.8,0.3934028906912048,0.5735764363510464,-0.8191520442889916,0.7818314824680298,0.6234898018587336,0.4005052111561975
2026-09-01T09:40:00,717460,36.79258998178474,24.652320168407343,0.0,0.43396015412638866,0.5735764363510464,-0.8191520442889916,0.7818314824680298,0.6234898018587336,0.40867947729772597
2026-09-01T09:40:00,717461,37.172429173039895,24.652320168407343,0.0,0.4281164742609247,0.5735764363510464,-0.8191520442889916,0.7818314824680298,0.6234898018587336,0.46239636386061883
2026-09-01T09:40:00,717462,39.217886739210165,24.652320168407343,0.0,0.39664789631984365,0.5735764363510464,-0.8191520442889916,0.7818314824680298,0.6234898018587336,0.4681115277376063
2026-09-01T09:40:00,717463,37.81097248630702,24.652320168407343,0.0,0.41829273097989195,0.5735764363510464,-0.8191520442889916,0.7818314824680298,0.6234898018587336,0.49083675739383836
2026-09-01T09:45:00,717447,50.51499770656048,24.58937006946858,1.8,0.22284618912983878,0.5555702330196025,-0.831469612302545,0.7818314824680298,0.6234898018587336,0.33033945307749696
2026-09-01T09:45:00,717512,47.83393789797632,24.58937006946858,0.0,0.2640932631080566,0.5555702330196025,-0.831469612302545,0.7818314824680298,0.6234898018587336,0.26533734893172245
2026-09-01T09:45:00,717446,39.627151681944525,24.58937006946858,0.0,0.39035151258546885,0.5555702330196025,-0.831469612302545,0.7818314824680298,0.6234898018587336,0.3448488183980607
2026-09-01T09:45:00,717445,45.34076567021489,24.58937006946858,0.0,0.3024497589197709,0.5555702330196025,-0.831469612302545,0.7818314824680298,0.6234898018587336,0.35366997400932254
2026-09-01T09:45:00,717458,47.43979561054732,24.58937006946858,0.0,0.2701569906069643,0.5555702330196025,-0.831469612302545,0.7818314824680298,0.6234898018587336,0.32243764852786266
2026-09-01T09:45:00,717459,47.05199532219246,24.58937006946858,0.0,0.27612314888934675,0.5555702330196025,-0.831469612302545,0.7818314824680298,0.6234898018587336,0.3822286803935963
2026-09-01T09:45:00,717460,42.40957592965812,24.58937006946858,0.0,0.3475449856975674,0.5555702330196025,-0.831469612302545,0.7818314824680298,0.6234898018587336,0.3970371531746448
2026-09-01T09:45:00,717461,41.5355502789906,24.58937006946858,1.8,0.36099153416937546,0.5555702330196025,-0.831469612302545,0.7818314824680298,0.6234898018587336,0.45010550631614077
2026-09-01T09:45:00,717462,41.590916606087234,24.58937006946858,1.8,0.3601397445217349,0.5555702330196025,-0.831469612302545,0.7818314824680298,0.6234898018587336,0.4147826344079255
2026-09-01T09:45:00,717463,42.15525646828026,24.58937006946858,0.0,0.35145759279568833,0.5555702330196025,-0.831469612302545,0.7818314824680298,0.6234898018587336,0.47098293778663614
2026-09-01T09:50:00,717447,50.63696057302282,24.525296152640944,0.0,0.2209698373381105,0.5372996083468238,-0.8433914458128857,0.7818314824680298,0.6234898018587336,0.3142157501867397
2026-09-01T09:50:00,717512,51.23899694324037,24.525296152640944,0.0,0.2117077393347635,0.5372996083468238,-0.8433914458128857,0.7818314824680298,0.6234898018587336,0.2610907394572043
2026-09-01T09:50:00,717446,46.58376614797828,24.525296152640944,0.0,0.283326674646488,0.5372996083468238,-0.8433914458128857,0.7818314824680298,0.6234898018587336,0.33737859974428713
2026-09-01T09:50:00,717445,43.37323941871056,24.525296152640944,1.8,0.33271939355829905,0.5372996083468238,-0.8433914458128857,0.7818314824680298,0.6234898018587336,0.32374278750497415
2026-09-01T09:50:00,717458,44.47563146938399,24.525296152640944,0.0,0.3157595158556309,0.5372996083468238,-0.8433914458128857,0.7818314824680298,0.6234898018587336,0.30008773854229104
2026-09-01T09:50:00,717459,48.99277929986526,24.525296152640944,0.0,0.24626493384822679,0.5372996083468238,-0.8433914458128857,0.7818314824680298,0.6234898018587336,0.33997055167080004
2026-09-01T09:50:00,717460,45.30199812858324,24.525296152640944,0.0,0.30304618263718086,0.5372996083468238,-0.8433914458128857,0.7818314824680298,0.6234898018587336,0.3851900598337994
2026-09-01T09:50:00,717461,38.81887734311072,24.525296152640944,0.0,0.4027865024136812,0.5372996083468238,-0.8433914458128857,0.7818314824680298,0.6234898018587336,0.40774557387519
2026-09-01T09:50:00,717462,43.04681854817667,24.525296152640944,0.0,0.3377412531049744,0.5372996083468238,-0.8433914458128857,0.7818314824680298,0.6234898018587336,0.4059836488643067
2026-09-01T09:50:00,717463,36.619804997332565,24.525296152640944,0.0,0.4366183846564221,0.5372996083468238,-0.8433914458128857,0.7818314824680298,0.6234898018587336,0.41206714789908755
2026-09-01T09:55:00,717447,53.02281355918765,24.460126226778343,0.0,0.1842644067817285,0.5187732581605218,-0.8549118706729464,0.7818314824680298,0.6234898018587336,0.2476158911044047
2026-09-01T09:55:00,717512,47.987430317822565,24.460126226778343,0.0,0.2617318412642682,0.5187732581605218,-0.8549118706729464,0.7818314824680298,0.6234898018587336,0.2345321559210539
2026-09-01T09:55:00,717446,45.92534930229312,24.460126226778343,0.0,0.2934561645801058,0.5187732581605218,-0.8549118706729464,0.7818314824680298,0.6234898018587336,0.32893622342262335
2026-09-01T09:55:00,717445,53.221603840662986,24.460126226778343,0.0,0.18120609475903093,0.5187732581605218,-0.8549118706729464,0.7818314824680298,0.6234898018587336,0.3148216415758627
2026-09-01T09:55:00,717458,46.10772955364815,24.460126226778343,0.0,0.29065031455925927,0.5187732581605218,-0.8549118706729464,0.7818314824680298,0.6234898018587336,0.29425166858390456
2026-09-01T09:55:00,717459,47.703147274142125,24.460126226778343,1.8,0.2661054265516596,0.5187732581605218,-0.8549118706729464,0.7818314824680298,0.6234898018587336,0.3052636578095928
2026-09-01T09:55:00,717460,44.81634250708227,24.460126226778343,0.0,0.3105178075833497,0.5187732581605218,-0.8549118706729464,0.7818314824680298,0.6234898018587336,0.36151710748704563
2026-09-01T09:55:00,717461,40.487022613550685,24.460126226778343,0.0,0.37712272902229715,0.5187732581605218,-0.8549118706729464,0.7818314824680298,0.6234898018587336,0.39729817028132713
2026-09-01T09:55:00,717462,41.607785234875045,24.460126226778343,0.0,0.3598802271557685,0.5187732581605218,-0.8549118706729464,0.7818314824680298,0.6234898018587336,0.36484296464885096
2026-09-01T09:55:00,717463,38.11053685706956,24.460126226778343,0.0,0.41368404835277595,0.5187732581605218,-0.8549118706729464,0.7818314824680298,0.6234898018587336,0.4021229028106674
2026-09-01T10:00:00,717447,60.34568350699783,24.393888576415826,1.8,0.07160486912311026,0.49999999999999994,-0.8660254037844387,0.7818314824680298,0.6234898018587336,0.20936014441655926
2026-09-01T10:00:00,717512,54.26165010585316,24.393888576415826,0.0,0.16520538298687448,0.49999999999999994,-0.8660254037844387,0.7818314824680298,0.6234898018587336,0.2458442812356961
2026-09-01T10:00:00,717446,50.77523492059522,24.393888576415826,0.0,0.21884253968315048,0.49999999999999994,-0.8660254037844387,0.7818314824680298,0.6234898018587336,0.32237811727068755
2026-09-01T10:00:00,717445,51.14919458768471,24.393888576415826,0.0,0.21308931403561981,0.49999999999999994,-0.8660254037844387,0.7818314824680298,0.6234898018587336,0.27212508241236694
2026-09-01T10:00:00,717458,50.45398118848282,24.393888576415826,0.0,0.22378490479257196,0.49999999999999994,-0.8660254037844387,0.7818314824680298,0.6234898018587336,0.29218894034061815
2026-09-01T10:00:00,717459,49.26239441928289,24.393888576415826,0.0,0.24211700893410937,0.49999999999999994,-0.8660254037844387,0.7818314824680298,0.6234898018587336,0.2628311697630777
2026-09-01T10:00:00,717460,47.92642095005955,24.393888576415826,1.8,0.2626704469221608,0.49999999999999994,-0.8660254037844387,0.7818314824680298,0.6234898018587336,0.320369658639366
2026-09-01T10:00:00,717461,46.48327964338322,24.393888576415826,0.0,0.2848726208710274,0.49999999999999994,-0.8660254037844387,0.7818314824680298,0.6234898018587336,0.3803002552017846
2026-09-01T10:00:00,717462,43.81340612794504,24.393888576415826,0.0,0.32594759803161466,0.49999999999999994,-0.8660254037844387,0.7818314824680298,0.6234898018587336,0.3525870749274926
2026-09-01T10:00:00,717463,46.95489769664465,24.393888576415826,0.0,0.27761695851315926,0.49999999999999994,-0.8660254037844387,0.7818314824680298,0.6234898018587336,0.40058667526829544
2026-09-01T10:05:00,717447,54.76365727981925,24.326611949493778,0.0,0.15748219569508848,0.48098876891938763,-0.8767267557075077,0.7818314824680298,0.6234898018587336,0.15894637108098308
2026-09-01T10:05:00,717512,53.22203786167775,24.326611949493778,1.8,0.18119941751265,0.48098876891938763,-0.8767267557075077,0.7818314824680298,0.6234898018587336,0.2128816545286354
2026-09-01T10:05:00,717446,52.38939974922092,24.326611949493778,0.0,0.1940092346273704,0.48098876891938763,-0.8767267557075077,0.7818314824680298,0.6234898018587336,0.2652084596365814
2026-09-01T10:05:00,717445,51.4012343498352,24.326611949493778,0.0,0.20921177923330458,0.48098876891938763,-0.8767267557075077,0.7818314824680298,0.6234898018587336,0.24233826745098327
2026-09-01T10:05:00,717458,44.66666282068015,24.326611949493778,1.8,0.31282057198953617,0.48098876891938763,-0.8767267557075077,0.7818314824680298,0.6234898018587336,0.27673157840248735
2026-09-01T10:05:00,717459,45.78388368176896,24.326611949493778,0.0,0.295632558742016,0.48098876891938763,-0.8767267557075077,0.7818314824680298,0.6234898018587336,0.2514957897779986
2026-09-01T10:05:00,717460,46.75961047566256,24.326611949493778,0.0,0.28062137729749903,0.48098876891938763,-0.8767267557075077,0.7818314824680298,0.6234898018587336,0.29207814571423046
2026-09-01T10:05:00,717461,40.9398083226472,24.326611949493778,0.0,0.3701567950361969,0.48098876891938763,-0.8767267557075077,0.7818314824680298,0.6234898018587336,0.35492728410233526
2026-09-01T10:05:00,717462,44.73203422099758,24.326611949493778,0.0,0.31181485813849874,0.48098876891938763,-0.8767267557075077,0.7818314824680298,0.6234898018587336,0.3411896927641192
2026-09-01T10:05:00,717463,44.16147747326576,24.326611949493778,1.8,0.32059265425744976,0.48098876891938763,-0.8767267557075077,0.7818314824680298,0.6234898018587336,0.37597313050745246
2026-09-01T10:10:00,717447,51.59061033137292,24.258325544880964,0.0,0.20629830259426274,0.4617486132350339,-0.8870108331782217,0.7818314824680298,0.6234898018587336,0.13778382386664242
2026-09-01T10:10:00,717512,52.32202040277222,24.258325544880964,1.8,0.19504583995735048,0.4617486132350339,-0.8870108331782217,0.7818314824680298,0.6234898018587336,0.20271221392126423
2026-09-01T10:10:00,717446,56.81603601190197,24.258325544880964,0.0,0.12590713827843125,0.4617486132350339,-0.8870108331782217,0.7818314824680298,0.6234898018587336,0.2354359796302089
2026-09-01T10:10:00,717445,53.444177809066026,24.258325544880964,1.8,0.17778187986052263,0.4617486132350339,-0.8870108331782217,0.7818314824680298,0.6234898018587336,0.2011690626759851
2026-09-01T10:10:00,717458,52.06576987238101,24.258325544880964,0.0,0.1989881558095229,0.4617486132350339,-0.8870108331782217,0.7818314824680298,0.6234898018587336,0.2757519304471225
2026-09-01T10:10:00,717459,52.79155174245446,24.258325544880964,0.0,0.18782228088531605,0.4617486132350339,-0.8870108331782217,0.7818314824680298,0.6234898018587336,0.26795166474259496
2026-09-01T10:10:00,717460,45.73853209325964,24.258325544880964,0.0,0.29633027548831314,0.4617486132350339,-0.8870108331782217,0.7818314824680298,0.6234898018587336,0.2846032106010032
2026-09-01T10:10:00,717461,43.19837105014681,24.258325544880964,0.0,0.33540967615158757,0.4617486132350339,-0.8870108331782217,0.7818314824680298,0.6234898018587336,0.34405071497650713
2026-09-01T10:10:00,717462,48.73310817665796,24.258325544880964,0.0,0.2502598742052622,0.4617486132350339,-0.8870108331782217,0.7818314824680298,0.6234898018587336,0.3325475611086273
2026-09-01T10:10:00,717463,44.34325155596309,24.258325544880964,1.8,0.3177961299082601,0.4617486132350339,-0.8870108331782217,0.7818314824680298,0.6234898018587336,0.33729788704112834
2026-09-01T10:15:00,717447,53.902157841322456,24.18905899970186,1.8,0.17073603321042374,0.4422886902190017,-0.8968727415326881,0.7818314824680298,0.6234898018587336,0.14512845580415382
2026-09-01T10:15:00,717512,61.47620271129684,24.18905899970186,0.0,0.05421226598004858,0.4422886902190017,-0.8968727415326881,0.7818314824680298,0.6234898018587336,0.1804835468189583
2026-09-01T10:15:00,717446,49.18460346485836,24.18905899970186,0.0,0.24331379284833288,0.4422886902190017,-0.8968727415326881,0.7818314824680298,0.6234898018587336,0.17958630419631738
2026-09-01T10:15:00,717445,53.3618082828997,24.18905899970186,0.0,0.17904910334000457,0.4422886902190017,-0.8968727415326881,0.7818314824680298,0.6234898018587336,0.20002765770981568
2026-09-01T10:15:00,717458,51.037469441208046,24.18905899970186,0.0,0.2148081624429531,0.4422886902190017,-0.8968727415326881,0.7818314824680298,0.6234898018587336,0.24519787753054367
2026-09-01T10:15:00,717459,49.33525027778125,24.18905899970186,0.0,0.24099614957259619,0.4422886902190017,-0.8968727415326881,0.7818314824680298,0.6234898018587336,0.2418572828538138
2026-09-01T10:15:00,717460,42.572000812224005,24.18905899970186,1.8,0.3450461413503999,0.4422886902190017,-0.8968727415326881,0.7818314824680298,0.6234898018587336,0.27987403323599097
2026-09-01T10:15:00,717461,52.6078876501015,24.18905899970186,0.0,0.19064788230613072,0.4422886902190017,-0.8968727415326881,0.7818314824680298,0.6234898018587336,0.33014636401960396
2026-09-01T10:15:00,717462,42.53571508886209,24.18905899970186,1.8,0.3456043832482756,0.4422886902190017,-0.8968727415326881,0.7818314824680298,0.6234898018587336,0.29600744345845853
2026-09-01T10:15:00,717463,44.80762955850928,24.18905899970186,0.0,0.31065185294601116,0.4422886902190017,-0.8968727415326881,0.7818314824680298,0.6234898018587336,0.30533524755962305
2026-09-01T10:20:00,717447,56.087244264079466,24.118842376473797,0.0,0.13711931901416208,0.4226182617406995,-0.9063077870366499,0.7818314824680298,0.6234898018587336,0.17817217716659164
2026-09-01T10:20:00,717512,57.94063733428761,24.118842376473797,0.0,0.10860557947249838,0.4226182617406995,-0.9063077870366499,0.7818314824680298,0.6234898018587336,0.14348584115001636
2026-09-01T10:20:00,717446,50.18060446932421,24.118842376473797,0.0,0.22799070047193526,0.4226182617406995,-0.9063077870366499,0.7818314824680298,0.6234898018587336,0.1877433885847115
2026-09-01T10:20:00,717445,55.16149552322128,24.118842376473797,0.0,0.15136160733505732,0.4226182617406995,-0.9063077870366499,0.7818314824680298,0.6234898018587336,0.18868092081127727
2026-09-01T10:20:00,717458,53.14409602780664,24.118842376473797,0.0,0.1823985226491286,0.4226182617406995,-0.9063077870366499,0.7818314824680298,0.6234898018587336,0.24220563008067073
2026-09-01T10:20:00,717459,49.38903099158562,24.118842376473797,0.0,0.2401687539756059,0.4226182617406995,-0.9063077870366499,0.7818314824680298,0.6234898018587336,0.24148366306664273
2026-09-01T10:20:00,717460,51.45263914355456,24.118842376473797,0.0,0.20842093625300673,0.4226182617406995,-0.9063077870366499,0.7818314824680298,0.6234898018587336,0.307332598045404
2026-09-01T10:20:00,717461,49.032420857222704,24.118842376473797,0.0,0.24565506373503532,0.4226182617406995,-0.9063077870366499,0.7818314824680298,0.6234898018587336,0.29873811783130505
2026-09-01T10:20:00,717462,53.18802185433568,24.118842376473797,0.0,0.18172274070252803,0.4226182617406995,-0.9063077870366499,0.7818314824680298,0.6234898018587336,0.3025597051973455
2026-09-01T10:20:00,717463,46.00226614979356,24.118842376473797,0.0,0.29227282846471436,0.4226182617406995,-0.9063077870366499,0.7818314824680298,0.6234898018587336,0.31634687903724035
2026-09-01T10:25:00,717447,55.401631505682616,24.04770615005944,0.0,0.14766720760488283,0.4027466898587373,-0.9153114791194471,0.7818314824680298,0.6234898018587336,0.17138455160628285
2026-09-01T10:25:00,717512,58.48815946977777,24.04770615005944,0.0,0.1001821620034189,0.4027466898587373,-0.9153114791194471,0.7818314824680298,0.6234898018587336,0.11928789513663247
2026-09-01T10:25:00,717446,54.93176654456718,24.04770615005944,1.8,0.154895899314351,0.4027466898587373,-0.9153114791194471,0.7818314824680298,0.6234898018587336,0.19907054386623313
2026-09-01T10:25:00,717445,54.66881485240671,24.04770615005944,0.0,0.15894130996297362,0.4027466898587373,-0.9153114791194471,0.7818314824680298,0.6234898018587336,0.16939753017852818
2026-09-01T10:25:00,717458,49.71971743422749,24.04770615005944,0.0,0.23508127024265402,0.4027466898587373,-0.9153114791194471,0.7818314824680298,0.6234898018587336,0.19873161363386818
2026-09-01T10:25:00,717459,54.08448661520274,24.04770615005944,0.0,0.16793097515072708,0.4027466898587373,-0.9153114791194471,0.7818314824680298,0.6234898018587336,0.22299572814450605
2026-09-01T10:25:00,717460,49.66081419285814,24.04770615005944,0.0,0.2359874739560286,0.4027466898587373,-0.9153114791194471,0.7818314824680298,0.6234898018587336,0.2832657843639066
2026-09-01T10:25:00,717461,50.66857532509279,24.04770615005944,1.8,0.22048345653703405,0.4027466898587373,-0.9153114791194471,0.7818314824680298,0.6234898018587336,0.25723754073091787
2026-09-01T10:25:00,717462,54.97010600363618,24.04770615005944,1.8,0.15430606148252024,0.4027466898587373,-0.9153114791194471,0.7818314824680298,0.6234898018587336,0.25919566605202193
2026-09-01T10:25:00,717463,46.72986353389866,24.04770615005944,0.0,0.2810790225554053,0.4027466898587373,-0.9153114791194471,0.7818314824680298,0.6234898018587336,0.30690693710632855
2026-09-01T10:30:00,717447,61.327100404583085,23.975681194440355,0.0,0.05650614762179873,0.3826834323650899,-0.9238795325112867,0.7818314824680298,0.6234898018587336,0.15184085327648955
2026-09-01T10:30:00,717512,57.35085197042896,23.975681194440355,1.8,0.11767920045493907,0.3826834323650899,-0.9238795325112867,0.7818314824680298,0.6234898018587336,0.08766666915198862
2026-09-01T10:30:00,717446,54.746405375119,23.975681194440355,0.0,0.15774760961355394,0.3826834323650899,-0.9238795325112867,0.7818314824680298,0.6234898018587336,0.2087334642115397
2026-09-01T10:30:00,717445,59.45843658690231,23.975681194440355,0.0,0.08525482173996446,0.3826834323650899,-0.9238795325112867,0.7818314824680298,0.6234898018587336,0.1631173402126785
2026-09-01T10:30:00,717458,48.69490463600143,23.975681194440355,0.0,0.25084762098459334,0.3826834323650899,-0.9238795325112867,0.7818314824680298,0.6234898018587336,0.21076265177824524
2026-09-01T10:30:00,717459,56.11706555959404,23.975681194440355,0.0,0.1366605298523994,0.3826834323650899,-0.9238795325112867,0.7818314824680298,0.6234898018587336,0.21636529289964304
2026-09-01T10:30:00,717460,45.98421303694776,23.975681194440355,0.0,0.2925505686623422,0.3826834323650899,-0.9238795325112867,0.7818314824680298,0.6234898018587336,0.2631515171864784
2026-09-01T10:30:00,717461,53.3723165049812,23.975681194440355,0.0,0.17888743838490462,0.3826834323650899,-0.9238795325112867,0.7818314824680298,0.6234898018587336,0.21892880085940003
2026-09-01T10:30:00,717462,49.537343693592575,23.975681194440355,0.0,0.23788702009857576,0.3826834323650899,-0.9238795325112867,0.7818314824680298,0.6234898018587336,0.22721106181110795
2026-09-01T10:30:00,717463,45.43270623189334,23.975681194440355,1.8,0.30103528874010244,0.3826834323650899,-0.9238795325112867,0.7818314824680298,0.6234898018587336,0.2946679013220436
2026-09-01T10:35:00,717447,58.62491155387613,23.902798769317325,0.0,0.09807828378652106,0.36243803828370136,-0.9320078692827987,0.7818314824680298,0.6234898018587336,0.11376422474694788
2026-09-01T10:35:00,717512,60.70497586352657,23.902798769317325,0.0,0.0660772944072835,0.36243803828370136,-0.9320078692827987,0.7818314824680298,0.6234898018587336,0.10882231397695212
2026-09-01T10:35:00,717446,63.375342246202926,23.902798769317325,0.0,0.02499473467380109,0.36243803828370136,-0.9320078692827987,0.7818314824680298,0.6234898018587336,0.18021140313328007
2026-09-01T10:35:00,717445,51.553295657523314,23.902798769317325,0.0,0.20687237449964135,0.36243803828370136,-0.9320078692827987,0.7818314824680298,0.6234898018587336,0.1318525796793318
2026-09-01T10:35:00,717458,52.34966834768709,23.902798769317325,0.0,0.19462048695866008,0.36243803828370136,-0.9320078692827987,0.7818314824680298,0.6234898018587336,0.22277580462545865
2026-09-01T10:35:00,717459,49.8550796154395,23.902798769317325,0.0,0.23299877514708456,0.36243803828370136,-0.9320078692827987,0.7818314824680298,0.6234898018587336,0.1815867529929108
2026-09-01T10:35:00,717460,52.07865932032537,23.902798769317325,0.0,0.19878985661037885,0.36243803828370136,-0.9320078692827987,0.7818314824680298,0.6234898018587336,0.24565299295712584
2026-09-01T10:35:00,717461,54.21097082842985,23.902798769317325,0.0,0.1659850641780023,0.36243803828370136,-0.9320078692827987,0.7818314824680298,0.6234898018587336,0.21500865288565799
2026-09-01T10:35:00,717462,45.89249342250179,23.902798769317325,0.0,0.2939616396538186,0.36243803828370136,-0.9320078692827987,0.7818314824680298,0.6234898018587336,0.19130527409454134
2026-09-01T10:35:00,717463,49.00975364911831,23.902798769317325,0.0,0.24600379001356443,0.36243803828370136,-0.9320078692827987,0.7818314824680298,0.6234898018587336,0.291462379920074
2026-09-01T10:40:00,717447,63.18746710503906,23.82909050654325,0.0,0.027885121460937468,0.3420201433256689,-0.9396926207859083,0.7818314824680298,0.6234898018587336,0.10075054633773421
2026-09-01T10:40:00,717512,58.064519553704,23.82909050654325,1.8,0.10669969917378452,0.3420201433256689,-0.9396926207859083,0.7818314824680298,0.6234898018587336,0.09464621895521382
2026-09-01T10:40:00,717446,50.31416336486576,23.82909050654325,0.0,0.22593594823283436,0.3420201433256689,-0.9396926207859083,0.7818314824680298,0.6234898018587336,0.11254608120056868
2026-09-01T10:40:00,717445,57.52364937513664,23.82909050654325,0.0,0.11502077884405171,0.3420201433256689,-0.9396926207859083,0.7818314824680298,0.6234898018587336,0.15035616873419314
2026-09-01T10:40:00,717458,59.43415151021362,23.82909050654325,0.0,0.08562843830440592,0.3420201433256689,-0.9396926207859083,0.7818314824680298,0.6234898018587336,0.2268497927286358
2026-09-01T10:40:00,717459,51.31364389580001,23.82909050654325,0.0,0.21055932467999983,0.3420201433256689,-0.9396926207859083,0.7818314824680298,0.6234898018587336,0.17919676005007035
2026-09-01T10:40:00,717460,47.99104218272761,23.82909050654325,0.0,0.2616762741118829,0.3420201433256689,-0.9396926207859083,0.7818314824680298,0.6234898018587336,0.24244263307624989
2026-09-01T10:40:00,717461,53.085760412504094,23.82909050654325,1.8,0.18329599365378313,0.3420201433256689,-0.9396926207859083,0.7818314824680298,0.6234898018587336,0.18845198636664698
2026-09-01T10:40:00,717462,51.96983438536217,23.82909050654325,1.8,0.20046408637904356,0.3420201433256689,-0.9396926207859083,0.7818314824680298,0.6234898018587336,0.2287182404116382
2026-09-01T10:40:00,717463,48.265119242406506,23.82909050654325,0.0,0.2574597039629768,0.3420201433256689,-0.9396926207859083,0.7818314824680298,0.6234898018587336,0.27603936710302407
2026-09-01T10:45:00,717447,59.11204843141466,23.75458839639453,0.0,0.0905838702859284,0.32143946530316175,-0.9469301294951056,0.7818314824680298,0.6234898018587336,0.06082318428975242
2026-09-01T10:45:00,717512,60.04162992136356,23.75458839639453,0.0,0.07628261659440683,0.32143946530316175,-0.9469301294951056,0.7818314824680298,0.6234898018587336,0.0968187313453357
2026-09-01T10:45:00,717446,55.477434852311085,23.75458839639453,0.0,0.14650100227213714,0.32143946530316175,-0.9469301294951056,0.7818314824680298,0.6234898018587336,0.1362260975067298
2026-09-01T10:45:00,717445,54.28169728224393,23.75458839639453,1.8,0.16489696488855488,0.32143946530316175,-0.9469301294951056,0.7818314824680298,0.6234898018587336,0.1357159916945525
2026-09-01T10:45:00,717458,58.37729251776901,23.75458839639453,0.0,0.10188780741893833,0.32143946530316175,-0.9469301294951056,0.7818314824680298,0.6234898018587336,0.1770321820825531
2026-09-01T10:45:00,717459,51.69279056342352,23.75458839639453,0.0,0.20472629902425354,0.32143946530316175,-0.9469301294951056,0.7818314824680298,0.6234898018587336,0.19340620989316126
2026-09-01T10:45:00,717460,48.7617524825277,23.75458839639453,0.0,0.24981919257649698,0.32143946530316175,-0.9469301294951056,0.7818314824680298,0.6234898018587336,0.25100556646153466
2026-09-01T10:45:00,717461,50.70647871189253,23.75458839639453,0.0,0.21990032750934574,0.32143946530316175,-0.9469301294951056,0.7818314824680298,0.6234898018587336,0.17605616540556335
2026-09-01T10:45:00,717462,50.14595988197133,23.75458839639453,0.0,0.22852369412351803,0.32143946530316175,-0.9469301294951056,0.7818314824680298,0.6234898018587336,0.2441042487104793
2026-09-01T10:45:00,717463,51.72535534865519,23.75458839639453,0.0,0.20422530232838165,0.32143946530316175,-0.9469301294951056,0.7818314824680298,0.6234898018587336,0.2681662609055479
2026-09-01T10:50:00,717447,59.893638007076106,23.679324773686947,0.0,0.07855941527575216,0.30070579950427334,-0.9537169507482268,0.7818314824680298,0.6234898018587336,0.07218242517779565
2026-09-01T10:50:00,717512,64.75327817624655,23.679324773686947,0.0,0.003795720365437627,0.30070579950427334,-0.9537169507482268,0.7818314824680298,0.6234898018587336,0.08301987005849161
2026-09-01T10:50:00,717446,59.542123018846105,23.679324773686947,0.0,0.0839673381715984,0.30070579950427334,-0.9537169507482268,0.7818314824680298,0.6234898018587336,0.1324772283929242
2026-09-01T10:50:00,717445,55.66137142622825,23.679324773686947,0.0,0.1436712088272577,0.30070579950427334,-0.9537169507482268,0.7818314824680298,0.6234898018587336,0.16226337274408265
2026-09-01T10:50:00,717458,58.14136325381708,23.679324773686947,0.0,0.10551748840281405,0.30070579950427334,-0.9537169507482268,0.7818314824680298,0.6234898018587336,0.12737891089400144
2026-09-01T10:50:00,717459,59.89096436999032,23.679324773686947,1.8,0.07860054815399509,0.30070579950427334,-0.9537169507482268,0.7818314824680298,0.6234898018587336,0.21609479961711264
2026-09-01T10:50:00,717460,56.437518868759454,23.679324773686947,0.0,0.13173047894216228,0.30070579950427334,-0.9537169507482268,0.7818314824680298,0.6234898018587336,0.23676177443291957
2026-09-01T10:50:00,717461,48.77692768587158,23.679324773686947,0.0,0.24958572790966804,0.30070579950427334,-0.9537169507482268,0.7818314824680298,0.6234898018587336,0.18972712844704373
2026-09-01T10:50:00,717462,50.93425477529397,23.679324773686947,0.0,0.21639608038009273,0.30070579950427334,-0.9537169507482268,0.7818314824680298,0.6234898018587336,0.24098314005212673
2026-09-01T10:50:00,717463,51.63676920990612,23.679324773686947,0.0,0.20558816600144425,0.30070579950427334,-0.9537169507482268,0.7818314824680298,0.6234898018587336,0.2358962654349743
2026-09-01T10:55:00,717447,63.9915915980022,23.603332303741904,0.0,0.015513975415350711,0.2798290140309927,-0.9600498543859285,0.7818314824680298,0.6234898018587336,0.06567613567420601
2026-09-01T10:55:00,717512,60.421832564432485,23.603332303741904,0.0,0.07043334516257715,0.2798290140309927,-0.9600498543859285,0.7818314824680298,0.6234898018587336,0.06225934537787633
2026-09-01T10:55:00,717446,58.80941954392208,23.603332303741904,0.0,0.09523969932427567,0.2798290140309927,-0.9600498543859285,0.7818314824680298,0.6234898018587336,0.15213476289218997
2026-09-01T10:55:00,717445,63.957056488330615,23.603332303741904,0.0,0.016045284794913628,0.2798290140309927,-0.9600498543859285,0.7818314824680298,0.6234898018587336,0.14119631751995476
2026-09-01T10:55:00,717458,59.36919517675703,23.603332303741904,0.0,0.08662776651143034,0.2798290140309927,-0.9600498543859285,0.7818314824680298,0.6234898018587336,0.0976779113753861
2026-09-01T10:55:00,717459,57.43618225243701,23.603332303741904,0.0,0.11636642688558452,0.2798290140309927,-0.9600498543859285,0.7818314824680298,0.6234898018587336,0.1646287239527495
2026-09-01T10:55:00,717460,53.29651715875556,23.603332303741904,0.0,0.1800535821729914,0.2798290140309927,-0.9600498543859285,0.7818314824680298,0.6234898018587336,0.21440864854351405
2026-09-01T10:55:00,717461,50.47095972167857,23.603332303741904,0.0,0.2235236965895605,0.2798290140309927,-0.9600498543859285,0.7818314824680298,0.6234898018587336,0.21759401635759898
2026-09-01T10:55:00,717462,53.889926112454326,23.603332303741904,0.0,0.1709242136545488,0.2798290140309927,-0.9600498543859285,0.7818314824680298,0.6234898018587336,0.21512795362755144
2026-09-01T10:55:00,717463,53.70823193113,23.603332303741904,0.0,0.17371950875184616,0.2798290140309927,-0.9600498543859285,0.7818314824680298,0.6234898018587336,0.22242439076426757
2026-09-01T11:00:00,717447,62.582203356245735,23.526643968209328,0.0,0.03719687144237327,0.258819045102521,-0.9659258262890682,0.7818314824680298,0.6234898018587336,0.06155242032567709
2026-09-01T11:00:00,717512,63.40521637951041,23.526643968209328,0.0,0.024535132622916844,0.258819045102521,-0.9659258262890682,0.7818314824680298,0.6234898018587336,0.05017056070747387
2026-09-01T11:00:00,717446,62.28560468543021,23.526643968209328,0.0,0.04175992791645833,0.258819045102521,-0.9659258262890682,0.7818314824680298,0.6234898018587336,0.10856934658933708
2026-09-01T11:00:00,717445,61.54629774496231,23.526643968209328,1.8,0.05313388084673365,0.258819045102521,-0.9659258262890682,0.7818314824680298,0.6234898018587336,0.10820448617024207
2026-09-01T11:00:00,717458,53.24537017269044,23.526643968209328,0.0,0.18084045888168554,0.258819045102521,-0.9659258262890682,0.7818314824680298,0.6234898018587336,0.09801102077772757
2026-09-01T11:00:00,717459,55.52790381031304,23.526643968209328,0.0,0.14572455676441476,0.258819045102521,-0.9659258262890682,0.7818314824680298,0.6234898018587336,0.13323109135461106
2026-09-01T11:00:00,717460,56.9009885768765,23.526643968209328,1.8,0.12460017574036153,0.258819045102521,-0.9659258262890682,0.7818314824680298,0.6234898018587336,0.18720108456388354
2026-09-01T11:00:00,717461,54.34831247427575,23.526643968209328,0.0,0.16387211578037308,0.258819045102521,-0.9659258262890682,0.7818314824680298,0.6234898018587336,0.23100325066952476
2026-09-01T11:00:00,717462,55.09547667334048,23.526643968209328,0.0,0.152377281948608,0.258819045102521,-0.9659258262890682,0.7818314824680298,0.6234898018587336,0.20528132938605317
2026-09-01T11:00:00,717463,53.061910245901046,23.526643968209328,0.0,0.18366291929383005,0.258819045102521,-0.9659258262890682,0.7818314824680298,0.6234898018587336,0.19451099236055736
2026-09-01T11:05:00,717447,56.51318595300176,23.4492930507532,1.8,0.1305663699538191,0.23768589232617293,-0.9713420698132614,0.7818314824680298,0.6234898018587336,0.04375675404449205
2026-09-01T11:05:00,717512,65.06467284787658,23.4492930507532,0.0,0.0,0.23768589232617293,-0.9713420698132614,0.7818314824680298,0.6234898018587336,0.03292139938364388
2026-09-01T11:05:00,717446,59.13670234459028,23.4492930507532,0.0,0.09020457931399561,0.23768589232617293,-0.9713420698132614,0.7818314824680298,0.6234898018587336,0.07365565513744414
2026-09-01T11:05:00,717445,56.78488742048613,23.4492930507532,0.0,0.1263863473771365,0.23768589232617293,-0.9713420698132614,0.7818314824680298,0.6234898018587336,0.07095012482296832
2026-09-01T11:05:00,717458,61.35302386475536,23.4492930507532,0.0,0.056107325157609855,0.23768589232617293,-0.9713420698132614,0.7818314824680298,0.6234898018587336,0.12432857126530998
2026-09-01T11:05:00,717459,58.82423256134558,23.4492930507532,0.0,0.09501180674852949,0.23768589232617293,-0.9713420698132614,0.7818314824680298,0.6234898018587336,0.11356384393466479
2026-09-01T11:05:00,717460,59.40904666877469,23.4492930507532,0.0,0.08601466663423551,0.23768589232617293,-0.9713420698132614,0.7818314824680298,0.6234898018587336,0.14546141228517173
2026-09-01T11:05:00,717461,55.35696630631706,23.4492930507532,1.8,0.14835436451819906,0.23768589232617293,-0.9713420698132614,0.7818314824680298,0.6234898018587336,0.21232718009320053
2026-09-01T11:05:00,717462,52.26538329487688,23.4492930507532,0.0,0.1959171800788173,0.23768589232617293,-0.9713420698132614,0.7818314824680298,0.6234898018587336,0.1798991919944165
2026-09-01T11:05:00,717463,52.60338011464225,23.4492930507532,0.0,0.1907172290055038,0.23768589232617293,-0.9713420698132614,0.7818314824680298,0.6234898018587336,0.1876568646823735
2026-09-01T11:10:00,717447,60.210467578281815,23.37131312260608,0.0,0.07368511418027979,0.21643961393810318,-0.9762960071199333,0.7818314824680298,0.6234898018587336,0.06109240560384769
2026-09-01T11:10:00,717512,58.04057124529742,23.37131312260608,0.0,0.10706813468773202,0.21643961393810318,-0.9762960071199333,0.7818314824680298,0.6234898018587336,0.03165615926183133
2026-09-01T11:10:00,717446,59.010791921749664,23.37131312260608,1.8,0.09214166274231284,0.21643961393810318,-0.9762960071199333,0.7818314824680298,0.6234898018587336,0.07573473551824321
2026-09-01T11:10:00,717445,64.29976523257753,23.37131312260608,0.0,0.010772842575730301,0.21643961393810318,-0.9762960071199333,0.7818314824680298,0.6234898018587336,0.0651885043395946
2026-09-01T11:10:00,717458,56.89117771367114,23.37131312260608,0.0,0.12475111209736711,0.21643961393810318,-0.9762960071199333,0.7818314824680298,0.6234898018587336,0.1078585168502419
2026-09-01T11:10:00,717459,52.17650823004919,23.37131312260608,0.0,0.19728448876847404,0.21643961393810318,-0.9762960071199333,0.7818314824680298,0.6234898018587336,0.11903426346617625
2026-09-01T11:10:00,717460,55.63088756901803,23.37131312260608,0.0,0.14414019124587651,0.21643961393810318,-0.9762960071199333,0.7818314824680298,0.6234898018587336,0.1302228081825295
2026-09-01T11:10:00,717461,53.25372021335623,23.37131312260608,0.0,0.1807119967175964,0.21643961393810318,-0.9762960071199333,0.7818314824680298,0.6234898018587336,0.17858339229604422
2026-09-01T11:10:00,717462,57.050778550535405,23.37131312260608,0.0,0.12229571460714761,0.21643961393810318,-0.9762960071199333,0.7818314824680298,0.6234898018587336,0.17307289189399136
2026-09-01T11:10:00,717463,56.8440797925068,23.37131312260608,0.0,0.12547569549989546,0.21643961393810318,-0.9762960071199333,0.7818314824680298,0.6234898018587336,0.18269988568372666
2026-09-01T11:15:00,717447,62.33922349298678,23.292738027998748,0.0,0.040935023184818675,0.19509032201612816,-0.9807852804032304,0.7818314824680298,0.6234898018587336,0.08048278519215739
2026-09-01T11:15:00,717512,63.16046049610527,23.292738027998748,0.0,0.028300607752226536,0.19509032201612816,-0.9807852804032304,0.7818314824680298,0.6234898018587336,0.04386775577021629
2026-09-01T11:15:00,717446,62.21098262100627,23.292738027998748,1.8,0.04290795967682659,0.19509032201612816,-0.9807852804032304,0.7818314824680298,0.6234898018587336,0.07470205665758893
2026-09-01T11:15:00,717445,59.83366192164526,23.292738027998748,0.0,0.07948212428238066,0.19509032201612816,-0.9807852804032304,0.7818314824680298,0.6234898018587336,0.06343102359986681
2026-09-01T11:15:00,717458,58.08841683373932,23.292738027998748,0.0,0.10633204871170276,0.19509032201612816,-0.9807852804032304,0.7818314824680298,0.6234898018587336,0.12056629871222084
2026-09-01T11:15:00,717459,54.8069195435517,23.292738027998748,0.0,0.15681662240689687,0.19509032201612816,-0.9807852804032304,0.7818314824680298,0.6234898018587336,0.14600695076047276
2026-09-01T11:15:00,717460,50.841055389642335,23.292738027998748,0.0,0.2178299170824256,0.19509032201612816,-0.9807852804032304,0.7818314824680298,0.6234898018587336,0.11825167787349118
2026-09-01T11:15:00,717461,52.39108639577938,23.292738027998748,0.0,0.1939832862187787,0.19509032201612816,-0.9807852804032304,0.7818314824680298,0.6234898018587336,0.16431282567205618
2026-09-01T11:15:00,717462,53.72930506698553,23.292738027998748,0.0,0.17339530666176106,0.19509032201612816,-0.9807852804032304,0.7818314824680298,0.6234898018587336,0.15686339221152432
2026-09-01T11:15:00,717463,48.43068331726103,23.292738027998748,0.0,0.25491256434983034,0.19509032201612816,-0.9807852804032304,0.7818314824680298,0.6234898018587336,0.16661861459974311
2026-09-01T11:20:00,717447,64.44259049153614,23.213601869471425,0.0,0.008575530899444073,0.17364817766693028,-0.984807753012208,0.7818314824680298,0.6234898018587336,0.08172883577297252
2026-09-01T11:20:00,717512,62.82882151444805,23.213601869471425,1.8,0.033402745931568445,0.17364817766693028,-0.984807753012208,0.7818314824680298,0.6234898018587336,0.04512291414665285
2026-09-01T11:20:00,717446,59.78074824957751,23.213601869471425,0.0,0.08029618077573053,0.17364817766693028,-0.984807753012208,0.7818314824680298,0.6234898018587336,0.07508473391104502
2026-09-01T11:20:00,717445,59.40582317236114,23.213601869471425,0.0,0.08606425888675173,0.17364817766693028,-0.984807753012208,0.7818314824680298,0.6234898018587336,0.07221377141174916
2026-09-01T11:20:00,717458,55.12204479255651,23.213601869471425,1.8,0.1519685416529768,0.17364817766693028,-0.984807753012208,0.7818314824680298,0.6234898018587336,0.09573016198889324
2026-09-01T11:20:00,717459,60.30998575697683,23.213601869471425,0.0,0.07215406527727952,0.17364817766693028,-0.984807753012208,0.7818314824680298,0.6234898018587336,0.14970430597463347
2026-09-01T11:20:00,717460,59.05497816681408,23.213601869471425,0.0,0.0914618743567065,0.17364817766693028,-0.984807753012208,0.7818314824680298,0.6234898018587336,0.14932825832084587
2026-09-01T11:20:00,717461,51.975998637081446,23.213601869471425,0.0,0.20036925173720854,0.17364817766693028,-0.984807753012208,0.7818314824680298,0.6234898018587336,0.17434988248485805
2026-09-01T11:20:00,717462,50.85315408460606,23.213601869471425,0.0,0.2176437833137529,0.17364817766693028,-0.984807753012208,0.7818314824680298,0.6234898018587336,0.163869400449242
2026-09-01T11:20:00,717463,50.26828004029651,23.213601869471425,0.0,0.22664184553389988,0.17364817766693028,-0.984807753012208,0.7818314824680298,0.6234898018587336,0.19036849628507654
2026-09-01T11:25:00,717447,65.68084001898427,23.133938993072853,0.0,0.0,0.15212338618991708,-0.9883615104677607,0.7818314824680298,0.6234898018587336,0.04106522275484751
2026-09-01T11:25:00,717512,63.84817884246719,23.133938993072853,0.0,0.01772032550050473,0.15212338618991708,-0.9883615104677607,0.7818314824680298,0.6234898018587336,0.056257162790509
2026-09-01T11:25:00,717446,64.76836431313004,23.133938993072853,0.0,0.0035636259518455615,0.15212338618991708,-0.9883615104677607,0.7818314824680298,0.6234898018587336,0.07178193439828999
2026-09-01T11:25:00,717445,63.93518117054902,23.133938993072853,1.8,0.01638182814539968,0.15212338618991708,-0.9883615104677607,0.7818314824680298,0.6234898018587336,0.058773075248287565
2026-09-01T11:25:00,717458,54.63308868559854,23.133938993072853,0.0,0.159490943298484,0.15212338618991708,-0.9883615104677607,0.7818314824680298,0.6234898018587336,0.12768390082068223
2026-09-01T11:25:00,717459,59.569175461319205,23.133938993072853,0.0,0.08355114674893527,0.15212338618991708,-0.9883615104677607,0.7818314824680298,0.6234898018587336,0.14208505881755015
2026-09-01T11:25:00,717460,60.1994712728772,23.133938993072853,0.0,0.07385428810958161,0.15212338618991708,-0.9883615104677607,0.7818314824680298,0.6234898018587336,0.15114399422833621
2026-09-01T11:25:00,717461,54.62417950032588,23.133938993072853,0.0,0.15962800768729413,0.15212338618991708,-0.9883615104677607,0.7818314824680298,0.6234898018587336,0.19168817822452788
2026-09-01T11:25:00,717462,54.355754740642986,23.133938993072853,1.8,0.16375761937472333,0.15212338618991708,-0.9883615104677607,0.7818314824680298,0.6234898018587336,0.17111160152755386
2026-09-01T11:25:00,717463,52.7033484195572,23.133938993072853,0.0,0.18917925508373534,0.15212338618991708,-0.9883615104677607,0.7818314824680298,0.6234898018587336,0.20234336846120857
2026-09-01T11:30:00,717447,63.80618361319036,23.053783973453683,0.0,0.01836640595091754,0.130526192220052,-0.9914448613738104,0.7818314824680298,0.6234898018587336,0.016503518028087583
2026-09-01T11:30:00,717512,65.47874291452987,23.053783973453683,0.0,0.0,0.130526192220052,-0.9914448613738104,0.7818314824680298,0.6234898018587336,0.026474559728099905
2026-09-01T11:30:00,717446,67.04935311282162,23.053783973453683,0.0,0.0,0.130526192220052,-0.9914448613738104,0.7818314824680298,0.6234898018587336,0.042255922134800894
2026-09-01T11:30:00,717445,64.74496363627682,23.053783973453683,0.0,0.00392363636497195,0.130526192220052,-0.9914448613738104,0.7818314824680298,0.6234898018587336,0.060642737104844024
2026-09-01T11:30:00,717458,57.89167708855133,23.053783973453683,0.0,0.1093588140222872,0.130526192220052,-0.9914448613738104,0.7818314824680298,0.6234898018587336,0.13926384455438787
2026-09-01T11:30:00,717459,58.99106304619853,23.053783973453683,0.0,0.09244518390463796,0.130526192220052,-0.9914448613738104,0.7818314824680298,0.6234898018587336,0.10417394481103721
2026-09-01T11:30:00,717460,54.649304403446166,23.053783973453683,0.0,0.15924147071621286,0.130526192220052,-0.9914448613738104,0.7818314824680298,0.6234898018587336,0.12771535984957125
2026-09-01T11:30:00,717461,53.72897824325658,23.053783973453683,0.0,0.17340033471912963,0.130526192220052,-0.9914448613738104,0.7818314824680298,0.6234898018587336,0.1846601818810938
2026-09-01T11:30:00,717462,54.39906653005729,23.053783973453683,0.0,0.1630912841529648,0.130526192220052,-0.9914448613738104,0.7818314824680298,0.6234898018587336,0.18493223645007908
2026-09-01T11:30:00,717463,51.25332143287311,23.053783973453683,0.0,0.21148736257118295,0.130526192220052,-0.9914448613738104,0.7818314824680298,0.6234898018587336,0.2235778883224885
2026-09-01T11:35:00,717447,62.60706006512136,22.97317159886068,0.0,0.03681446053659443,0.10886687485196457,-0.9940563382223196,0.7818314824680298,0.6234898018587336,0.008980645616787205
2026-09-01T11:35:00,717512,63.865433290837615,22.97317159886068,0.0,0.01745487244865207,0.10886687485196457,-0.9940563382223196,0.7818314824680298,0.6234898018587336,0.01704102381069106
2026-09-01T11:35:00,717446,63.44627512014029,22.97317159886068,0.0,0.023903459690149398,0.10886687485196457,-0.9940563382223196,0.7818314824680298,0.6234898018587336,0.02795326890919203
2026-09-01T11:35:00,717445,62.16322660198932,22.97317159886068,0.0,0.04364266766170277,0.10886687485196457,-0.9940563382223196,0.7818314824680298,0.6234898018587336,0.03545657446570779
2026-09-01T11:35:00,717458,60.99396664727347,22.97317159886068,0.0,0.061631282349638994,0.10886687485196457,-0.9940563382223196,0.7818314824680298,0.6234898018587336,0.14027276632458266
2026-09-01T11:35:00,717459,54.6342325222496,22.97317159886068,0.0,0.1594733458115447,0.10886687485196457,-0.9940563382223196,0.7818314824680298,0.6234898018587336,0.08271679864361758
2026-09-01T11:35:00,717460,54.85736147669574,22.97317159886068,0.0,0.15604059266621928,0.10886687485196457,-0.9940563382223196,0.7818314824680298,0.6234898018587336,0.10818587772750032
2026-09-01T11:35:00,717461,56.0610332955743,22.97317159886068,0.0,0.13752256468347235,0.10886687485196457,-0.9940563382223196,0.7818314824680298,0.6234898018587336,0.17779919804787744
2026-09-01T11:35:00,717462,57.96615393252952,22.97317159886068,0.0,0.10821301642262271,0.10886687485196457,-0.9940563382223196,0.7818314824680298,0.6234898018587336,0.18149756228048033
2026-09-01T11:35:00,717463,60.63883727308958,22.97317159886068,0.0,0.06709481118323724,0.10886687485196457,-0.9940563382223196,0.7818314824680298,0.6234898018587336,0.2091028210629394
2026-09-01T11:40:00,717447,65.38129616710047,22.892136856038192,0.0,0.0,0.0871557427476582,-0.9961946980917455,0.7818314824680298,0.6234898018587336,0.01839362216250399
2026-09-01T11:40:00,717512,65.43452789566427,22.892136856038192,0.0,0.0,0.0871557427476582,-0.9961946980917455,0.7818314824680298,0.6234898018587336,0.011725065983052266
2026-09-01T11:40:00,717446,58.0540229811161,22.892136856038192,0.0,0.10686118490590613,0.0871557427476582,-0.9961946980917455,0.7818314824680298,0.6234898018587336,0.00915569521399832
2026-09-01T11:40:00,717445,62.94859624938068,22.892136856038192,0.0,0.031560057701835675,0.0871557427476582,-0.9961946980917455,0.7818314824680298,0.6234898018587336,0.021316044057358135
2026-09-01T11:40:00,717458,65.6473864397902,22.892136856038192,0.0,0.0,0.0871557427476582,-0.9961946980917455,0.7818314824680298,0.6234898018587336,0.1101603465568034
2026-09-01T11:40:00,717459,56.1698706169358,22.892136856038192,1.8,0.13584814435483383,0.0871557427476582,-0.9961946980917455,0.7818314824680298,0.6234898018587336,0.11182322548837265
2026-09-01T11:40:00,717460,55.6211689725601,22.892136856038192,0.0,0.14428970811446007,0.0871557427476582,-0.9961946980917455,0.7818314824680298,0.6234898018587336,0.12971211716400458
2026-09-01T11:40:00,717461,58.64860404122525,22.892136856038192,1.8,0.09771378398115005,0.0871557427476582,-0.9961946980917455,0.7818314824680298,0.6234898018587336,0.1568503023632987
2026-09-01T11:40:00,717462,54.94600564191307,22.892136856038192,1.8,0.15467683627826045,0.0871557427476582,-0.9961946980917455,0.7818314824680298,0.6234898018587336,0.14502063998343695
2026-09-01T11:40:00,717463,47.91082091169288,22.892136856038192,0.0,0.2629104475124172,0.0871557427476582,-0.9961946980917455,0.7818314824680298,0.6234898018587336,0.15592047627938518
2026-09-01T11:45:00,717447,63.09236204011162,22.81071491504347,0.0,0.02934827630597514,0.06540312923014312,-0.9978589232386035,0.7818314824680298,0.6234898018587336,0.01839362216250399
2026-09-01T11:45:00,717512,67.70262651771738,22.81071491504347,0.0,0.0,0.06540312923014312,-0.9978589232386035,0.7818314824680298,0.6234898018587336,0.005818290816217357
2026-09-01T11:45:00,717446,61.33484171631551,22.81071491504347,1.8,0.0563870505182229,0.06540312923014312,-0.9978589232386035,0.7818314824680298,0.6234898018587336,0.04358821486535184
2026-09-01T11:45:00,717445,60.13245000182343,22.81071491504347,0.0,0.07488538458733185,0.06540312923014312,-0.9978589232386035,0.7818314824680298,0.6234898018587336,0.026375453909503466
2026-09-01T11:45:00,717458,62.14284619546606,22.81071491504347,0.0,0.04395621237744518,0.06540312923014312,-0.9978589232386035,0.7818314824680298,0.6234898018587336,0.056996698790642064
2026-09-01T11:45:00,717459,59.5918843910176,22.81071491504347,0.0,0.08320177859972921,0.06540312923014312,-0.9978589232386035,0.7818314824680298,0.6234898018587336,0.12925555802367217
2026-09-01T11:45:00,717460,56.37780535776096,22.81071491504347,0.0,0.13264914834213903,0.06540312923014312,-0.9978589232386035,0.7818314824680298,0.6234898018587336,0.15319059049896408
2026-09-01T11:45:00,717461,54.33502030378768,22.81071491504347,0.0,0.1640766107109588,0.06540312923014312,-0.9978589232386035,0.7818314824680298,0.6234898018587336,0.136212227794584
2026-09-01T11:45:00,717462,63.819013783237104,22.81071491504347,0.0,0.01816901871942922,0.06540312923014312,-0.9978589232386035,0.7818314824680298,0.6234898018587336,0.141993712284616
2026-09-01T11:45:00,717463,57.50576924952129,22.81071491504347,0.0,0.11529585769967243,0.06540312923014312,-0.9978589232386035,0.7818314824680298,0.6234898018587336,0.18049754042227914
2026-09-01T11:50:00,717447,66.10144005120459,22.72894111398245,0.0,0.0,0.043619387365335625,-0.9990482215818578,0.7818314824680298,0.6234898018587336,0.022054245614189855
2026-09-01T11:50:00,717512,65.09763625818302,22.72894111398245,0.0,0.0,0.043619387365335625,-0.9990482215818578,0.7818314824680298,0.6234898018587336,0.005818290816217357
2026-09-01T11:50:00,717446,61.87947908604041,22.72894111398245,0.0,0.048008014060916704,0.043619387365335625,-0.9990482215818578,0.7818314824680298,0.6234898018587336,0.06238389837142614
2026-09-01T11:50:00,717445,62.03948043852719,22.72894111398245,0.0,0.045546454791889346,0.043619387365335625,-0.9990482215818578,0.7818314824680298,0.6234898018587336,0.05002936998362343
2026-09-01T11:50:00,717458,59.16644297432354,22.72894111398245,0.0,0.08974703116425331,0.043619387365335625,-0.9990482215818578,0.7818314824680298,0.6234898018587336,0.035195831575694725
2026-09-01T11:50:00,717459,56.10162256326817,22.72894111398245,0.0,0.13689811441125888,0.043619387365335625,-0.9990482215818578,0.7818314824680298,0.6234898018587336,0.12617442292203593
2026-09-01T11:50:00,717460,58.55828686247203,22.72894111398245,0.0,0.09910327903889182,0.043619387365335625,-0.9990482215818578,0.7818314824680298,0.6234898018587336,0.14432648304093945
2026-09-01T11:50:00,717461,55.31525280753193,22.72894111398245,0.0,0.14899611065335494,0.043619387365335625,-0.9990482215818578,0.7818314824680298,0.6234898018587336,0.1331043197918604
2026-09-01T11:50:00,717462,56.31612533740464,22.72894111398245,0.0,0.13359807173223626,0.043619387365335625,-0.9990482215818578,0.7818314824680298,0.6234898018587336,0.09368629047343746
2026-09-01T11:50:00,717463,55.67639364569614,22.72894111398245,0.0,0.14344009775852096,0.043619387365335625,-0.9990482215818578,0.7818314824680298,0.6234898018587336,0.14843370546510895
2026-09-01T11:55:00,717447,66.14570699038534,22.64685094367261,0.0,0.0,0.021814885034561218,-0.9997620270799091,0.7818314824680298,0.6234898018587336,0.00978275876865838
2026-09-01T11:55:00,717512,60.74566737000635,22.64685094367261,0.0,0.06545127123067151,0.021814885034561218,-0.9997620270799091,0.7818314824680298,0.6234898018587336,0.0
2026-09-01T11:55:00,717446,61.07271031913572,22.64685094367261,0.0,0.06041984124406585,0.021814885034561218,-0.9997620270799091,0.7818314824680298,0.6234898018587336,0.07041874982834857
2026-09-01T11:55:00,717445,60.23954101723725,22.64685094367261,1.8,0.07323783050404231,0.021814885034561218,-0.9997620270799091,0.7818314824680298,0.6234898018587336,0.05066396569368562
2026-09-01T11:55:00,717458,62.85226091798511,22.64685094367261,0.0,0.03304213972330594,0.021814885034561218,-0.9997620270799091,0.7818314824680298,0.6234898018587336,0.04456774784723283
2026-09-01T11:55:00,717459,61.48017409177821,22.64685094367261,0.0,0.05415116781879681,0.021814885034561218,-0.9997620270799091,0.7818314824680298,0.6234898018587336,0.11864934578860731
2026-09-01T11:55:00,717460,55.396071195703456,22.64685094367261,1.8,0.14775275083533146,0.021814885034561218,-0.9997620270799091,0.7818314824680298,0.6234898018587336,0.12534737849849698
2026-09-01T11:55:00,717461,52.54929602792497,22.64685094367261,0.0,0.19154929187807745,0.021814885034561218,-0.9997620270799091,0.7818314824680298,0.6234898018587336,0.1369288351151546
2026-09-01T11:55:00,717462,62.40496021898753,22.64685094367261,0.0,0.03992368893865339,0.021814885034561218,-0.9997620270799091,0.7818314824680298,0.6234898018587336,0.10214797557664197
2026-09-01T11:55:00,717463,55.223690236033065,22.64685094367261,1.8,0.15040476559949134,0.021814885034561218,-0.9997620270799091,0.7818314824680298,0.6234898018587336,0.17388213432353686
2026-09-01T12:00:00,717447,60.64811317182252,22.56448003223947,0.0,0.06695210504888427,1.2246467991473532e-16,-1.0,0.7818314824680298,0.6234898018587336,0.00978275876865838
2026-09-01T12:00:00,717512,61.88664366157241,22.56448003223947,0.0,0.04789778982196302,1.2246467991473532e-16,-1.0,0.7818314824680298,0.6234898018587336,0.02181709041022384
2026-09-01T12:00:00,717446,65.44511556037342,22.56448003223947,0.0,0.0,1.2246467991473532e-16,-1.0,0.7818314824680298,0.6234898018587336,0.05493830194106849
2026-09-01T12:00:00,717445,67.44629399269502,22.56448003223947,0.0,0.0,1.2246467991473532e-16,-1.0,0.7818314824680298,0.6234898018587336,0.0645565566277545
2026-09-01T12:00:00,717458,65.59386120020059,22.56448003223947,0.0,0.0,1.2246467991473532e-16,-1.0,0.7818314824680298,0.6234898018587336,0.05558179442166814
2026-09-01T12:00:00,717459,59.94980820619794,22.56448003223947,0.0,0.07769525836618552,1.2246467991473532e-16,-1.0,0.7818314824680298,0.6234898018587336,0.09141702027659497
2026-09-01T12:00:00,717460,49.6737224570346,22.56448003223947,0.0,0.23578888527639075,1.2246467991473532e-16,-1.0,0.7818314824680298,0.6234898018587336,0.12650172607212076
2026-09-01T12:00:00,717461,56.39109219387672,22.56448003223947,0.0,0.13244473547881963,1.2246467991473532e-16,-1.0,0.7818314824680298,0.6234898018587336,0.16820733774746374
2026-09-01T12:00:00,717462,52.13927781720762,22.56448003223947,0.0,0.19785726435065198,1.2246467991473532e-16,-1.0,0.7818314824680298,0.6234898018587336,0.06389692646343963
2026-09-01T12:00:00,717463,54.23802715829533,22.56448003223947,1.8,0.1655688129493026,1.2246467991473532e-16,-1.0,0.7818314824680298,0.6234898018587336,0.13638024035256158
2026-09-01T12:05:00,717447,62.14030142747657,22.48186412965361,0.0,0.04399536265420656,-0.021814885034560975,-0.9997620270799091,0.7818314824680298,0.6234898018587336,0.02231736834962809
2026-09-01T12:05:00,717512,62.402037877084986,22.48186412965361,0.0,0.039968648044846344,-0.021814885034560975,-0.9997620270799091,0.7818314824680298,0.6234898018587336,0.03778302035087818
2026-09-01T12:05:00,717446,65.00169374453564,22.48186412965361,0.0,0.0,-0.021814885034560975,-0.9997620270799091,0.7818314824680298,0.6234898018587336,0.03614261843499419
2026-09-01T12:05:00,717445,60.52247868469341,22.48186412965361,0.0,0.06888494331240902,-0.021814885034560975,-0.9997620270799091,0.7818314824680298,0.6234898018587336,0.03959476176531055
2026-09-01T12:05:00,717458,59.12731045054529,22.48186412965361,0.0,0.09034906999161096,-0.021814885034560975,-0.9997620270799091,0.7818314824680298,0.6234898018587336,0.04092972362918642
2026-09-01T12:05:00,717459,58.67572654344042,22.48186412965361,1.8,0.0972965147163013,-0.021814885034560975,-0.9997620270799091,0.7818314824680298,0.6234898018587336,0.0895815135320804
2026-09-01T12:05:00,717460,65.48871966765557,22.48186412965361,0.0,0.0,-0.021814885034560975,-0.9997620270799091,0.7818314824680298,0.6234898018587336,0.160881638383538
2026-09-01T12:05:00,717461,53.09043931724316,22.48186412965361,0.0,0.18322401050395143,-0.021814885034560975,-0.9997620270799091,0.7818314824680298,0.6234898018587336,0.15766337933675068
2026-09-01T12:05:00,717462,56.06824960803606,22.48186412965361,0.0,0.13741154449175286,-0.021814885034560975,-0.9997620270799091,0.7818314824680298,0.6234898018587336,0.12379300834051388
2026-09-01T12:05:00,717463,59.30220184715105,22.48186412965361,0.0,0.08765843312075305,-0.021814885034560975,-0.9997620270799091,0.7818314824680298,0.6234898018587336,0.1531378921024383
2026-09-01T12:10:00,717447,64.70332906952802,22.399039092214725,0.0,0.004564168161107274,-0.04361938736533538,-0.9990482215818578,0.7818314824680298,0.6234898018587336,0.03698248923436361
2026-09-01T12:10:00,717512,67.33339767583654,22.399039092214725,0.0,0.0,-0.04361938736533538,-0.9990482215818578,0.7818314824680298,0.6234898018587336,0.05110590303249363
2026-09-01T12:10:00,717446,58.50494944478435,22.399039092214725,0.0,0.09992385469562537,-0.04361938736533538,-0.9990482215818578,0.7818314824680298,0.6234898018587336,0.020139947081355285
2026-09-01T12:10:00,717445,60.65374911639368,22.399039092214725,0.0,0.06686539820932791,-0.04361938736533538,-0.9990482215818578,0.7818314824680298,0.6234898018587336,0.04737425793881711
2026-09-01T12:10:00,717458,57.66257533538772,22.399039092214725,0.0,0.11288345637865049,-0.04361938736533538,-0.9990482215818578,0.7818314824680298,0.6234898018587336,0.041130403238305635
2026-09-01T12:10:00,717459,58.67211730473458,22.399039092214725,0.0,0.09735204146562193,-0.04361938736533538,-0.9990482215818578,0.7818314824680298,0.6234898018587336,0.07638098030042788
2026-09-01T12:10:00,717460,57.53422088464593,22.399039092214725,1.8,0.11485814023621643,-0.04361938736533538,-0.9990482215818578,0.7818314824680298,0.6234898018587336,0.12784721203724073
2026-09-01T12:10:00,717461,56.63675923300584,22.399039092214725,0.0,0.12866524256914091,-0.04361938736533538,-0.9990482215818578,0.7818314824680298,0.6234898018587336,0.1690726792869495
2026-09-01T12:10:00,717462,57.8079836751965,22.399039092214725,0.0,0.11064640499697687,-0.04361938736533538,-0.9990482215818578,0.7818314824680298,0.6234898018587336,0.1250641659270194
2026-09-01T12:10:00,717463,47.322023026626844,22.399039092214725,1.8,0.27196887651343316,-0.04361938736533538,-0.9990482215818578,0.7818314824680298,0.6234898018587336,0.134544003889849
2026-09-01T12:15:00,717447,63.07141456708474,22.31604086698956,0.0,0.02967054512177325,-0.06540312923014287,-0.9978589232386035,0.7818314824680298,0.6234898018587336,0.03850387862139937
2026-09-01T12:15:00,717512,64.32536652821904,22.31604086698956,0.0,0.01037897648893793,-0.06540312923014287,-0.9978589232386035,0.7818314824680298,0.6234898018587336,0.02928881262226979
2026-09-01T12:15:00,717446,56.86185733325501,22.31604086698956,0.0,0.12520219487299988,-0.06540312923014287,-0.9978589232386035,0.7818314824680298,0.6234898018587336,0.03330795156520846
2026-09-01T12:15:00,717445,63.15064978927904,22.31604086698956,0.0,0.028451541703399363,-0.06540312923014287,-0.9978589232386035,0.7818314824680298,0.6234898018587336,0.045250113840578976
2026-09-01T12:15:00,717458,58.21847928224096,22.31604086698956,0.0,0.1043310879655236,-0.06540312923014287,-0.9978589232386035,0.7818314824680298,0.6234898018587336,0.06774417545675382
2026-09-01T12:15:00,717459,58.33793937841308,22.31604086698956,0.0,0.10249324033210638,-0.06540312923014287,-0.9978589232386035,0.7818314824680298,0.6234898018587336,0.09078127151603625
2026-09-01T12:15:00,717460,60.382714042042025,22.31604086698956,0.0,0.07103516858396886,-0.06540312923014287,-0.9978589232386035,0.7818314824680298,0.6234898018587336,0.11688234183753572
2026-09-01T12:15:00,717461,60.3161405752168,22.31604086698956,1.8,0.07205937576589538,-0.06540312923014287,-0.9978589232386035,0.7818314824680298,0.6234898018587336,0.148111329517304
2026-09-01T12:15:00,717462,57.24608142539915,22.31604086698956,0.0,0.11929105499385928,-0.06540312923014287,-0.9978589232386035,0.7818314824680298,0.6234898018587336,0.14863840461312725
2026-09-01T12:15:00,717463,50.67845844010618,22.31604086698956,1.8,0.220331408613751,-0.06540312923014287,-0.9978589232386035,0.7818314824680298,0.6234898018587336,0.17506537419449628
2026-09-01T12:20:00,717447,66.71045706567499,22.23290547621045,0.0,0.0,-0.08715574274765794,-0.9961946980917455,0.7818314824680298,0.6234898018587336,0.026076691979029027
2026-09-01T12:20:00,717512,65.7190953631435,22.23290547621045,1.8,0.0,-0.08715574274765794,-0.9961946980917455,0.7818314824680298,0.6234898018587336,0.016782541511261424
2026-09-01T12:20:00,717446,63.88591511083498,22.23290547621045,0.0,0.017139767525615746,-0.08715574274765794,-0.9961946980917455,0.7818314824680298,0.6234898018587336,0.07504201652287508
2026-09-01T12:20:00,717445,65.68154086342956,22.23290547621045,0.0,0.0,-0.08715574274765794,-0.9961946980917455,0.7818314824680298,0.6234898018587336,0.05473396107504543
2026-09-01T12:20:00,717458,60.36555378077733,22.23290547621045,1.8,0.07129917260342566,-0.08715574274765794,-0.9961946980917455,0.7818314824680298,0.6234898018587336,0.10252120477859501
2026-09-01T12:20:00,717459,63.14545133259976,22.23290547621045,0.0,0.02853151796000364,-0.08715574274765794,-0.9961946980917455,0.7818314824680298,0.6234898018587336,0.09904726550467653
2026-09-01T12:20:00,717460,61.92418380736483,22.23290547621045,0.0,0.04732024911746424,-0.08715574274765794,-0.9961946980917455,0.7818314824680298,0.6234898018587336,0.061964436273395096
2026-09-01T12:20:00,717461,58.607783714606335,22.23290547621045,0.0,0.09834178900605639,-0.08715574274765794,-0.9961946980917455,0.7818314824680298,0.6234898018587336,0.12798287627966257
2026-09-01T12:20:00,717462,56.20380053241154,22.23290547621045,0.0,0.13532614565520706,-0.08715574274765794,-0.9961946980917455,0.7818314824680298,0.6234898018587336,0.122449668160863
2026-09-01T12:20:00,717463,55.50362828279201,22.23290547621045,0.0,0.1460980264185845,-0.08715574274765794,-0.9961946980917455,0.7818314824680298,0.6234898018587336,0.1933195727493124
2026-09-01T12:25:00,717447,70.0312817303197,22.149669001641254,0.0,0.0,-0.10886687485196432,-0.9940563382223196,0.7818314824680298,0.6234898018587336,0.011411571094293508
2026-09-01T12:25:00,717512,66.94603906329522,22.149669001641254,0.0,0.0,-0.10886687485196432,-0.9940563382223196,0.7818314824680298,0.6234898018587336,0.0034596588296459765
2026-09-01T12:25:00,717446,59.43383789600794,22.149669001641254,0.0,0.08563326313833941,-0.10886687485196432,-0.9940563382223196,0.7818314824680298,0.6234898018587336,0.080755272364747
2026-09-01T12:25:00,717445,62.525190756431,22.149669001641254,0.0,0.03807398836260001,-0.10886687485196432,-0.9940563382223196,0.7818314824680298,0.6234898018587336,0.031772313304242426
2026-09-01T12:25:00,717458,57.58850782073331,22.149669001641254,0.0,0.11402295660410289,-0.10886687485196432,-0.9940563382223196,0.7818314824680298,0.6234898018587336,0.09617123898253326
2026-09-01T12:25:00,717459,56.97514294081138,22.149669001641254,0.0,0.1234593393721326,-0.10886687485196432,-0.9940563382223196,0.7818314824680298,0.6234898018587336,0.07612559991924399
2026-09-01T12:25:00,717460,56.61988531082048,22.149669001641254,0.0,0.12892484137199267,-0.10886687485196432,-0.9940563382223196,0.7818314824680298,0.6234898018587336,0.07773785264588318
2026-09-01T12:25:00,717461,52.31470854905464,22.149669001641254,0.0,0.19515833001454397,-0.10886687485196432,-0.9940563382223196,0.7818314824680298,0.6234898018587336,0.09968880244703089
2026-09-01T12:25:00,717462,52.6081410661498,22.149669001641254,0.0,0.1906439835976954,-0.10886687485196432,-0.9940563382223196,0.7818314824680298,0.6234898018587336,0.12175453521534774
2026-09-01T12:25:00,717463,58.68926137751588,22.149669001641254,0.0,0.09708828649975576,-0.10886687485196432,-0.9940563382223196,0.7818314824680298,0.6234898018587336,0.21279943718192287
2026-09-01T12:30:00,717447,62.970864981017975,22.066367568917396,0.0,0.031217461830492677,-0.13052619222005177,-0.9914448613738104,0.7818314824680298,0.6234898018587336,0.00989018170725775
2026-09-01T12:30:00,717512,66.30794432377424,22.066367568917396,0.0,0.0,-0.13052619222005177,-0.9914448613738104,0.7818314824680298,0.6234898018587336,0.0034596588296459765
2026-09-01T12:30:00,717446,63.05988666195498,22.066367568917396,0.0,0.029847897508385013,-0.13052619222005177,-0.9914448613738104,0.7818314824680298,0.6234898018587336,0.07599174184565168
2026-09-01T12:30:00,717445,63.004122302528735,22.066367568917396,0.0,0.030705810730327188,-0.13052619222005177,-0.9914448613738104,0.7818314824680298,0.6234898018587336,0.02217517668866646
2026-09-01T12:30:00,717458,61.93605329733455,22.066367568917396,0.0,0.047137641579468426,-0.13052619222005177,-0.9914448613738104,0.7818314824680298,0.6234898018587336,0.09655107239101739
2026-09-01T12:30:00,717459,56.09932462990179,22.066367568917396,0.0,0.13693346723228017,-0.13052619222005177,-0.9914448613738104,0.7818314824680298,0.6234898018587336,0.08482803255474754
2026-09-01T12:30:00,717460,60.28889128057439,22.066367568917396,0.0,0.07247859568347093,-0.13052619222005177,-0.9914448613738104,0.7818314824680298,0.6234898018587336,0.08242675302447526
2026-09-01T12:30:00,717461,52.84679869826886,22.066367568917396,0.0,0.18697232771894057,-0.13052619222005177,-0.9914448613738104,0.7818314824680298,0.6234898018587336,0.12185316492883191
2026-09-01T12:30:00,717462,53.25405318728566,22.066367568917396,1.8,0.180706874041759,-0.13052619222005177,-0.9914448613738104,0.7818314824680298,0.6234898018587336,0.14842039474892058
2026-09-01T12:30:00,717463,55.89044834382857,22.066367568917396,0.0,0.14014694855648357,-0.13052619222005177,-0.9914448613738104,0.7818314824680298,0.6234898018587336,0.15450590717736376
2026-09-01T12:35:00,717447,61.92795410746591,21.98303733186692,1.8,0.04726224450052452,-0.15212338618991683,-0.9883615104677607,0.7818314824680298,0.6234898018587336,0.010405820610164226
2026-09-01T12:35:00,717512,57.86574108467679,21.98303733186692,0.0,0.10975782946651091,-0.15212338618991683,-0.9883615104677607,0.7818314824680298,0.6234898018587336,0.0
2026-09-01T12:35:00,717446,63.602568301593614,21.98303733186692,1.8,0.02149894920625206,-0.15212338618991683,-0.9883615104677607,0.7818314824680298,0.6234898018587336,0.04420697605744672
2026-09-01T12:35:00,717445,56.65920984560836,21.98303733186692,0.0,0.12831984852910217,-0.15212338618991683,-0.9883615104677607,0.7818314824680298,0.6234898018587336,0.022926599697642398
2026-09-01T12:35:00,717458,62.19104648600912,21.98303733186692,0.0,0.04321466944601349,-0.15212338618991683,-0.9883615104677607,0.7818314824680298,0.6234898018587336,0.07748659026233233
2026-09-01T12:35:00,717459,58.047481661224936,21.98303733186692,0.0,0.10696182059653947,-0.15212338618991683,-0.9883615104677607,0.7818314824680298,0.6234898018587336,0.0963081081881388
2026-09-01T12:35:00,717460,58.75879224694688,21.98303733186692,0.0,0.09601858081620185,-0.15212338618991683,-0.9883615104677607,0.7818314824680298,0.6234898018587336,0.08290789539097594
2026-09-01T12:35:00,717461,57.50208603124286,21.98303733186692,0.0,0.11535252259626372,-0.15212338618991683,-0.9883615104677607,0.7818314824680298,0.6234898018587336,0.16015748224651363
2026-09-01T12:35:00,717462,57.623984199655474,21.98303733186692,0.0,0.11347716615914649,-0.15212338618991683,-0.9883615104677607,0.7818314824680298,0.6234898018587336,0.16889233443155383
2026-09-01T12:35:00,717463,55.99102454173534,21.98303733186692,0.0,0.13859962243484092,-0.15212338618991683,-0.9883615104677607,0.7818314824680298,0.6234898018587336,0.12777775382494128
2026-09-01T12:40:00,717447,61.90961320699728,21.899714456819325,1.8,0.04754441220004191,-0.17364817766693003,-0.9848077530122081,0.7818314824680298,0.6234898018587336,0.026159902110339067
2026-09-01T12:40:00,717512,63.02742117170416,21.899714456819325,0.0,0.030347366589166702,-0.17364817766693003,-0.9848077530122081,0.7818314824680298,0.6234898018587336,0.03658594315550364
2026-09-01T12:40:00,717446,63.56124249243238,21.899714456819325,0.0,0.022134730885655762,-0.17364817766693003,-0.9848077530122081,0.7818314824680298,0.6234898018587336,0.04566003661765883
2026-09-01T12:40:00,717445,65.65376293822032,21.899714456819325,0.0,0.0,-0.17364817766693003,-0.9848077530122081,0.7818314824680298,0.6234898018587336,0.06569988254067645
2026-09-01T12:40:00,717458,62.02587256364493,21.899714456819325,0.0,0.045755806713154934,-0.17364817766693003,-0.9848077530122081,0.7818314824680298,0.6234898018587336,0.0681250892098616
2026-09-01T12:40:00,717459,62.946462551333,21.899714456819325,1.8,0.03159288382564618,-0.17364817766693003,-0.9848077530122081,0.7818314824680298,0.6234898018587336,0.12245154240031741
2026-09-01T12:40:00,717460,58.92008815479437,21.899714456819325,0.0,0.0935371053108558,-0.17364817766693003,-0.9848077530122081,0.7818314824680298,0.6234898018587336,0.09914067262388848
2026-09-01T12:40:00,717461,59.83260386828467,21.899714456819325,0.0,0.07949840202638969,-0.17364817766693003,-0.9848077530122081,0.7818314824680298,0.6234898018587336,0.16582772677658275
2026-09-01T12:40:00,717462,56.10758837965195,21.899714456819325,0.0,0.13680633262073927,-0.17364817766693003,-0.9848077530122081,0.7818314824680298,0.6234898018587336,0.1616093412662003
2026-09-01T12:40:00,717463,57.29492801498104,21.899714456819325,0.0,0.11853956900029172,-0.17364817766693003,-0.9848077530122081,0.7818314824680298,0.6234898018587336,0.12527828583036008
2026-09-01T12:45:00,717447,63.90861466251623,21.81643510690888,0.0,0.016790543653596446,-0.19509032201612792,-0.9807852804032305,0.7818314824680298,0.6234898018587336,0.042008039510353035
2026-09-01T12:45:00,717512,68.45309744615375,21.81643510690888,0.0,0.0,-0.19509032201612792,-0.9807852804032305,0.7818314824680298,0.6234898018587336,0.046701732018559206
2026-09-01T12:45:00,717446,64.06244974087853,21.81643510690888,0.0,0.014423850140330208,-0.19509032201612792,-0.9807852804032305,0.7818314824680298,0.6234898018587336,0.024493859200097612
2026-09-01T12:45:00,717445,57.164938845251605,21.81643510690888,0.0,0.12053940238074456,-0.19509032201612792,-0.9807852804032305,0.7818314824680298,0.6234898018587336,0.05300855308647645
2026-09-01T12:45:00,717458,61.26580524863169,21.81643510690888,0.0,0.05744915002105089,-0.19509032201612792,-0.9807852804032305,0.7818314824680298,0.6234898018587336,0.04536937257954562
2026-09-01T12:45:00,717459,52.66277784670256,21.81643510690888,0.0,0.18980341774303755,-0.19509032201612792,-0.9807852804032305,0.7818314824680298,0.6234898018587336,0.0918293905514886
2026-09-01T12:45:00,717460,59.63938142015053,21.81643510690888,0.0,0.08247105507460728,-0.19509032201612792,-0.9807852804032305,0.7818314824680298,0.6234898018587336,0.08734476060350953
2026-09-01T12:45:00,717461,59.2185518186244,21.81643510690888,1.8,0.08894535663654768,-0.19509032201612792,-0.9807852804032305,0.7818314824680298,0.6234898018587336,0.127274417447198
2026-09-01T12:45:00,717462,61.22532967090829,21.81643510690888,0.0,0.05807185121679559,-0.19509032201612792,-0.9807852804032305,0.7818314824680298,0.6234898018587336,0.1436634576072149
2026-09-01T12:45:00,717463,52.64561725687162,21.81643510690888,0.0,0.19006742681735977,-0.19509032201612792,-0.9807852804032305,0.7818314824680298,0.6234898018587336,0.13242871333053874
2026-09-01T12:50:00,717447,70.8511814615571,21.73323542637944,0.0,0.0,-0.21643961393810293,-0.9762960071199334,0.7818314824680298,0.6234898018587336,0.03719906678472096
2026-09-01T12:50:00,717512,63.77450690550826,21.73323542637944,0.0,0.018853739915257517,-0.21643961393810293,-0.9762960071199334,0.7818314824680298,0.6234898018587336,0.046701732018559206
2026-09-01T12:50:00,717446,60.33596719234958,21.73323542637944,0.0,0.07175435088692961,-0.21643961393810293,-0.9762960071199334,0.7818314824680298,0.6234898018587336,0.019352510077412677
2026-09-01T12:50:00,717445,59.90750238386112,21.73323542637944,0.0,0.07834611717136741,-0.21643961393810293,-0.9762960071199334,0.7818314824680298,0.6234898018587336,0.08295308363661558
2026-09-01T12:50:00,717458,61.8520624704878,21.73323542637944,0.0,0.04842980814634146,-0.21643961393810293,-0.9762960071199334,0.7818314824680298,0.6234898018587336,0.0488065420600731
2026-09-01T12:50:00,717459,56.323976829458566,21.73323542637944,0.0,0.13347727954679134,-0.21643961393810293,-0.9762960071199334,0.7818314824680298,0.6234898018587336,0.10945270738840773
2026-09-01T12:50:00,717460,56.758006546450375,21.73323542637944,1.8,0.12679989928537883,-0.21643961393810293,-0.9762960071199334,0.7818314824680298,0.6234898018587336,0.09067558040055497
2026-09-01T12:50:00,717461,57.59043339343359,21.73323542637944,0.0,0.11399333240871401,-0.21643961393810293,-0.9762960071199334,0.7818314824680298,0.6234898018587336,0.0945987604197337
2026-09-01T12:50:00,717462,60.02590115210905,21.73323542637944,0.0,0.07652459765986075,-0.21643961393810293,-0.9762960071199334,0.7818314824680298,0.6234898018587336,0.10278511666556045
2026-09-01T12:50:00,717463,56.725347819621405,21.73323542637944,0.0,0.12730234123659379,-0.21643961393810293,-0.9762960071199334,0.7818314824680298,0.6234898018587336,0.1490688727508308
2026-09-01T12:55:00,717447,65.09198162567768,21.65015152489738,0.0,0.0,-0.2376858923261727,-0.9713420698132615,0.7818314824680298,0.6234898018587336,0.02144498528454612
2026-09-01T12:55:00,717512,65.43585616330279,21.65015152489738,0.0,0.0,-0.2376858923261727,-0.9713420698132615,0.7818314824680298,0.6234898018587336,0.016400368834808072
2026-09-01T12:55:00,717446,63.28540342449762,21.65015152489738,0.0,0.026378408853882762,-0.2376858923261727,-0.9713420698132615,0.7818314824680298,0.6234898018587336,0.036104310637638526
2026-09-01T12:55:00,717445,57.90839536888875,21.65015152489738,0.0,0.10910160970940386,-0.2376858923261727,-0.9713420698132615,0.7818314824680298,0.6234898018587336,0.06629517318403733
2026-09-01T12:55:00,717458,65.42786471469374,21.65015152489738,0.0,0.0,-0.2376858923261727,-0.9713420698132615,0.7818314824680298,0.6234898018587336,0.05054492162684909
2026-09-01T12:55:00,717459,63.680496795391846,21.65015152489738,1.8,0.020300049301663847,-0.2376858923261727,-0.9713420698132615,0.7818314824680298,0.6234898018587336,0.11829119370515835
2026-09-01T12:55:00,717460,57.53959492292209,21.65015152489738,1.8,0.11477546272427552,-0.2376858923261727,-0.9713420698132615,0.7818314824680298,0.6234898018587336,0.10093601989028063
2026-09-01T12:55:00,717461,55.20645919126841,21.65015152489738,0.0,0.15066985859587068,-0.2376858923261727,-0.9713420698132615,0.7818314824680298,0.6234898018587336,0.0941456970238838
2026-09-01T12:55:00,717462,51.96959161493469,21.65015152489738,0.0,0.200467821308697,-0.2376858923261727,-0.9713420698132615,0.7818314824680298,0.6234898018587336,0.0904675938324652
2026-09-01T12:55:00,717463,56.02957129144808,21.65015152489738,0.0,0.13800659551618344,-0.2376858923261727,-0.9713420698132615,0.7818314824680298,0.6234898018587336,0.1453031123514151
2026-09-01T13:00:00,717447,66.84546200396848,21.567219461879567,0.0,0.0,-0.2588190451025208,-0.9659258262890683,0.7818314824680298,0.6234898018587336,0.005596847884532148
2026-09-01T13:00:00,717512,61.34392597232307,21.567219461879567,0.0,0.05624729273349127,-0.2588190451025208,-0.9659258262890683,0.7818314824680298,0.6234898018587336,0.006284579971752506
2026-09-01T13:00:00,717446,63.31636896541699,21.567219461879567,0.0,0.025902015916661636,-0.2588190451025208,-0.9659258262890683,0.7818314824680298,0.6234898018587336,0.03751886996038086
2026-09-01T13:00:00,717445,63.81790528914042,21.567219461879567,0.0,0.018186072474762782,-0.2588190451025208,-0.9659258262890683,0.7818314824680298,0.6234898018587336,0.10266237642050528
2026-09-01T13:00:00,717458,58.60758431964034,21.567219461879567,0.0,0.09834485662091785,-0.2588190451025208,-0.9659258262890683,0.7818314824680298,0.6234898018587336,0.03529298605579745
2026-09-01T13:00:00,717459,58.367473501018765,21.567219461879567,0.0,0.10203886921509597,-0.2588190451025208,-0.9659258262890683,0.7818314824680298,0.6234898018587336,0.11452691553049758
2026-09-01T13:00:00,717460,57.13929495866202,21.567219461879567,1.8,0.12093392371289202,-0.2588190451025208,-0.9659258262890683,0.7818314824680298,0.6234898018587336,0.10801547236142055
2026-09-01T13:00:00,717461,54.317138211682334,21.567219461879567,0.0,0.16435171982027175,-0.2588190451025208,-0.9659258262890683,0.7818314824680298,0.6234898018587336,0.11786951588037746
2026-09-01T13:00:00,717462,54.82655076195571,21.567219461879567,0.0,0.15651460366221992,-0.2588190451025208,-0.9659258262890683,0.7818314824680298,0.6234898018587336,0.11168809006178444
2026-09-01T13:00:00,717463,49.511018354711815,21.567219461879567,1.8,0.2382920253121259,-0.2588190451025208,-0.9659258262890683,0.7818314824680298,0.6234898018587336,0.15179212119004568
2026-09-01T13:05:00,717447,64.18102769963913,21.484475230843135,0.0,0.012599573851705625,-0.2798290140309925,-0.9600498543859286,0.7818314824680298,0.6234898018587336,0.0
2026-09-01T13:05:00,717512,63.025074619512935,21.484475230843135,0.0,0.03038346739210873,-0.2798290140309925,-0.9600498543859286,0.7818314824680298,0.6234898018587336,0.02503367754958293
2026-09-01T13:05:00,717446,62.36427435754488,21.484475230843135,0.0,0.040549625268540335,-0.2798290140309925,-0.9600498543859286,0.7818314824680298,0.6234898018587336,0.041344925219158
2026-09-01T13:05:00,717445,62.78789151138346,21.484475230843135,0.0,0.03403243828640834,-0.2798290140309925,-0.9600498543859286,0.7818314824680298,0.6234898018587336,0.06854459978517802
2026-09-01T13:05:00,717458,56.53996439095784,21.484475230843135,0.0,0.13015439398526396,-0.2798290140309925,-0.9600498543859286,0.7818314824680298,0.6234898018587336,0.048924888255753106
2026-09-01T13:05:00,717459,55.82343372039596,21.484475230843135,1.8,0.1411779427631391,-0.2798290140309925,-0.9600498543859286,0.7818314824680298,0.6234898018587336,0.08527206602118372
2026-09-01T13:05:00,717460,55.4395787585329,21.484475230843135,0.0,0.14708340371487838,-0.2798290140309925,-0.9600498543859286,0.7818314824680298,0.6234898018587336,0.12083642857418213
2026-09-01T13:05:00,717461,52.66121696437559,21.484475230843135,1.8,0.18982743131729862,-0.2798290140309925,-0.9600498543859286,0.7818314824680298,0.6234898018587336,0.14300497027495215
2026-09-01T13:05:00,717462,57.13465535463197,21.484475230843135,1.8,0.12100530223643124,-0.2798290140309925,-0.9600498543859286,0.7818314824680298,0.6234898018587336,0.1445023408769259
2026-09-01T13:05:00,717463,52.47729779780031,21.484475230843135,0.0,0.1926569569569183,-0.2798290140309925,-0.9600498543859286,0.7818314824680298,0.6234898018587336,0.16786698735496772
2026-09-01T13:10:00,717447,64.84491832940579,21.40195474378389,0.0,0.002385871855295596,-0.30070579950427306,-0.9537169507482269,0.7818314824680298,0.6234898018587336,0.004199857950568542
2026-09-01T13:10:00,717512,61.19394993795767,21.40195474378389,0.0,0.05855461633911274,-0.30070579950427306,-0.9537169507482269,0.7818314824680298,0.6234898018587336,0.028876920041866667
2026-09-01T13:10:00,717446,61.46034682317273,21.40195474378389,0.0,0.05445620272041962,-0.30070579950427306,-0.9537169507482269,0.7818314824680298,0.6234898018587336,0.030943350013028243
2026-09-01T13:10:00,717445,62.242557858105336,21.40195474378389,0.0,0.0424221867983795,-0.30070579950427306,-0.9537169507482269,0.7818314824680298,0.6234898018587336,0.05377337349019166
2026-09-01T13:10:00,717458,61.18863591423384,21.40195474378389,0.0,0.05863637055024862,-0.30070579950427306,-0.9537169507482269,0.7818314824680298,0.6234898018587336,0.07616641686872727
2026-09-01T13:10:00,717459,55.927072050004085,21.40195474378389,0.0,0.13958350692301402,-0.30070579950427306,-0.9537169507482269,0.7818314824680298,0.6234898018587336,0.08783895375996631
2026-09-01T13:10:00,717460,57.49743659263983,21.40195474378389,0.0,0.11542405242092568,-0.30070579950427306,-0.9537169507482269,0.7818314824680298,0.6234898018587336,0.12759759671734863
2026-09-01T13:10:00,717461,54.04006766952784,21.40195474378389,0.0,0.16861434354572546,-0.30070579950427306,-0.9537169507482269,0.7818314824680298,0.6234898018587336,0.16828300324448034
2026-09-01T13:10:00,717462,54.98893809314438,21.40195474378389,0.0,0.154016337028548,-0.30070579950427306,-0.9537169507482269,0.7818314824680298,0.6234898018587336,0.1593292424024494
2026-09-01T13:10:00,717463,52.23256231631691,21.40195474378389,0.0,0.19642211821050914,-0.30070579950427306,-0.9537169507482269,0.7818314824680298,0.6234898018587336,0.18965185926174255
2026-09-01T13:15:00,717447,70.4231418812589,21.31969381559002,0.0,0.0,-0.32143946530316153,-0.9469301294951057,0.7818314824680298,0.6234898018587336,0.004995148569000407
2026-09-01T13:15:00,717512,66.16792603717609,21.31969381559002,0.0,0.0,-0.32143946530316153,-0.9469301294951057,0.7818314824680298,0.6234898018587336,0.04839512548823758
2026-09-01T13:15:00,717446,63.706862645470046,21.31969381559002,0.0,0.019894420838922344,-0.32143946530316153,-0.9469301294951057,0.7818314824680298,0.6234898018587336,0.0403026146352072
2026-09-01T13:15:00,717445,55.542453012784456,21.31969381559002,0.0,0.14550072288023919,-0.32143946530316153,-0.9469301294951057,0.7818314824680298,0.6234898018587336,0.031546899186516875
2026-09-01T13:15:00,717458,59.28882056836902,21.31969381559002,0.0,0.08786429894816894,-0.32143946530316153,-0.9469301294951057,0.7818314824680298,0.6234898018587336,0.09571187371881014
2026-09-01T13:15:00,717459,61.46094466437425,21.31969381559002,0.0,0.054447005163473006,-0.32143946530316153,-0.9469301294951057,0.7818314824680298,0.6234898018587336,0.12760010630041638
2026-09-01T13:15:00,717460,57.56825739908888,21.31969381559002,0.0,0.11433450155247882,-0.32143946530316153,-0.9469301294951057,0.7818314824680298,0.6234898018587336,0.12781379328289869
2026-09-01T13:15:00,717461,61.63778729958776,21.31969381559002,0.0,0.05172634923711139,-0.32143946530316153,-0.9469301294951057,0.7818314824680298,0.6234898018587336,0.17426449822776527
2026-09-01T13:15:00,717462,58.17981858199556,21.31969381559002,0.0,0.10492586796929904,-0.32143946530316153,-0.9469301294951057,0.7818314824680298,0.6234898018587336,0.1438454143090664
2026-09-01T13:15:00,717463,53.02594968971714,21.31969381559002,0.0,0.1842161586197364,-0.32143946530316153,-0.9469301294951057,0.7818314824680298,0.6234898018587336,0.20912370015985113
2026-09-01T13:20:00,717447,69.59639699900724,21.237728148498057,1.8,0.0,-0.34202014332566866,-0.9396926207859084,0.7818314824680298,0.6234898018587336,0.004995148569000407
2026-09-01T13:20:00,717512,62.885751447994735,21.237728148498057,0.0,0.03252690080008103,-0.34202014332566866,-0.9396926207859084,0.7818314824680298,0.6234898018587336,0.029646027910407158
2026-09-01T13:20:00,717446,68.22014046220167,21.237728148498057,0.0,0.0,-0.34202014332566866,-0.9396926207859084,0.7818314824680298,0.6234898018587336,0.038300082942627434
2026-09-01T13:20:00,717445,66.18560743956884,21.237728148498057,0.0,0.0,-0.34202014332566866,-0.9396926207859084,0.7818314824680298,0.6234898018587336,0.07398511598834234
2026-09-01T13:20:00,717458,60.994604159723934,21.237728148498057,0.0,0.061621474465785586,-0.34202014332566866,-0.9396926207859084,0.7818314824680298,0.6234898018587336,0.0922183544945605
2026-09-01T13:20:00,717459,54.35780304522027,21.237728148498057,0.0,0.16372610699661116,-0.34202014332566866,-0.9396926207859084,0.7818314824680298,0.6234898018587336,0.11173615161654205
2026-09-01T13:20:00,717460,58.35805738477053,21.237728148498057,0.0,0.10218373254199176,-0.34202014332566866,-0.9396926207859084,0.7818314824680298,0.6234898018587336,0.1256139858960943
2026-09-01T13:20:00,717461,53.21582311058412,21.237728148498057,0.0,0.1812950290679366,-0.34202014332566866,-0.9396926207859084,0.7818314824680298,0.6234898018587336,0.1367227080333785
2026-09-01T13:20:00,717462,53.48410491145519,21.237728148498057,0.0,0.17716761674684323,-0.34202014332566866,-0.9396926207859084,0.7818314824680298,0.6234898018587336,0.12664916907809276
2026-09-01T13:20:00,717463,52.49036258403572,21.237728148498057,0.0,0.1924559602456043,-0.34202014332566866,-0.9396926207859084,0.7818314824680298,0.6234898018587336,0.19109841126238794
2026-09-01T13:25:00,717447,61.57074674927997,21.156093316597637,0.0,0.05275774231876973,-0.36243803828370114,-0.9320078692827987,0.7818314824680298,0.6234898018587336,0.0007952906184318653
2026-09-01T13:25:00,717512,64.34695940950913,21.156093316597637,0.0,0.010046778315244254,-0.36243803828370114,-0.9320078692827987,0.7818314824680298,0.6234898018587336,0.03036050571306459
2026-09-01T13:25:00,717446,60.331578456224726,21.156093316597637,0.0,0.071821869904235,-0.36243803828370114,-0.9320078692827987,0.7818314824680298,0.6234898018587336,0.024783541186447322
2026-09-01T13:25:00,717445,60.593761252926775,21.156093316597637,0.0,0.06778828841651119,-0.36243803828370114,-0.9320078692827987,0.7818314824680298,0.6234898018587336,0.06264096989287289
2026-09-01T13:25:00,717458,58.49169224464474,21.156093316597637,0.0,0.10012781162085016,-0.36243803828370114,-0.9320078692827987,0.7818314824680298,0.6234898018587336,0.06937404798806772
2026-09-01T13:25:00,717459,60.33696508203165,21.156093316597637,0.0,0.07173899873797462,-0.36243803828370114,-0.9320078692827987,0.7818314824680298,0.6234898018587336,0.11925220636103273
2026-09-01T13:25:00,717460,58.91115705157283,21.156093316597637,0.0,0.09367450689887957,-0.36243803828370114,-0.9320078692827987,0.7818314824680298,0.6234898018587336,0.11064742883846541
2026-09-01T13:25:00,717461,55.56190971505088,21.156093316597637,0.0,0.1452013889992172,-0.36243803828370114,-0.9320078692827987,0.7818314824680298,0.6234898018587336,0.13387857395025782
2026-09-01T13:25:00,717462,56.88978713750526,21.156093316597637,0.0,0.12477250557684216,-0.36243803828370114,-0.9320078692827987,0.7818314824680298,0.6234898018587336,0.1453699405815634
2026-09-01T13:25:00,717463,57.77227663593472,21.156093316597637,0.0,0.11119574406254273,-0.36243803828370114,-0.9320078692827987,0.7818314824680298,0.6234898018587336,0.19103141235861662
2026-09-01T13:30:00,717447,58.596373458928674,21.07482475039191,1.8,0.09851733140109731,-0.38268343236508967,-0.9238795325112868,0.7818314824680298,0.6234898018587336,0.017585914106256578
2026-09-01T13:30:00,717512,61.90360132276328,21.07482475039191,0.0,0.04763690272671883,-0.38268343236508967,-0.9238795325112868,0.7818314824680298,0.6234898018587336,0.014191226371775093
2026-09-01T13:30:00,717446,59.647935390366094,21.07482475039191,0.0,0.08233945553282929,-0.38268343236508967,-0.9238795325112868,0.7818314824680298,0.6234898018587336,0.030572096914385782
2026-09-01T13:30:00,717445,59.25411584532822,21.07482475039191,0.0,0.08839821776418122,-0.38268343236508967,-0.9238795325112868,0.7818314824680298,0.6234898018587336,0.07109633709891679
2026-09-01T13:30:00,717458,53.34276081475997,21.07482475039191,0.0,0.17934214131138504,-0.38268343236508967,-0.9238795325112868,0.7818314824680298,0.6234898018587336,0.0832045283449349
2026-09-01T13:30:00,717459,52.49535405682968,21.07482475039191,0.0,0.1923791683564664,-0.38268343236508967,-0.9238795325112868,0.7818314824680298,0.6234898018587336,0.09663737029935293
2026-09-01T13:30:00,717460,49.414939986559176,21.07482475039191,0.0,0.23977015405293578,-0.38268343236508967,-0.9238795325112868,0.7818314824680298,0.6234898018587336,0.10339758033111672
2026-09-01T13:30:00,717461,54.95826398628,21.07482475039191,0.0,0.1544882463649231,-0.38268343236508967,-0.9238795325112868,0.7818314824680298,0.6234898018587336,0.1260742557680884
2026-09-01T13:30:00,717462,53.678710945182615,21.07482475039191,0.0,0.17417367776642134,-0.38268343236508967,-0.9238795325112868,0.7818314824680298,0.6234898018587336,0.13562199676432815
2026-09-01T13:30:00,717463,58.22246784936023,21.07482475039191,0.0,0.104269725394458,-0.38268343236508967,-0.9238795325112868,0.7818314824680298,0.6234898018587336,0.16262262097596114
2026-09-01T13:35:00,717447,65.24687094877761,20.99395772142033,0.0,0.0,-0.4027466898587371,-0.9153114791194472,0.7818314824680298,0.6234898018587336,0.05042502457328901
2026-09-01T13:35:00,717512,57.231400089093626,20.99395772142033,0.0,0.11951692170625194,-0.4027466898587371,-0.9153114791194472,0.7818314824680298,0.6234898018587336,0.03007019394734804
2026-09-01T13:35:00,717446,63.94790544753899,20.99395772142033,1.8,0.016186070037861655,-0.4027466898587371,-0.9153114791194472,0.7818314824680298,0.6234898018587336,0.05138710847902143
2026-09-01T13:35:00,717445,73.00181264782421,20.99395772142033,1.8,0.0,-0.4027466898587371,-0.9153114791194472,0.7818314824680298,0.6234898018587336,0.05206216872689747
2026-09-01T13:35:00,717458,53.770760710019466,20.99395772142033,0.0,0.1727575275381621,-0.4027466898587371,-0.9153114791194472,0.7818314824680298,0.6234898018587336,0.11369714246600693
2026-09-01T13:35:00,717459,63.99718947779856,20.99395772142033,0.0,0.01542785418771453,-0.4027466898587371,-0.9153114791194472,0.7818314824680298,0.6234898018587336,0.14261475803035073
2026-09-01T13:35:00,717460,57.48656279261149,20.99395772142033,0.0,0.11559134165213092,-0.4027466898587371,-0.9153114791194472,0.7818314824680298,0.6234898018587336,0.1452094644979357
2026-09-01T13:35:00,717461,55.1503905283211,20.99395772142033,1.8,0.15153245341044463,-0.4027466898587371,-0.9153114791194472,0.7818314824680298,0.6234898018587336,0.16032822147735895
2026-09-01T13:35:00,717462,53.51360074379895,20.99395772142033,0.0,0.17671383471078528,-0.4027466898587371,-0.9153114791194472,0.7818314824680298,0.6234898018587336,0.1587046000300356
2026-09-01T13:35:00,717463,55.01162573523426,20.99395772142033,0.0,0.1536672963810114,-0.4027466898587371,-0.9153114791194472,0.7818314824680298,0.6234898018587336,0.13597380990086835
2026-09-01T13:40:00,717447,63.53252624254673,20.91352732695029,0.0,0.02257651934543492,-0.4226182617406993,-0.90630778703665,0.7818314824680298,0.6234898018587336,0.05042502457328901
2026-09-01T13:40:00,717512,60.19090144008141,20.91352732695029,0.0,0.07398613169105517,-0.4226182617406993,-0.90630778703665,0.7818314824680298,0.6234898018587336,0.059066867582738346
2026-09-01T13:40:00,717446,60.77510419615382,20.91352732695029,0.0,0.06499839698224896,-0.4226182617406993,-0.90630778703665,0.7818314824680298,0.6234898018587336,0.05678246515830865
2026-09-01T13:40:00,717445,62.25647031183134,20.91352732695029,0.0,0.04220814904874859,-0.4226182617406993,-0.90630778703665,0.7818314824680298,0.6234898018587336,0.05206216872689747
2026-09-01T13:40:00,717458,62.0376326735731,20.91352732695029,0.0,0.04557488194502923,-0.4226182617406993,-0.90630778703665,0.7818314824680298,0.6234898018587336,0.15074249349013244
2026-09-01T13:40:00,717459,64.32693595709172,20.91352732695029,0.0,0.010354831429358113,-0.4226182617406993,-0.90630778703665,0.7818314824680298,0.6234898018587336,0.09318200709405185
2026-09-01T13:40:00,717460,57.87531207581932,20.91352732695029,0.0,0.10961058344893349,-0.4226182617406993,-0.90630778703665,0.7818314824680298,0.6234898018587336,0.14967866753464876
2026-09-01T13:40:00,717461,60.26872480279153,20.91352732695029,0.0,0.07278884918782258,-0.4226182617406993,-0.90630778703665,0.7818314824680298,0.6234898018587336,0.15040736292486165
2026-09-01T13:40:00,717462,54.59701756885244,20.91352732695029,0.0,0.16004588355611626,-0.4226182617406993,-0.90630778703665,0.7818314824680298,0.6234898018587336,0.1585533393513496
2026-09-01T13:40:00,717463,53.788544925877005,20.91352732695029,0.0,0.17248392421727687,-0.4226182617406993,-0.90630778703665,0.7818314824680298,0.6234898018587336,0.12304425527933738
2026-09-01T13:45:00,717447,64.38145322068895,20.833568474744588,0.0,0.009516104297093042,-0.44228869021900147,-0.8968727415326883,0.7818314824680298,0.6234898018587336,0.04036461691551074
2026-09-01T13:45:00,717512,64.1742798995664,20.833568474744588,0.0,0.012703386160516916,-0.44228869021900147,-0.8968727415326883,0.7818314824680298,0.6234898018587336,0.08037998537467532
2026-09-01T13:45:00,717446,64.93760412754551,20.833568474744588,0.0,0.0009599364992998183,-0.44228869021900147,-0.8968727415326883,0.7818314824680298,0.6234898018587336,0.0545079741843133
2026-09-01T13:45:00,717445,59.763521771983214,20.833568474744588,0.0,0.0805612035079506,-0.44228869021900147,-0.8968727415326883,0.7818314824680298,0.6234898018587336,0.043535455604309936
2026-09-01T13:45:00,717458,57.262417865369855,20.833568474744588,0.0,0.11903972514815608,-0.44228869021900147,-0.8968727415326883,0.7818314824680298,0.6234898018587336,0.13255818359819213
2026-09-01T13:45:00,717459,61.59604202476808,20.833568474744588,0.0,0.05236858423433721,-0.44228869021900147,-0.8968727415326883,0.7818314824680298,0.6234898018587336,0.07272061799117968
2026-09-01T13:45:00,717460,60.15828072764421,20.833568474744588,0.0,0.07448798880547369,-0.44228869021900147,-0.8968727415326883,0.7818314824680298,0.6234898018587336,0.1549906930513334
2026-09-01T13:45:00,717461,60.74815237730777,20.833568474744588,0.0,0.06541304034911122,-0.44228869021900147,-0.8968727415326883,0.7818314824680298,0.6234898018587336,0.12626984965439678
2026-09-01T13:45:00,717462,53.31819847214714,20.833568474744588,0.0,0.1797200235054286,-0.44228869021900147,-0.8968727415326883,0.7818314824680298,0.6234898018587336,0.17031113201110762
2026-09-01T13:45:00,717463,53.24149438397379,20.833568474744588,0.0,0.18090008640040323,-0.44228869021900147,-0.8968727415326883,0.7818314824680298,0.6234898018587336,0.14347364866424875
2026-09-01T13:50:00,717447,67.65836512147001,20.75411586791094,0.0,0.0,-0.46174861323503413,-0.8870108331782216,0.7818314824680298,0.6234898018587336,0.010697541214175987
2026-09-01T13:50:00,717512,62.06916745204708,20.75411586791094,0.0,0.045089731506967934,-0.46174861323503413,-0.8870108331782216,0.7818314824680298,0.6234898018587336,0.06873547985260801
2026-09-01T13:50:00,717446,64.19009297533414,20.75411586791094,1.8,0.012460108071782439,-0.46174861323503413,-0.8870108331782216,0.7818314824680298,0.6234898018587336,0.02738146783980348
2026-09-01T13:50:00,717445,60.49714427173824,20.75411586791094,1.8,0.06927470351171938,-0.46174861323503413,-0.8870108331782216,0.7818314824680298,0.6234898018587336,0.04092311751889973
2026-09-01T13:50:00,717458,60.84082467439636,20.75411586791094,0.0,0.06398731270159452,-0.46174861323503413,-0.8870108331782216,0.7818314824680298,0.6234898018587336,0.11245737821044914
2026-09-01T13:50:00,717459,55.225579420284674,20.75411586791094,0.0,0.15037570122638966,-0.46174861323503413,-0.8870108331782216,0.7818314824680298,0.6234898018587336,0.026050423283803286
2026-09-01T13:50:00,717460,57.72428193863338,20.75411586791094,0.0,0.11193412402102487,-0.46174861323503413,-0.8870108331782216,0.7818314824680298,0.6234898018587336,0.09989663796884603
2026-09-01T13:50:00,717461,47.29524567702951,20.75411586791094,0.0,0.27238083573800753,-0.46174861323503413,-0.8870108331782216,0.7818314824680298,0.6234898018587336,0.09657811431579282
2026-09-01T13:50:00,717462,58.68663713937212,20.75411586791094,0.0,0.09712865939427517,-0.46174861323503413,-0.8870108331782216,0.7818314824680298,0.6234898018587336,0.17215991392411004
2026-09-01T13:50:00,717463,56.20087564802522,20.75411586791094,0.0,0.13537114387653515,-0.46174861323503413,-0.8870108331782216,0.7818314824680298,0.6234898018587336,0.16901710233289716
2026-09-01T13:55:00,717447,61.74815607015347,20.675203989840483,0.0,0.050028368151485036,-0.4809887689193874,-0.8767267557075078,0.7818314824680298,0.6234898018587336,0.010697541214175987
2026-09-01T13:55:00,717512,68.63699522637465,20.675203989840483,0.0,0.0,-0.4809887689193874,-0.8767267557075078,0.7818314824680298,0.6234898018587336,0.04392641645284667
2026-09-01T13:55:00,717446,65.60176607417681,20.675203989840483,0.0,0.0,-0.4809887689193874,-0.8767267557075078,0.7818314824680298,0.6234898018587336,0.026139480517777074
2026-09-01T13:55:00,717445,57.67602509539308,20.675203989840483,0.0,0.11267653699395264,-0.4809887689193874,-0.8767267557075078,0.7818314824680298,0.6234898018587336,0.06401468535613952
2026-09-01T13:55:00,717458,58.20797250843594,20.675203989840483,0.0,0.10449273063944708,-0.4809887689193874,-0.8767267557075078,0.7818314824680298,0.6234898018587336,0.07620063993159328
2026-09-01T13:55:00,717459,55.42523270434722,20.675203989840483,0.0,0.14730411224081197,-0.4809887689193874,-0.8767267557075078,0.7818314824680298,0.6234898018587336,0.07103303896336166
2026-09-01T13:55:00,717460,58.452420537698615,20.675203989840483,0.0,0.10073199172771363,-0.4809887689193874,-0.8767267557075078,0.7818314824680298,0.6234898018587336,0.09867756542514401
2026-09-01T13:55:00,717461,54.48385153338695,20.675203989840483,0.0,0.16178689948635472,-0.4809887689193874,-0.8767267557075078,0.7818314824680298,0.6234898018587336,0.13686090842498044
2026-09-01T13:55:00,717462,49.25814070636865,20.675203989840483,0.0,0.24218245067125155,-0.4809887689193874,-0.8767267557075078,0.7818314824680298,0.6234898018587336,0.14563152215194
2026-09-01T13:55:00,717463,53.58900349437158,20.675203989840483,0.0,0.17555379239428337,-0.4809887689193874,-0.8767267557075078,0.7818314824680298,0.6234898018587336,0.16291838483140508
2026-09-01T14:00:00,717447,67.24102791390838,20.59686708924152,0.0,0.0,-0.4999999999999997,-0.8660254037844388,0.7818314824680298,0.6234898018587336,0.01984815748285936
2026-09-01T14:00:00,717512,63.624201121198666,20.59686708924152,0.0,0.021166136596943552,-0.4999999999999997,-0.8660254037844388,0.7818314824680298,0.6234898018587336,0.019264372555828285
2026-09-01T14:00:00,717446,63.73737788339451,20.59686708924152,0.0,0.019424955640084507,-0.4999999999999997,-0.8660254037844388,0.7818314824680298,0.6234898018587336,0.004473348190360753
2026-09-01T14:00:00,717445,61.506371048540366,20.59686708924152,0.0,0.05374813771476361,-0.4999999999999997,-0.8660254037844388,0.7818314824680298,0.6234898018587336,0.08750414800454087
2026-09-01T14:00:00,717458,61.90441605572363,20.59686708924152,0.0,0.047624368373482606,-0.4999999999999997,-0.8660254037844388,0.7818314824680298,0.6234898018587336,0.09583992282973257
2026-09-01T14:00:00,717459,59.3731107358593,20.59686708924152,0.0,0.08656752714062621,-0.4999999999999997,-0.8660254037844388,0.7818314824680298,0.6234898018587336,0.11668279923384628
2026-09-01T14:00:00,717460,56.938812946597054,20.59686708924152,0.0,0.12401826236004532,-0.4999999999999997,-0.8660254037844388,0.7818314824680298,0.6234898018587336,0.09571803485140407
2026-09-01T14:00:00,717461,56.387056870214174,20.59686708924152,0.0,0.13250681738132042,-0.4999999999999997,-0.8660254037844388,0.7818314824680298,0.6234898018587336,0.16652692519115783
2026-09-01T14:00:00,717462,59.45612191314495,20.59686708924152,1.8,0.08529043210546239,-0.4999999999999997,-0.8660254037844388,0.7818314824680298,0.6234898018587336,0.17301037785698511
2026-09-01T14:00:00,717463,55.51329470856167,20.59686708924152,0.0,0.1459493121759743,-0.4999999999999997,-0.8660254037844388,0.7818314824680298,0.6234898018587336,0.1639416742237406
2026-09-01T14:05:00,717447,61.54682527510537,20.5191391652752,0.0,0.053125764998378955,-0.5187732581605216,-0.8549118706729465,0.7818314824680298,0.6234898018587336,0.01667612271716168
2026-09-01T14:05:00,717512,63.43502221072866,20.5191391652752,0.0,0.02407658137340518,-0.5187732581605216,-0.8549118706729465,0.7818314824680298,0.6234898018587336,0.022085289367970495
2026-09-01T14:05:00,717446,63.00510990690676,20.5191391652752,0.0,0.03069061681681906,-0.5187732581605216,-0.8549118706729465,0.7818314824680298,0.6234898018587336,0.010628354570622315
2026-09-01T14:05:00,717445,60.33680350869783,20.5191391652752,0.0,0.07174148448157192,-0.5187732581605216,-0.8549118706729465,0.7818314824680298,0.6234898018587336,0.07856645940681188
2026-09-01T14:05:00,717458,53.87915798153991,20.5191391652752,1.8,0.17108987720707824,-0.5187732581605216,-0.8549118706729465,0.7818314824680298,0.6234898018587336,0.0720348039048414
2026-09-01T14:05:00,717459,55.821425622833566,20.5191391652752,1.8,0.14120883657179129,-0.5187732581605216,-0.8549118706729465,0.7818314824680298,0.6234898018587336,0.12808244686927595
2026-09-01T14:05:00,717460,55.961764054907135,20.5191391652752,0.0,0.13904978377065946,-0.5187732581605216,-0.8549118706729465,0.7818314824680298,0.6234898018587336,0.11222812603626127
2026-09-01T14:05:00,717461,61.66564362719264,20.5191391652752,0.0,0.051297790350882555,-0.5187732581605216,-0.8549118706729465,0.7818314824680298,0.6234898018587336,0.18889151753522757
2026-09-01T14:05:00,717462,56.26068952342498,20.5191391652752,0.0,0.13445093040884648,-0.5187732581605216,-0.8549118706729465,0.7818314824680298,0.6234898018587336,0.1415338473903297
2026-09-01T14:05:00,717463,48.96066868835698,20.5191391652752,0.0,0.24675894325604641,-0.5187732581605216,-0.8549118706729465,0.7818314824680298,0.6234898018587336,0.15229141614893094
2026-09-01T14:10:00,717447,63.99852447052988,20.442053952799448,0.0,0.015407315838001812,-0.5372996083468236,-0.8433914458128858,0.7818314824680298,0.6234898018587336,0.034384711049954664
2026-09-01T14:10:00,717512,67.05682297937396,20.442053952799448,0.0,0.0,-0.5372996083468236,-0.8433914458128858,0.7818314824680298,0.6234898018587336,0.015080905990116245
2026-09-01T14:10:00,717446,60.12863505770938,20.442053952799448,0.0,0.07494407603524034,-0.5372996083468236,-0.8433914458128858,0.7818314824680298,0.6234898018587336,0.016705190818967857
2026-09-01T14:10:00,717445,63.79456958980534,20.442053952799448,1.8,0.018545083233764026,-0.5372996083468236,-0.8433914458128858,0.7818314824680298,0.6234898018587336,0.07938871973009605
2026-09-01T14:10:00,717458,54.92139481031687,20.442053952799448,0.0,0.15505546445666352,-0.5372996083468236,-0.8433914458128858,0.7818314824680298,0.6234898018587336,0.10773565874000264
2026-09-01T14:10:00,717459,49.78296624241568,20.442053952799448,0.0,0.2341082116551434,-0.5372996083468236,-0.8433914458128858,0.7818314824680298,0.6234898018587336,0.12502682531774315
2026-09-01T14:10:00,717460,60.68021828596388,20.442053952799448,0.0,0.0664581802159403,-0.5372996083468236,-0.8433914458128858,0.7818314824680298,0.6234898018587336,0.12126667928613948
2026-09-01T14:10:00,717461,54.4899489504912,20.442053952799448,0.0,0.1616930930693662,-0.5372996083468236,-0.8433914458128858,0.7818314824680298,0.6234898018587336,0.11519716907285256
2026-09-01T14:10:00,717462,49.07020793766113,20.442053952799448,0.0,0.2450737240359826,-0.5372996083468236,-0.8433914458128858,0.7818314824680298,0.6234898018587336,0.15397460439518681
2026-09-01T14:10:00,717463,52.31387071119837,20.442053952799448,1.8,0.19517121982771735,-0.5372996083468236,-0.8433914458128858,0.7818314824680298,0.6234898018587336,0.18942068260876802
2026-09-01T14:15:00,717447,64.7061565832023,20.36564490772764,0.0,0.004520667950733803,-0.555570233019602,-0.8314696123025455,0.7818314824680298,0.6234898018587336,0.02284436027879359
2026-09-01T14:15:00,717512,64.28254107728223,20.36564490772764,1.8,0.011037829580273328,-0.555570233019602,-0.8314696123025455,0.7818314824680298,0.6234898018587336,0.015080905990116245
2026-09-01T14:15:00,717446,54.26990285318816,20.36564490772764,0.0,0.16507841764325915,-0.555570233019602,-0.8314696123025455,0.7818314824680298,0.6234898018587336,0.0416865494973813
2026-09-01T14:15:00,717445,58.56013967642559,20.36564490772764,0.0,0.09907477420883704,-0.555570233019602,-0.8314696123025455,0.7818314824680298,0.6234898018587336,0.04801156847669985
2026-09-01T14:15:00,717458,59.51183757819592,20.36564490772764,0.0,0.08443326802775508,-0.555570233019602,-0.8314696123025455,0.7818314824680298,0.6234898018587336,0.12458990334574145
2026-09-01T14:15:00,717459,59.47550241583522,20.36564490772764,1.8,0.08499227052561198,-0.555570233019602,-0.8314696123025455,0.7818314824680298,0.6234898018587336,0.1539615251225203
2026-09-01T14:15:00,717460,54.04668721757329,20.36564490772764,0.0,0.1685125043450263,-0.555570233019602,-0.8314696123025455,0.7818314824680298,0.6234898018587336,0.10984207544888169
2026-09-01T14:15:00,717461,55.11505107433899,20.36564490772764,0.0,0.15207613731786163,-0.555570233019602,-0.8314696123025455,0.7818314824680298,0.6234898018587336,0.11516590026718972
2026-09-01T14:15:00,717462,52.77529110473533,20.36564490772764,0.0,0.18807244454253336,-0.555570233019602,-0.8314696123025455,0.7818314824680298,0.6234898018587336,0.1549383621834305
2026-09-01T14:15:00,717463,54.007534126299504,20.36564490772764,0.0,0.1691148595953923,-0.555570233019602,-0.8314696123025455,0.7818314824680298,0.6234898018587336,0.19595982508657936
2026-09-01T14:20:00,717447,67.44333912005453,20.28994519250834,0.0,0.0,-0.5735764363510458,-0.819152044288992,0.7818314824680298,0.6234898018587336,0.024351249595704855
2026-09-01T14:20:00,717512,61.75735270914361,20.28994519250834,0.0,0.04988688139779063,-0.5735764363510458,-0.819152044288992,0.7818314824680298,0.6234898018587336,0.01170480365122617
2026-09-01T14:20:00,717446,57.45109583349544,20.28994519250834,1.8,0.11613698717699328,-0.5735764363510458,-0.819152044288992,0.7818314824680298,0.6234898018587336,0.09023770349843951
2026-09-01T14:20:00,717445,58.23779391790419,20.28994519250834,0.0,0.10403393972455088,-0.5735764363510458,-0.819152044288992,0.7818314824680298,0.6234898018587336,0.06312044730805766
2026-09-01T14:20:00,717458,64.37092665269726,20.28994519250834,0.0,0.009678051496965212,-0.5735764363510458,-0.819152044288992,0.7818314824680298,0.6234898018587336,0.1368595365638323
2026-09-01T14:20:00,717459,55.39580064370645,20.28994519250834,1.8,0.14775691317374695,-0.5735764363510458,-0.819152044288992,0.7818314824680298,0.6234898018587336,0.1534364395841822
2026-09-01T14:20:00,717460,53.15966834695857,20.28994519250834,0.0,0.1821589485083297,-0.5735764363510458,-0.819152044288992,0.7818314824680298,0.6234898018587336,0.12467348944387535
2026-09-01T14:20:00,717461,54.37907478991804,20.28994519250834,0.0,0.16339884938587623,-0.5735764363510458,-0.819152044288992,0.7818314824680298,0.6234898018587336,0.12168900691270346
2026-09-01T14:20:00,717462,54.08595634848699,20.28994519250834,0.0,0.16790836386943098,-0.5735764363510458,-0.819152044288992,0.7818314824680298,0.6234898018587336,0.18919903299578747
2026-09-01T14:20:00,717463,51.57812058784173,20.28994519250834,0.0,0.20649045249474263,-0.5735764363510458,-0.819152044288992,0.7818314824680298,0.6234898018587336,0.20368167422638536
2026-09-01T14:25:00,717447,59.226707584365656,20.214987661732376,0.0,0.0888198833174515,-0.5913096483635824,-0.8064446042674825,0.7818314824680298,0.6234898018587336,0.006642661262911871
2026-09-01T14:25:00,717512,63.53489814592567,20.214987661732376,0.0,0.022540028524220435,-0.5913096483635824,-0.8064446042674825,0.7818314824680298,0.6234898018587336,0.020308236992687984
2026-09-01T14:25:00,717446,62.04591086365061,20.214987661732376,0.0,0.04544752517460593,-0.5913096483635824,-0.8064446042674825,0.7818314824680298,0.6234898018587336,0.11871982695183092
2026-09-01T14:25:00,717445,62.248286777258535,20.214987661732376,0.0,0.04233404958063791,-0.5913096483635824,-0.8064446042674825,0.7818314824680298,0.6234898018587336,0.07388459905571731
2026-09-01T14:25:00,717458,59.57710490117637,20.214987661732376,0.0,0.0834291553665174,-0.5913096483635824,-0.8064446042674825,0.7818314824680298,0.6234898018587336,0.08305559466046127
2026-09-01T14:25:00,717459,62.66568920917528,20.214987661732376,0.0,0.03591247370499573,-0.5913096483635824,-0.8064446042674825,0.7818314824680298,0.6234898018587336,0.1556191317848341
2026-09-01T14:25:00,717460,58.89558499401231,20.214987661732376,1.8,0.09391407701519527,-0.5913096483635824,-0.8064446042674825,0.7818314824680298,0.6234898018587336,0.13904321102309877
2026-09-01T14:25:00,717461,57.02923876946503,20.214987661732376,0.0,0.12262709585438414,-0.5913096483635824,-0.8064446042674825,0.7818314824680298,0.6234898018587336,0.15905602659103468
2026-09-01T14:25:00,717462,57.77171348732957,20.214987661732376,0.0,0.1112044078872374,-0.5913096483635824,-0.8064446042674825,0.7818314824680298,0.6234898018587336,0.20035151081598232
2026-09-01T14:25:00,717463,53.391198121452106,20.214987661732376,0.0,0.1785969519776599,-0.5913096483635824,-0.8064446042674825,0.7818314824680298,0.6234898018587336,0.19025884397261741
2026-09-01T14:30:00,717447,62.98617468999343,20.140804847873564,0.0,0.030981927846254864,-0.6087614290087207,-0.7933533402912352,0.7818314824680298,0.6234898018587336,0.0311135170893951
2026-09-01T14:30:00,717512,63.27370889606834,20.140804847873564,0.0,0.026558324675871603,-0.6087614290087207,-0.7933533402912352,0.7818314824680298,0.6234898018587336,0.027821579834094796
2026-09-01T14:30:00,717446,55.29040635445581,20.140804847873564,0.0,0.14937836377760294,-0.6087614290087207,-0.7933533402912352,0.7818314824680298,0.6234898018587336,0.10888764333161945
2026-09-01T14:30:00,717445,60.37447575608716,20.140804847873564,0.0,0.07116191144481299,-0.6087614290087207,-0.7933533402912352,0.7818314824680298,0.6234898018587336,0.08181425450467528
2026-09-01T14:30:00,717458,58.46033580324567,20.140804847873564,0.0,0.10061021841160511,-0.6087614290087207,-0.7933533402912352,0.7818314824680298,0.6234898018587336,0.05918015829707923
2026-09-01T14:30:00,717459,58.802541862644034,20.140804847873564,0.0,0.0953455098054764,-0.6087614290087207,-0.7933533402912352,0.7818314824680298,0.6234898018587336,0.08955388580145156
2026-09-01T14:30:00,717460,59.46888593874823,20.140804847873564,0.0,0.08509406248079643,-0.6087614290087207,-0.7933533402912352,0.7818314824680298,0.6234898018587336,0.14819517662285042
2026-09-01T14:30:00,717461,56.894344855607336,20.140804847873564,0.0,0.12470238683681023,-0.6087614290087207,-0.7933533402912352,0.7818314824680298,0.6234898018587336,0.146034027519374
2026-09-01T14:30:00,717462,51.82303424260963,20.140804847873564,0.0,0.202722550113698,-0.6087614290087207,-0.7933533402912352,0.7818314824680298,0.6234898018587336,0.15572840543306724
2026-09-01T14:30:00,717463,55.31037892363382,20.140804847873564,1.8,0.14907109348255665,-0.6087614290087207,-0.7933533402912352,0.7818314824680298,0.6234898018587336,0.18473408802259828
2026-09-01T14:35:00,717447,68.23202774867315,20.067428947169223,0.0,0.0,-0.6259234721840591,-0.7798844830928818,0.7818314824680298,0.6234898018587336,0.03993393705456879
2026-09-01T14:35:00,717512,65.29541674563893,20.067428947169223,1.8,0.0,-0.6259234721840591,-0.7798844830928818,0.7818314824680298,0.6234898018587336,0.032995078199294224
2026-09-01T14:35:00,717446,57.00416043442544,20.067428947169223,0.0,0.1230129163934548,-0.6259234721840591,-0.7798844830928818,0.7818314824680298,0.6234898018587336,0.10365429204306738
2026-09-01T14:35:00,717445,61.4007559992284,20.067428947169223,0.0,0.05537298462725537,-0.6259234721840591,-0.7798844830928818,0.7818314824680298,0.6234898018587336,0.07250996691666727
2026-09-01T14:35:00,717458,54.998233533964296,20.067428947169223,0.0,0.15387333024670313,-0.6259234721840591,-0.7798844830928818,0.7818314824680298,0.6234898018587336,0.0645724750916959
2026-09-01T14:35:00,717459,56.43416837547008,20.067428947169223,0.0,0.13178202499276803,-0.6259234721840591,-0.7798844830928818,0.7818314824680298,0.6234898018587336,0.09300496556140636
2026-09-01T14:35:00,717460,57.25052125375792,20.067428947169223,1.8,0.11922274994218585,-0.6259234721840591,-0.7798844830928818,0.7818314824680298,0.6234898018587336,0.1203890293347738
2026-09-01T14:35:00,717461,55.63800589252292,20.067428947169223,0.0,0.14403067857657048,-0.6259234721840591,-0.7798844830928818,0.7818314824680298,0.6234898018587336,0.1369094440256902
2026-09-01T14:35:00,717462,56.82970644495106,20.067428947169223,0.0,0.12569682392382986,-0.6259234721840591,-0.7798844830928818,0.7818314824680298,0.6234898018587336,0.1606117739567888
2026-09-01T14:35:00,717463,57.44980640496627,20.067428947169223,0.0,0.11615682453898046,-0.6259234721840591,-0.7798844830928818,0.7818314824680298,0.6234898018587336,0.17805283265165306
2026-09-01T14:40:00,717447,64.45995638380313,19.99489180564662,0.0,0.008308363326105628,-0.6427876096865389,-0.7660444431189783,0.7818314824680298,0.6234898018587336,0.03993393705456879
2026-09-01T14:40:00,717512,60.71224524832618,19.99489180564662,0.0,0.06596545771805884,-0.6427876096865389,-0.7660444431189783,0.7818314824680298,0.6234898018587336,0.01636611773336401
2026-09-01T14:40:00,717446,54.858265125045264,19.99489180564662,1.8,0.15602669038391903,-0.6427876096865389,-0.7660444431189783,0.7818314824680298,0.6234898018587336,0.10594626844855455
2026-09-01T14:40:00,717445,63.34124036212516,19.99489180564662,0.0,0.025519379044228296,-0.6427876096865389,-0.7660444431189783,0.7818314824680298,0.6234898018587336,0.05628964855090209
2026-09-01T14:40:00,717458,57.9186309249028,19.99489180564662,0.0,0.10894413961687999,-0.6427876096865389,-0.7660444431189783,0.7818314824680298,0.6234898018587336,0.11263756800827522
2026-09-01T14:40:00,717459,56.8736214526287,19.99489180564662,0.0,0.12502120842109699,-0.6427876096865389,-0.7660444431189783,0.7818314824680298,0.6234898018587336,0.08768000283441339
2026-09-01T14:40:00,717460,55.910310284378994,19.99489180564662,0.0,0.13984138024032322,-0.6427876096865389,-0.7660444431189783,0.7818314824680298,0.6234898018587336,0.09941029647939252
2026-09-01T14:40:00,717461,55.915339778909264,19.99489180564662,0.0,0.13976400340139594,-0.6427876096865389,-0.7660444431189783,0.7818314824680298,0.6234898018587336,0.13045338708925494
2026-09-01T14:40:00,717462,54.80674908467282,19.99489180564662,0.0,0.15681924485118737,-0.6427876096865389,-0.7660444431189783,0.7818314824680298,0.6234898018587336,0.14654126064158843
2026-09-01T14:40:00,717463,51.38341011487076,19.99489180564662,0.0,0.2094859982327575,-0.6427876096865389,-0.7660444431189783,0.7818314824680298,0.6234898018587336,0.14794162333306568
2026-09-01T14:45:00,717447,62.35122919849784,19.9232249053014,0.0,0.04075032002311019,-0.6593458151000688,-0.7518398074789774,0.7818314824680298,0.6234898018587336,0.013096763724120164
2026-09-01T14:45:00,717512,59.64005013186976,19.9232249053014,0.0,0.08246076720200379,-0.6593458151000688,-0.7518398074789774,0.7818314824680298,0.6234898018587336,0.030841260797976815
2026-09-01T14:45:00,717446,58.12563441475557,19.9232249053014,0.0,0.10575947054222201,-0.6593458151000688,-0.7518398074789774,0.7818314824680298,0.6234898018587336,0.14280599018499227
2026-09-01T14:45:00,717445,56.91199050669351,19.9232249053014,0.0,0.1244309152816383,-0.6593458151000688,-0.7518398074789774,0.7818314824680298,0.6234898018587336,0.05068475837209888
2026-09-01T14:45:00,717458,57.51651599354966,19.9232249053014,0.0,0.11513052317615902,-0.6593458151000688,-0.7518398074789774,0.7818314824680298,0.6234898018587336,0.12114256275839608
2026-09-01T14:45:00,717459,53.958585417276026,19.9232249053014,0.0,0.16986791665729195,-0.6593458151000688,-0.7518398074789774,0.7818314824680298,0.6234898018587336,0.11738291440644714
2026-09-01T14:45:00,717460,46.72754744125672,19.9232249053014,0.0,0.2811146547498966,-0.6593458151000688,-0.7518398074789774,0.7818314824680298,0.6234898018587336,0.11471939755443517
2026-09-01T14:45:00,717461,53.12404592935623,19.9232249053014,0.0,0.1827069857022119,-0.6593458151000688,-0.7518398074789774,0.7818314824680298,0.6234898018587336,0.13616568960492556
2026-09-01T14:45:00,717462,49.33623218455393,19.9232249053014,0.0,0.24098104331455494,-0.6593458151000688,-0.7518398074789774,0.7818314824680298,0.6234898018587336,0.1617462062962384
2026-09-01T14:45:00,717463,52.17673751472056,19.9232249053014,0.0,0.19728096131199147,-0.6593458151000688,-0.7518398074789774,0.7818314824680298,0.6234898018587336,0.15823797208476487
2026-09-01T14:50:00,717447,60.44718796351072,19.85245935043401,1.8,0.07004326209983502,-0.6755902076156601,-0.7372773368101241,0.7818314824680298,0.6234898018587336,0.016352894449738604
2026-09-01T14:50:00,717512,62.43441071367004,19.85245935043401,0.0,0.039470604405076326,-0.6755902076156601,-0.7372773368101241,0.7818314824680298,0.6234898018587336,0.04947540830668754
2026-09-01T14:50:00,717446,56.40361012345898,19.85245935043401,0.0,0.13225215194678486,-0.6755902076156601,-0.7372773368101241,0.7818314824680298,0.6234898018587336,0.12826635910653195
2026-09-01T14:50:00,717445,53.41121170790277,19.85245935043401,1.8,0.17828905064764966,-0.6755902076156601,-0.7372773368101241,0.7818314824680298,0.6234898018587336,0.068441092984374
2026-09-01T14:50:00,717458,57.17682711811327,19.85245935043401,0.0,0.12035650587518043,-0.6755902076156601,-0.7372773368101241,0.7818314824680298,0.6234898018587336,0.1259826643465807
2026-09-01T14:50:00,717459,55.01879734431586,19.85245935043401,0.0,0.1535569639336022,-0.6755902076156601,-0.7372773368101241,0.7818314824680298,0.6234898018587336,0.14222371669038567
2026-09-01T14:50:00,717460,51.11530236831818,19.85245935043401,0.0,0.2136107327951049,-0.6755902076156601,-0.7372773368101241,0.7818314824680298,0.6234898018587336,0.18005959497746857
2026-09-01T14:50:00,717461,56.19478186968836,19.85245935043401,0.0,0.13546489431248676,-0.6755902076156601,-0.7372773368101241,0.7818314824680298,0.6234898018587336,0.15550055589339276
2026-09-01T14:50:00,717462,49.66004707137776,19.85245935043401,0.0,0.2359992758249575,-0.6755902076156601,-0.7372773368101241,0.7818314824680298,0.6234898018587336,0.17449903736319072
2026-09-01T14:50:00,717463,49.20939241609883,19.85245935043401,0.0,0.24293242436771034,-0.6755902076156601,-0.7372773368101241,0.7818314824680298,0.6234898018587336,0.17430792802790981
2026-09-01T14:55:00,717447,64.76349957016484,19.782625854150105,0.0,0.0036384681513101924,-0.691513055782269,-0.722363962059756,0.7818314824680298,0.6234898018587336,0.039700648483016944
2026-09-01T14:55:00,717512,62.184446460062766,19.782625854150105,0.0,0.04331620830672667,-0.691513055782269,-0.722363962059756,0.7818314824680298,0.6234898018587336,0.06263227644171299
2026-09-01T14:55:00,717446,56.126552709139794,19.782625854150105,0.0,0.13651457370554165,-0.691513055782269,-0.722363962059756,0.7818314824680298,0.6234898018587336,0.1313461042909753
2026-09-01T14:55:00,717445,57.24519452174823,19.782625854150105,0.0,0.1193046996654118,-0.691513055782269,-0.722363962059756,0.7818314824680298,0.6234898018587336,0.10941311499117208
2026-09-01T14:55:00,717458,53.44719625545197,19.782625854150105,1.8,0.17773544222381588,-0.691513055782269,-0.722363962059756,0.7818314824680298,0.6234898018587336,0.11481038955607314
2026-09-01T14:55:00,717459,58.51865526289824,19.782625854150105,0.0,0.09971299595541161,-0.691513055782269,-0.722363962059756,0.7818314824680298,0.6234898018587336,0.1494820296706637
2026-09-01T14:55:00,717460,57.3164238050572,19.782625854150105,0.0,0.11820886453758161,-0.691513055782269,-0.722363962059756,0.7818314824680298,0.6234898018587336,0.21152225592844157
2026-09-01T14:55:00,717461,58.92642279987917,19.782625854150105,0.0,0.09343964923262815,-0.691513055782269,-0.722363962059756,0.7818314824680298,0.6234898018587336,0.15264529447203154
2026-09-01T14:55:00,717462,59.08251770434743,19.782625854150105,0.0,0.09103818916388562,-0.691513055782269,-0.722363962059756,0.7818314824680298,0.6234898018587336,0.21126652133023327
2026-09-01T14:55:00,717463,49.18463716392981,19.782625854150105,0.0,0.24331327440107986,-0.691513055782269,-0.722363962059756,0.7818314824680298,0.6234898018587336,0.2165664613041531
2026-09-01T15:00:00,717447,63.4960864585568,19.713754725030626,0.0,0.02313713140681839,-0.7071067811865471,-0.7071067811865479,0.7818314824680298,0.6234898018587336,0.03814401675808513
2026-09-01T15:00:00,717512,54.50849974779706,19.713754725030626,0.0,0.16140769618773754,-0.7071067811865471,-0.7071067811865479,0.7818314824680298,0.6234898018587336,0.05508252663793559
2026-09-01T15:00:00,717446,59.51347698246256,19.713754725030626,0.0,0.08440804642365296,-0.7071067811865471,-0.7071067811865479,0.7818314824680298,0.6234898018587336,0.12484206539818284
2026-09-01T15:00:00,717445,59.03428496452533,19.713754725030626,0.0,0.09178023131499502,-0.7071067811865471,-0.7071067811865479,0.7818314824680298,0.6234898018587336,0.1406748885315666
2026-09-01T15:00:00,717458,53.70100122975642,19.713754725030626,0.0,0.17383075031143969,-0.7071067811865471,-0.7071067811865479,0.7818314824680298,0.6234898018587336,0.13774082375838512
2026-09-01T15:00:00,717459,53.326964956597216,19.713754725030626,0.0,0.179585154513889,-0.7071067811865471,-0.7071067811865479,0.7818314824680298,0.6234898018587336,0.14104595884876858
2026-09-01T15:00:00,717460,56.85914613715801,19.713754725030626,0.0,0.12524390558218457,-0.7071067811865471,-0.7071067811865479,0.7818314824680298,0.6234898018587336,0.20431141736086103
2026-09-01T15:00:00,717461,54.31162632992834,19.713754725030626,0.0,0.16443651800110248,-0.7071067811865471,-0.7071067811865479,0.7818314824680298,0.6234898018587336,0.13720384308244227
2026-09-01T15:00:00,717462,56.759622706626224,19.713754725030626,0.0,0.12677503528267342,-0.7071067811865471,-0.7071067811865479,0.7818314824680298,0.6234898018587336,0.18933950276779934
2026-09-01T15:00:00,717463,55.1276662371096,19.713754725030626,0.0,0.15188205789062148,-0.7071067811865471,-0.7071067811865479,0.7818314824680298,0.6234898018587336,0.22784222002692722
2026-09-01T15:05:00,717447,55.855104644845525,19.645875853977557,0.0,0.14069069777160725,-0.7223639620597557,-0.6915130557822692,0.7818314824680298,0.6234898018587336,0.032272953885987866
2026-09-01T15:05:00,717512,58.05162985909089,19.645875853977557,0.0,0.10689800216783252,-0.7223639620597557,-0.6915130557822692,0.7818314824680298,0.6234898018587336,0.08139816963318018
2026-09-01T15:05:00,717446,55.274552049072405,19.645875853977557,0.0,0.14962227616811685,-0.7223639620597557,-0.6915130557822692,0.7818314824680298,0.6234898018587336,0.11772492402532649
2026-09-01T15:05:00,717445,59.497459715891296,19.645875853977557,0.0,0.08465446590936465,-0.7223639620597557,-0.6915130557822692,0.7818314824680298,0.6234898018587336,0.12979132720935216
2026-09-01T15:05:00,717458,56.87622733886335,19.645875853977557,0.0,0.12498111786364074,-0.7223639620597557,-0.6915130557822692,0.7818314824680298,0.6234898018587336,0.157307566136812
2026-09-01T15:05:00,717459,51.8613542451766,19.645875853977557,1.8,0.20213301161266772,-0.7223639620597557,-0.6915130557822692,0.7818314824680298,0.6234898018587336,0.14428503813430094
2026-09-01T15:05:00,717460,51.08442136950275,19.645875853977557,0.0,0.21408582508457308,-0.7223639620597557,-0.6915130557822692,0.7818314824680298,0.6234898018587336,0.1523545009716237
2026-09-01T15:05:00,717461,56.173830983768845,19.645875853977557,0.0,0.1357872156343255,-0.7223639620597557,-0.6915130557822692,0.7818314824680298,0.6234898018587336,0.13111368718207247
2026-09-01T15:05:00,717462,49.97124563058117,19.645875853977557,1.8,0.23121160568336663,-0.7223639620597557,-0.6915130557822692,0.7818314824680298,0.6234898018587336,0.15127083342383885
2026-09-01T15:05:00,717463,43.94755064854472,19.645875853977557,1.8,0.32388383617623506,-0.7223639620597557,-0.6915130557822692,0.7818314824680298,0.6234898018587336,0.21270925221980388
2026-09-01T15:10:00,717447,57.02355124685435,19.579018701240884,0.0,0.12271459620224068,-0.7372773368101239,-0.6755902076156604,0.7818314824680298,0.6234898018587336,0.05582209910991195
2026-09-01T15:10:00,717512,64.77036576432684,19.579018701240884,0.0,0.003532834394971651,-0.7372773368101239,-0.6755902076156604,0.7818314824680298,0.6234898018587336,0.10387396888743224
2026-09-01T15:10:00,717446,60.85844042249327,19.579018701240884,0.0,0.06371630119241123,-0.7372773368101239,-0.6755902076156604,0.7818314824680298,0.6234898018587336,0.12351496543243716
2026-09-01T15:10:00,717445,52.87134049890079,19.579018701240884,1.8,0.18659476155537247,-0.7372773368101239,-0.6755902076156604,0.7818314824680298,0.6234898018587336,0.09857979896325715
2026-09-01T15:10:00,717458,55.99023992725092,19.579018701240884,0.0,0.13861169342690893,-0.7372773368101239,-0.6755902076156604,0.7818314824680298,0.6234898018587336,0.15884910346629877
2026-09-01T15:10:00,717459,57.049855115439634,19.579018701240884,0.0,0.12230992130092866,-0.7372773368101239,-0.6755902076156604,0.7818314824680298,0.6234898018587336,0.1604770540273228
2026-09-01T15:10:00,717460,48.030310726273086,19.579018701240884,0.0,0.2610721426727217,-0.7372773368101239,-0.6755902076156604,0.7818314824680298,0.6234898018587336,0.1525128650681131
2026-09-01T15:10:00,717461,55.01229409255931,19.579018701240884,0.0,0.15365701396062603,-0.7372773368101239,-0.6755902076156604,0.7818314824680298,0.6234898018587336,0.13122112762268537
2026-09-01T15:10:00,717462,51.96002995800541,19.579018701240884,0.0,0.20061492372299372,-0.7372773368101239,-0.6755902076156604,0.7818314824680298,0.6234898018587336,0.1496749433766419
2026-09-01T15:10:00,717463,47.23663991157768,19.579018701240884,0.0,0.27328246289880487,-0.7372773368101239,-0.6755902076156604,0.7818314824680298,0.6234898018587336,0.2396930561559788
2026-09-01T15:15:00,717447,61.399036198705,19.51321228363251,0.0,0.05539944309684619,-0.7518398074789773,-0.6593458151000691,0.7818314824680298,0.6234898018587336,0.09551414179355544
2026-09-01T15:15:00,717512,59.28376909496239,19.51321228363251,0.0,0.08794201392365553,-0.7518398074789773,-0.6593458151000691,0.7818314824680298,0.6234898018587336,0.09061284425018057
2026-09-01T15:15:00,717446,58.29215321761995,19.51321228363251,0.0,0.10319764280584698,-0.7518398074789773,-0.6593458151000691,0.7818314824680298,0.6234898018587336,0.09924887459472702
2026-09-01T15:15:00,717445,56.433561956385645,19.51321228363251,1.8,0.13179135451714397,-0.7518398074789773,-0.6593458151000691,0.7818314824680298,0.6234898018587336,0.12100981959324404
2026-09-01T15:15:00,717458,52.14608868700694,19.51321228363251,0.0,0.1977524817383548,-0.7518398074789773,-0.6593458151000691,0.7818314824680298,0.6234898018587336,0.14580785386732978
2026-09-01T15:15:00,717459,51.45263140604367,19.51321228363251,0.0,0.2084210552916358,-0.7518398074789773,-0.6593458151000691,0.7818314824680298,0.6234898018587336,0.16800936247582846
2026-09-01T15:15:00,717460,51.67496238805465,19.51321228363251,0.0,0.20500057864531307,-0.7518398074789773,-0.6593458151000691,0.7818314824680298,0.6234898018587336,0.20013395777982645
2026-09-01T15:15:00,717461,51.32730193875064,19.51321228363251,0.0,0.21034920094229792,-0.7518398074789773,-0.6593458151000691,0.7818314824680298,0.6234898018587336,0.151293582532018
2026-09-01T15:15:00,717462,51.98554416806615,19.51321228363251,0.0,0.20022239741436698,-0.7518398074789773,-0.6593458151000691,0.7818314824680298,0.6234898018587336,0.18620052156301126
2026-09-01T15:15:00,717463,54.61294600638206,19.51321228363251,1.8,0.15980083067104522,-0.7518398074789773,-0.6593458151000691,0.7818314824680298,0.6234898018587336,0.24968278565522048
2026-09-01T15:20:00,717447,59.57738049112544,19.44848516193259,1.8,0.08342491552114706,-0.7660444431189779,-0.6427876096865395,0.7818314824680298,0.6234898018587336,0.10626824569023137
2026-09-01T15:20:00,717512,59.62251133672603,19.44848516193259,0.0,0.08273059481959955,-0.7660444431189779,-0.6427876096865395,0.7818314824680298,0.6234898018587336,0.06612428349548656
2026-09-01T15:20:00,717446,59.12726531031944,19.44848516193259,1.8,0.09034976445662402,-0.7660444431189779,-0.6427876096865395,0.7818314824680298,0.6234898018587336,0.10551207338879169
2026-09-01T15:20:00,717445,57.44644881118546,19.44848516193259,1.8,0.11620847982791593,-0.7660444431189779,-0.6427876096865395,0.7818314824680298,0.6234898018587336,0.13434686066062704
2026-09-01T15:20:00,717458,51.334220421857545,19.44848516193259,0.0,0.21024276274065312,-0.7660444431189779,-0.6427876096865395,0.7818314824680298,0.6234898018587336,0.15378176434296817
2026-09-01T15:20:00,717459,56.94937112686521,19.44848516193259,1.8,0.12385582881745827,-0.7660444431189779,-0.6427876096865395,0.7818314824680298,0.6234898018587336,0.17762132940174405
2026-09-01T15:20:00,717460,55.19363885113853,19.44848516193259,0.0,0.15086709459786873,-0.7660444431189779,-0.6427876096865395,0.7818314824680298,0.6234898018587336,0.22671951546753596
2026-09-01T15:20:00,717461,50.8859322152921,19.44848516193259,0.0,0.21713950438012153,-0.7660444431189779,-0.6427876096865395,0.7818314824680298,0.6234898018587336,0.16659781017908315
2026-09-01T15:20:00,717462,46.69793351277994,19.44848516193259,0.0,0.28157025364953936,-0.7660444431189779,-0.6427876096865395,0.7818314824680298,0.6234898018587336,0.2106829756069091
2026-09-01T15:20:00,717463,48.17313716104097,19.44848516193259,0.0,0.25887481290706205,-0.7660444431189779,-0.6427876096865395,0.7818314824680298,0.6234898018587336,0.2523223765820284
2026-09-01T15:25:00,717447,53.43206788595743,19.38486542849384,0.0,0.17796818636988565,-0.7798844830928814,-0.6259234721840596,0.7818314824680298,0.6234898018587336,0.08717965160674464
2026-09-01T15:25:00,717512,61.42680703857,19.38486542849384,1.8,0.05497219940661546,-0.7798844830928814,-0.6259234721840596,0.7818314824680298,0.6234898018587336,0.05806848104607557
2026-09-01T15:25:00,717446,53.83334583502949,19.38486542849384,0.0,0.17179467946108473,-0.7798844830928814,-0.6259234721840596,0.7818314824680298,0.6234898018587336,0.08575456948496074
2026-09-01T15:25:00,717445,53.652430931516776,19.38486542849384,0.0,0.17457798566897265,-0.7798844830928814,-0.6259234721840596,0.7818314824680298,0.6234898018587336,0.1448648653001441
2026-09-01T15:25:00,717458,57.57214158872712,19.38486542849384,0.0,0.1142747447888135,-0.7798844830928814,-0.6259234721840596,0.7818314824680298,0.6234898018587336,0.18220231263530562
2026-09-01T15:25:00,717459,44.653121583677766,19.38486542849384,0.0,0.3130288987126497,-0.7798844830928814,-0.6259234721840596,0.7818314824680298,0.6234898018587336,0.15152893513667423
2026-09-01T15:25:00,717460,54.747443711547575,19.38486542849384,0.0,0.15773163520696043,-0.7798844830928814,-0.6259234721840596,0.7818314824680298,0.6234898018587336,0.20564660530530118
2026-09-01T15:25:00,717461,50.73061799658813,19.38486542849384,0.0,0.21952895389864413,-0.7798844830928814,-0.6259234721840596,0.7818314824680298,0.6234898018587336,0.19371523976101515
2026-09-01T15:25:00,717462,53.545726634907616,19.38486542849384,0.0,0.17621959023219047,-0.7798844830928814,-0.6259234721840596,0.7818314824680298,0.6234898018587336,0.22746919159563336
2026-09-01T15:25:00,717463,44.480026913454815,19.38486542849384,0.0,0.31569189363915673,-0.7798844830928814,-0.6259234721840596,0.7818314824680298,0.6234898018587336,0.2306527021589707
2026-09-01T15:30:00,717447,58.305442249032495,19.322380695049056,1.8,0.10299319616873082,-0.7933533402912349,-0.6087614290087209,0.7818314824680298,0.6234898018587336,0.10559751499595964
2026-09-01T15:30:00,717512,53.276006890565554,19.322380695049056,0.0,0.1803691247605299,-0.7933533402912349,-0.6087614290087209,0.7818314824680298,0.6234898018587336,0.07521493604995684
2026-09-01T15:30:00,717446,58.19224781544257,19.322380695049056,0.0,0.10473464899319118,-0.7933533402912349,-0.6087614290087209,0.7818314824680298,0.6234898018587336,0.12178069557451858
2026-09-01T15:30:00,717445,56.87389651479416,19.322380695049056,0.0,0.1250169766954744,-0.7933533402912349,-0.6087614290087209,0.7818314824680298,0.6234898018587336,0.14085927333801085
2026-09-01T15:30:00,717458,57.77334799477688,19.322380695049056,0.0,0.1111792616188173,-0.7933533402912349,-0.6087614290087209,0.7818314824680298,0.6234898018587336,0.17408999642260714
2026-09-01T15:30:00,717459,51.28884260233943,19.322380695049056,0.0,0.21094088304093184,-0.7933533402912349,-0.6087614290087209,0.7818314824680298,0.6234898018587336,0.21510192760724792
2026-09-01T15:30:00,717460,56.3479247687861,19.322380695049056,0.0,0.13310884971098302,-0.7933533402912349,-0.6087614290087209,0.7818314824680298,0.6234898018587336,0.17119976948338075
2026-09-01T15:30:00,717461,45.8455051406172,19.322380695049056,0.0,0.2946845362981969,-0.7933533402912349,-0.6087614290087209,0.7818314824680298,0.6234898018587336,0.21567255307368785
2026-09-01T15:30:00,717462,47.52806907315753,19.322380695049056,0.0,0.268798937336038,-0.7933533402912349,-0.6087614290087209,0.7818314824680298,0.6234898018587336,0.2193374137653656
2026-09-01T15:30:00,717463,43.54287287904281,19.322380695049056,0.0,0.330109648014726,-0.7933533402912349,-0.6087614290087209,0.7818314824680298,0.6234898018587336,0.24478917907242134
2026-09-01T15:35:00,717447,56.9920026965375,19.26105808072736,0.0,0.1231999585148077,-0.8064446042674827,-0.5913096483635822,0.7818314824680298,0.6234898018587336,0.12146209935325451
2026-09-01T15:35:00,717512,52.49140345025777,19.26105808072736,0.0,0.19243994691911126,-0.8064446042674827,-0.5913096483635822,0.7818314824680298,0.6234898018587336,0.10602397299558164
2026-09-01T15:35:00,717446,57.31524034941455,19.26105808072736,1.8,0.11822707154746848,-0.8064446042674827,-0.5913096483635822,0.7818314824680298,0.6234898018587336,0.12229303097029998
2026-09-01T15:35:00,717445,54.22911155895192,19.26105808072736,0.0,0.16570597601612425,-0.8064446042674827,-0.5913096483635822,0.7818314824680298,0.6234898018587336,0.13860114739745433
2026-09-01T15:35:00,717458,48.32711742131151,19.26105808072736,0.0,0.2565058858259768,-0.8064446042674827,-0.5913096483635822,0.7818314824680298,0.6234898018587336,0.1452322563827613
2026-09-01T15:35:00,717459,52.90786229844042,19.26105808072736,0.0,0.18603288771630122,-0.8064446042674827,-0.5913096483635822,0.7818314824680298,0.6234898018587336,0.2159418701903466
2026-09-01T15:35:00,717460,53.97312525400783,19.26105808072736,0.0,0.169644226861418,-0.8064446042674827,-0.5913096483635822,0.7818314824680298,0.6234898018587336,0.14723585983860407
2026-09-01T15:35:00,717461,49.72582198214778,19.26105808072736,0.0,0.2349873541208034,-0.8064446042674827,-0.5913096483635822,0.7818314824680298,0.6234898018587336,0.24378433152565418
2026-09-01T15:35:00,717462,42.70613585321946,19.26105808072736,0.0,0.3429825253350852,-0.8064446042674827,-0.5913096483635822,0.7818314824680298,0.6234898018587336,0.2421962604059226
2026-09-01T15:35:00,717463,45.15670039016389,19.26105808072736,0.0,0.305281532459017,-0.8064446042674827,-0.5913096483635822,0.7818314824680298,0.6234898018587336,0.30155878485364823
2026-09-01T15:40:00,717447,57.57808675702636,19.200924200284124,1.8,0.11418328066113292,-0.8191520442889916,-0.5735764363510464,0.7818314824680298,0.6234898018587336,0.13472044701780805
2026-09-01T15:40:00,717512,53.53180618514486,19.200924200284124,0.0,0.17643375099777137,-0.8191520442889916,-0.5735764363510464,0.7818314824680298,0.6234898018587336,0.1425937570287522
2026-09-01T15:40:00,717446,49.98074239258329,19.200924200284124,0.0,0.2310655016525648,-0.8191520442889916,-0.5735764363510464,0.7818314824680298,0.6234898018587336,0.13158546666724813
2026-09-01T15:40:00,717445,55.549851733738414,19.200924200284124,0.0,0.14538689640402436,-0.8191520442889916,-0.5735764363510464,0.7818314824680298,0.6234898018587336,0.15510031279352376
2026-09-01T15:40:00,717458,49.80669606676144,19.200924200284124,0.0,0.23374313743443942,-0.8191520442889916,-0.5735764363510464,0.7818314824680298,0.6234898018587336,0.16065329741120252
2026-09-01T15:40:00,717459,54.23159623343452,19.200924200284124,0.0,0.16566775025485347,-0.8191520442889916,-0.5735764363510464,0.7818314824680298,0.6234898018587336,0.23666755648996093
2026-09-01T15:40:00,717460,46.70166090010258,19.200924200284124,0.0,0.28151290922919103,-0.8191520442889916,-0.5735764363510464,0.7818314824680298,0.6234898018587336,0.15349490392645382
2026-09-01T15:40:00,717461,46.03712638354273,19.200924200284124,0.0,0.2917365171762657,-0.8191520442889916,-0.5735764363510464,0.7818314824680298,0.6234898018587336,0.24973361477254816
2026-09-01T15:40:00,717462,44.07841579137485,19.200924200284124,0.0,0.3218705262865408,-0.8191520442889916,-0.5735764363510464,0.7818314824680298,0.6234898018587336,0.2626670176344379
2026-09-01T15:40:00,717463,44.16295578462807,19.200924200284124,0.0,0.3205699110057221,-0.8191520442889916,-0.5735764363510464,0.7818314824680298,0.6234898018587336,0.3170276913709666
2026-09-01T15:45:00,717447,55.835888163063615,19.142005152549853,0.0,0.14098633595286747,-0.8314696123025452,-0.5555702330196022,0.7818314824680298,0.6234898018587336,0.11345881178155715
2026-09-01T15:45:00,717512,50.322220144547096,19.142005152549853,0.0,0.22581199777619854,-0.8314696123025452,-0.5555702330196022,0.7818314824680298,0.6234898018587336,0.18308094089247084
2026-09-01T15:45:00,717446,48.601386609080286,19.142005152549853,1.8,0.25228635986030323,-0.8314696123025452,-0.5555702330196022,0.7818314824680298,0.6234898018587336,0.1513424073977415
2026-09-01T15:45:00,717445,45.79935077736539,19.142005152549853,0.0,0.2953946034251479,-0.8314696123025452,-0.5555702330196022,0.7818314824680298,0.6234898018587336,0.14536994970520767
2026-09-01T15:45:00,717458,44.279706325093855,19.142005152549853,0.0,0.3187737488447099,-0.8314696123025452,-0.5555702330196022,0.7818314824680298,0.6234898018587336,0.2004760949597445
2026-09-01T15:45:00,717459,44.39504130936065,19.142005152549853,0.0,0.31699936447137467,-0.8314696123025452,-0.5555702330196022,0.7818314824680298,0.6234898018587336,0.1875471736706955
2026-09-01T15:45:00,717460,45.683744791011904,19.142005152549853,0.0,0.2971731570613553,-0.8314696123025452,-0.5555702330196022,0.7818314824680298,0.6234898018587336,0.19475532860053069
2026-09-01T15:45:00,717461,46.594634137501615,19.142005152549853,0.0,0.28315947480766746,-0.8314696123025452,-0.5555702330196022,0.7818314824680298,0.6234898018587336,0.2738028025317553
2026-09-01T15:45:00,717462,46.0628279782165,19.142005152549853,0.0,0.2913411080274385,-0.8314696123025452,-0.5555702330196022,0.7818314824680298,0.6234898018587336,0.31121732965255466
2026-09-01T15:45:00,717463,44.05457937734507,19.142005152549853,0.0,0.3222372403485374,-0.8314696123025452,-0.5555702330196022,0.7818314824680298,0.6234898018587336,0.31865369715982167
2026-09-01T15:50:00,717447,57.76497304578362,19.084326509102983,0.0,0.11130810698794436,-0.8433914458128859,-0.5372996083468234,0.7818314824680298,0.6234898018587336,0.1261231917096027
2026-09-01T15:50:00,717512,57.63378033185963,19.084326509102983,0.0,0.11332645643292871,-0.8433914458128859,-0.5372996083468234,0.7818314824680298,0.6234898018587336,0.19822856523102705
2026-09-01T15:50:00,717446,50.17275937381496,19.084326509102983,0.0,0.22811139424900062,-0.8433914458128859,-0.5372996083468234,0.7818314824680298,0.6234898018587336,0.20052631102011217
2026-09-01T15:50:00,717445,46.91857701621541,19.084326509102983,0.0,0.27817573821207064,-0.8433914458128859,-0.5372996083468234,0.7818314824680298,0.6234898018587336,0.20216249194843217
2026-09-01T15:50:00,717458,55.10735860436579,19.084326509102983,0.0,0.15219448300975702,-0.8433914458128859,-0.5372996083468234,0.7818314824680298,0.6234898018587336,0.26967425736837536
2026-09-01T15:50:00,717459,50.98383618397677,19.084326509102983,0.0,0.21563328947728044,-0.8433914458128859,-0.5372996083468234,0.7818314824680298,0.6234898018587336,0.22290000081417646
2026-09-01T15:50:00,717460,49.529891674017904,19.084326509102983,0.0,0.2380016665535707,-0.8433914458128859,-0.5372996083468234,0.7818314824680298,0.6234898018587336,0.24944343105065478
2026-09-01T15:50:00,717461,43.320347936771256,19.084326509102983,1.8,0.3335331086650576,-0.8433914458128859,-0.5372996083468234,0.7818314824680298,0.6234898018587336,0.2699611153682455
2026-09-01T15:50:00,717462,46.39709877443981,19.084326509102983,0.0,0.2861984803932337,-0.8433914458128859,-0.5372996083468234,0.7818314824680298,0.6234898018587336,0.3187313865496882
2026-09-01T15:50:00,717463,43.02937159690624,19.084326509102983,0.0,0.33800966773990404,-0.8433914458128859,-0.5372996083468234,0.7818314824680298,0.6234898018587336,0.31602956127109216
2026-09-01T15:55:00,717447,52.09547569110168,19.027913303171523,0.0,0.19853114321382026,-0.8549118706729466,-0.5187732581605214,0.7818314824680298,0.6234898018587336,0.12215924120064825
2026-09-01T15:55:00,717512,50.89039746890733,19.027913303171523,0.0,0.2170708081706565,-0.8549118706729466,-0.5187732581605214,0.7818314824680298,0.6234898018587336,0.17185740173563288
2026-09-01T15:55:00,717446,51.434162007392445,19.027913303171523,0.0,0.20870519988627012,-0.8549118706729466,-0.5187732581605214,0.7818314824680298,0.6234898018587336,0.23715441858728956
2026-09-01T15:55:00,717445,53.184733606869685,19.027913303171523,1.8,0.18177332912508182,-0.8549118706729466,-0.5187732581605214,0.7818314824680298,0.6234898018587336,0.2396524126804143
2026-09-01T15:55:00,717458,54.3317435181532,19.027913303171523,0.0,0.16412702279764302,-0.8549118706729466,-0.5187732581605214,0.7818314824680298,0.6234898018587336,0.23490378976296877
2026-09-01T15:55:00,717459,45.10420201233293,19.027913303171523,0.0,0.3060891998102626,-0.8549118706729466,-0.5187732581605214,0.7818314824680298,0.6234898018587336,0.23276680140116954
2026-09-01T15:55:00,717460,45.70383947654469,19.027913303171523,1.8,0.2968640080531587,-0.8549118706729466,-0.5187732581605214,0.7818314824680298,0.6234898018587336,0.27222924428137235
2026-09-01T15:55:00,717461,43.6208586781669,19.027913303171523,0.0,0.3289098664897401,-0.8549118706729466,-0.5187732581605214,0.7818314824680298,0.6234898018587336,0.30280970021633025
2026-09-01T15:55:00,717462,44.02532045038495,19.027913303171523,0.0,0.32268737768638533,-0.8549118706729466,-0.5187732581605214,0.7818314824680298,0.6234898018587336,0.299803371569071
2026-09-01T15:55:00,717463,33.920656026225764,19.027913303171523,0.0,0.47814375344268056,-0.8549118706729466,-0.5187732581605214,0.7818314824680298,0.6234898018587336,0.3269389396980545
2026-09-01T16:00:00,717447,50.51585363704172,18.972790018768286,0.0,0.22283302096858892,-0.8660254037844385,-0.5000000000000004,0.7818314824680298,0.6234898018587336,0.15027519538487735
2026-09-01T16:00:00,717512,56.12386491453519,18.972790018768286,0.0,0.13655592439176634,-0.8660254037844385,-0.5000000000000004,0.7818314824680298,0.6234898018587336,0.18540308745992792
2026-09-01T16:00:00,717446,46.75847627100487,18.972790018768286,0.0,0.2806388265999251,-0.8660254037844385,-0.5000000000000004,0.7818314824680298,0.6234898018587336,0.22970098466519132
2026-09-01T16:00:00,717445,46.37405036018143,18.972790018768286,0.0,0.2865530713818242,-0.8660254037844385,-0.5000000000000004,0.7818314824680298,0.6234898018587336,0.25178122358743343
2026-09-01T16:00:00,717458,44.73293247856691,18.972790018768286,0.0,0.3118010387912783,-0.8660254037844385,-0.5000000000000004,0.7818314824680298,0.6234898018587336,0.21169841821736998
2026-09-01T16:00:00,717459,44.74220205708397,18.972790018768286,0.0,0.3116584298910158,-0.8660254037844385,-0.5000000000000004,0.7818314824680298,0.6234898018587336,0.2795739512529726
2026-09-01T16:00:00,717460,40.10540228591974,18.972790018768286,0.0,0.38299381098585017,-0.8660254037844385,-0.5000000000000004,0.7818314824680298,0.6234898018587336,0.2773462772226949
2026-09-01T16:00:00,717461,41.18677263799496,18.972790018768286,1.8,0.36635734403084674,-0.8660254037844385,-0.5000000000000004,0.7818314824680298,0.6234898018587336,0.31520081665415506
2026-09-01T16:00:00,717462,42.86080930326601,18.972790018768286,0.0,0.34060293379590756,-0.8660254037844385,-0.5000000000000004,0.7818314824680298,0.6234898018587336,0.3000756553690192
2026-09-01T16:00:00,717463,41.63789559504044,18.972790018768286,0.0,0.3594169908455317,-0.8660254037844385,-0.5000000000000004,0.7818314824680298,0.6234898018587336,0.3794635538437074
2026-09-01T16:05:00,717447,50.77497821724406,18.918980580064577,0.0,0.21884648896547598,-0.8767267557075072,-0.48098876891938847,0.7818314824680298,0.6234898018587336,0.17755742372345118
2026-09-01T16:05:00,717512,52.97086782203591,18.918980580064577,0.0,0.1850635719686783,-0.8767267557075072,-0.48098876891938847,0.7818314824680298,0.6234898018587336,0.15565106299845052
2026-09-01T16:05:00,717446,49.01690761360457,18.918980580064577,0.0,0.2458937290214681,-0.8767267557075072,-0.48098876891938847,0.7818314824680298,0.6234898018587336,0.23915180691173196
2026-09-01T16:05:00,717445,50.45594894786244,18.918980580064577,0.0,0.22375463157134712,-0.8767267557075072,-0.48098876891938847,0.7818314824680298,0.6234898018587336,0.24883404623965888
2026-09-01T16:05:00,717458,52.03457584059484,18.918980580064577,0.0,0.1994680639908486,-0.8767267557075072,-0.48098876891938847,0.7818314824680298,0.6234898018587336,0.20937418153289278
2026-09-01T16:05:00,717459,46.68438304609387,18.918980580064577,0.0,0.28177872236778656,-0.8767267557075072,-0.48098876891938847,0.7818314824680298,0.6234898018587336,0.27779363972618626
2026-09-01T16:05:00,717460,38.952348826863584,18.918980580064577,1.8,0.4007330949713295,-0.8767267557075072,-0.48098876891938847,0.7818314824680298,0.6234898018587336,0.3059531618641932
2026-09-01T16:05:00,717461,42.49541812567976,18.918980580064577,0.0,0.34622433652800366,-0.8767267557075072,-0.48098876891938847,0.7818314824680298,0.6234898018587336,0.3429334397285482
2026-09-01T16:05:00,717462,40.84021977809037,18.918980580064577,0.0,0.37168892649091734,-0.8767267557075072,-0.48098876891938847,0.7818314824680298,0.6234898018587336,0.3164962639585089
2026-09-01T16:05:00,717463,43.98315246338498,18.918980580064577,0.0,0.32333611594792333,-0.8767267557075072,-0.48098876891938847,0.7818314824680298,0.6234898018587336,0.3918568040093721
2026-09-01T16:10:00,717447,48.49338247936573,18.8665083410068,0.0,0.25394796185591184,-0.8870108331782218,-0.4617486132350336,0.7818314824680298,0.6234898018587336,0.21340355104929506
2026-09-01T16:10:00,717512,45.21300951823687,18.8665083410068,0.0,0.30441523818097116,-0.8870108331782218,-0.4617486132350336,0.7818314824680298,0.6234898018587336,0.17956343484370038
2026-09-01T16:10:00,717446,44.99497221298255,18.8665083410068,1.8,0.3077696582618069,-0.8870108331782218,-0.4617486132350336,0.7818314824680298,0.6234898018587336,0.24507925183588777
2026-09-01T16:10:00,717445,41.46250284487437,18.8665083410068,0.0,0.3621153408480866,-0.8870108331782218,-0.4617486132350336,0.7818314824680298,0.6234898018587336,0.2306936773594177
2026-09-01T16:10:00,717458,35.23956289078776,18.8665083410068,0.0,0.4578528786032653,-0.8870108331782218,-0.4617486132350336,0.7818314824680298,0.6234898018587336,0.2251320418599233
2026-09-01T16:10:00,717459,48.98682503429955,18.8665083410068,0.0,0.24635653793385304,-0.8870108331782218,-0.4617486132350336,0.7818314824680298,0.6234898018587336,0.29984211735635496
2026-09-01T16:10:00,717460,41.68436611001636,18.8665083410068,1.8,0.3587020598459021,-0.8870108331782218,-0.4617486132350336,0.7818314824680298,0.6234898018587336,0.36019697133677947
2026-09-01T16:10:00,717461,36.91294591884188,18.8665083410068,1.8,0.4321085243255096,-0.8870108331782218,-0.4617486132350336,0.7818314824680298,0.6234898018587336,0.34716384901619685
2026-09-01T16:10:00,717462,44.31507759422716,18.8665083410068,0.0,0.31822957547342823,-0.8870108331782218,-0.4617486132350336,0.7818314824680298,0.6234898018587336,0.34499307932440343
2026-09-01T16:10:00,717463,43.7197750451139,18.8665083410068,0.0,0.3273880762290169,-0.8870108331782218,-0.4617486132350336,0.7818314824680298,0.6234898018587336,0.3869656200787119
2026-09-01T16:15:00,717447,48.150619709530986,18.815396075180537,0.0,0.2592212352379848,-0.8968727415326883,-0.44228869021900136,0.7818314824680298,0.6234898018587336,0.23187582392999226
2026-09-01T16:15:00,717512,42.41458305610142,18.815396075180537,1.8,0.3474679529830551,-0.8968727415326883,-0.44228869021900136,0.7818314824680298,0.6234898018587336,0.2086782448471386
2026-09-01T16:15:00,717446,43.861116216498885,18.815396075180537,0.0,0.3252135966692479,-0.8968727415326883,-0.44228869021900136,0.7818314824680298,0.6234898018587336,0.2781007379610667
2026-09-01T16:15:00,717445,43.36879954042411,18.815396075180537,1.8,0.3327876993780907,-0.8968727415326883,-0.44228869021900136,0.7818314824680298,0.6234898018587336,0.29080768126708595
2026-09-01T16:15:00,717458,42.98153484422167,18.815396075180537,0.0,0.33874561778120504,-0.8968727415326883,-0.44228869021900136,0.7818314824680298,0.6234898018587336,0.3230406604617974
2026-09-01T16:15:00,717459,38.442944173539416,18.815396075180537,0.0,0.4085700896378551,-0.8968727415326883,-0.44228869021900136,0.7818314824680298,0.6234898018587336,0.27993123006421844
2026-09-01T16:15:00,717460,43.35820602178782,18.815396075180537,1.8,0.3329506765878797,-0.8968727415326883,-0.44228869021900136,0.7818314824680298,0.6234898018587336,0.3808096552676939
2026-09-01T16:15:00,717461,32.907818547208244,18.815396075180537,1.8,0.4937258685044885,-0.8968727415326883,-0.44228869021900136,0.7818314824680298,0.6234898018587336,0.38156340162811997
2026-09-01T16:15:00,717462,41.48553040267999,18.815396075180537,0.0,0.3617610707280001,-0.8968727415326883,-0.44228869021900136,0.7818314824680298,0.6234898018587336,0.3435071452534177
2026-09-01T16:15:00,717463,40.98380756451775,18.815396075180537,0.0,0.36947988362280393,-0.8968727415326883,-0.44228869021900136,0.7818314824680298,0.6234898018587336,0.33671372767415725
2026-09-01T16:20:00,717447,45.3343935001639,18.76566596592659,0.0,0.3025477923051708,-0.9063077870366497,-0.42261826174069994,0.7818314824680298,0.6234898018587336,0.24400522868645755
2026-09-01T16:20:00,717512,45.02577270219931,18.76566596592659,0.0,0.30729580458154904,-0.9063077870366497,-0.42261826174069994,0.7818314824680298,0.6234898018587336,0.2789822543775682
2026-09-01T16:20:00,717446,48.60891078265583,18.76566596592659,0.0,0.2521706033437564,-0.9063077870366497,-0.42261826174069994,0.7818314824680298,0.6234898018587336,0.29295899465084096
2026-09-01T16:20:00,717445,44.813106672971,18.76566596592659,0.0,0.3105675896465999,-0.9063077870366497,-0.42261826174069994,0.7818314824680298,0.6234898018587336,0.30621922393250817
2026-09-01T16:20:00,717458,40.63727323323646,18.76566596592659,0.0,0.3748111810271313,-0.9063077870366497,-0.42261826174069994,0.7818314824680298,0.6234898018587336,0.332022186791773
2026-09-01T16:20:00,717459,39.77795484801446,18.76566596592659,0.0,0.3880314638767006,-0.9063077870366497,-0.42261826174069994,0.7818314824680298,0.6234898018587336,0.3122351166464982
2026-09-01T16:20:00,717460,40.75282391215136,18.76566596592659,0.0,0.37303347827459454,-0.9063077870366497,-0.42261826174069994,0.7818314824680298,0.6234898018587336,0.36412861046837036
2026-09-01T16:20:00,717461,43.82378730624646,18.76566596592659,0.0,0.32578788759620836,-0.9063077870366497,-0.42261826174069994,0.7818314824680298,0.6234898018587336,0.4240195764526673
2026-09-01T16:20:00,717462,36.26887377290589,18.76566596592659,0.0,0.4420173265706786,-0.9063077870366497,-0.42261826174069994,0.7818314824680298,0.6234898018587336,0.3505598575641152
2026-09-01T16:20:00,717463,34.54830578352616,18.76566596592659,0.0,0.46848760333036676,-0.9063077870366497,-0.42261826174069994,0.7818314824680298,0.6234898018587336,0.34006802526658136
2026-09-01T16:25:00,717447,45.35557825045637,18.71733959671309,0.0,0.302221873069902,-0.9153114791194471,-0.40274668985873735,0.7818314824680298,0.6234898018587336,0.2719056631330225
2026-09-01T16:25:00,717512,44.17350382909967,18.71733959671309,0.0,0.32040763339846656,-0.9153114791194471,-0.40274668985873735,0.7818314824680298,0.6234898018587336,0.3197263319151918
2026-09-01T16:25:00,717446,43.78883363430943,18.71733959671309,0.0,0.3263256363952396,-0.9153114791194471,-0.40274668985873735,0.7818314824680298,0.6234898018587336,0.29505128609160375
2026-09-01T16:25:00,717445,41.43689820789027,18.71733959671309,0.0,0.3625092583401497,-0.9153114791194471,-0.40274668985873735,0.7818314824680298,0.6234898018587336,0.33515687662425914
2026-09-01T16:25:00,717458,44.08237401989557,18.71733959671309,0.0,0.32180963046314515,-0.9153114791194471,-0.40274668985873735,0.7818314824680298,0.6234898018587336,0.3904698924705339
2026-09-01T16:25:00,717459,36.589588779820886,18.71733959671309,0.0,0.43708324954121713,-0.9153114791194471,-0.40274668985873735,0.7818314824680298,0.6234898018587336,0.3476526971494696
2026-09-01T16:25:00,717460,39.3242203171271,18.71733959671309,0.0,0.3950119951211215,-0.9153114791194471,-0.40274668985873735,0.7818314824680298,0.6234898018587336,0.35489540490279214
2026-09-01T16:25:00,717461,38.246202171036295,18.71733959671309,1.8,0.41159688967636465,-0.9153114791194471,-0.40274668985873735,0.7818314824680298,0.6234898018587336,0.4172074268087355
2026-09-01T16:25:00,717462,33.23323891963378,18.71733959671309,0.0,0.48871940123640345,-0.9153114791194471,-0.40274668985873735,0.7818314824680298,0.6234898018587336,0.3740026575907023
2026-09-01T16:25:00,717463,35.69309193703946,18.71733959671309,0.0,0.4508755086609314,-0.9153114791194471,-0.40274668985873735,0.7818314824680298,0.6234898018587336,0.3884518543940625
2026-09-01T16:30:00,717447,45.54969358796616,18.67043794176805,0.0,0.29923548326205907,-0.9238795325112868,-0.3826834323650895,0.7818314824680298,0.6234898018587336,0.2879969668710192
2026-09-01T16:30:00,717512,35.361646704503485,18.67043794176805,1.8,0.4559746660845617,-0.9238795325112868,-0.3826834323650895,0.7818314824680298,0.6234898018587336,0.32505713032102357
2026-09-01T16:30:00,717446,38.744464754924095,18.67043794176805,1.8,0.4039313114627062,-0.9238795325112868,-0.3826834323650895,0.7818314824680298,0.6234898018587336,0.30123661213608127
2026-09-01T16:30:00,717445,45.32895826019655,18.67043794176805,0.0,0.30263141138159155,-0.9238795325112868,-0.3826834323650895,0.7818314824680298,0.6234898018587336,0.3352881824549468
2026-09-01T16:30:00,717458,37.49611306531756,18.67043794176805,0.0,0.42313672207203756,-0.9238795325112868,-0.3826834323650895,0.7818314824680298,0.6234898018587336,0.3451221430904938
2026-09-01T16:30:00,717459,34.5198192722668,18.67043794176805,0.0,0.46892585734974157,-0.9238795325112868,-0.3826834323650895,0.7818314824680298,0.6234898018587336,0.4112282676852576
2026-09-01T16:30:00,717460,31.346412423875645,18.67043794176805,0.0,0.5177475011711439,-0.9238795325112868,-0.3826834323650895,0.7818314824680298,0.6234898018587336,0.36699871666119854
2026-09-01T16:30:00,717461,32.487529430575684,18.67043794176805,0.0,0.5001918549142202,-0.9238795325112868,-0.3826834323650895,0.7818314824680298,0.6234898018587336,0.4103702152590205
2026-09-01T16:30:00,717462,34.13116549262287,18.67043794176805,0.0,0.4749051462673405,-0.9238795325112868,-0.3826834323650895,0.7818314824680298,0.6234898018587336,0.430832599511694
2026-09-01T16:30:00,717463,29.5243010579138,18.67043794176805,0.0,0.5457799837244031,-0.9238795325112868,-0.3826834323650895,0.7818314824680298,0.6234898018587336,0.4296143318713674
2026-09-01T16:35:00,717447,44.93221334511447,18.624981356976267,1.8,0.3087351793059312,-0.9320078692827984,-0.3624380382837018,0.7818314824680298,0.6234898018587336,0.3013350495457106
2026-09-01T16:35:00,717512,39.25816533501551,18.624981356976267,0.0,0.39602822561514595,-0.9320078692827984,-0.3624380382837018,0.7818314824680298,0.6234898018587336,0.3612260346881924
2026-09-01T16:35:00,717446,41.487926295674505,18.624981356976267,0.0,0.3617242108357769,-0.9320078692827984,-0.3624380382837018,0.7818314824680298,0.6234898018587336,0.3274758504005674
2026-09-01T16:35:00,717445,43.648376696221774,18.624981356976267,0.0,0.32848651236581883,-0.9320078692827984,-0.3624380382837018,0.7818314824680298,0.6234898018587336,0.32523608645611374
2026-09-01T16:35:00,717458,42.22486173188639,18.624981356976267,0.0,0.35038674258636315,-0.9320078692827984,-0.3624380382837018,0.7818314824680298,0.6234898018587336,0.373252511187438
2026-09-01T16:35:00,717459,37.834768801867234,18.624981356976267,0.0,0.4179266338174271,-0.9320078692827984,-0.3624380382837018,0.7818314824680298,0.6234898018587336,0.4313468569225531
2026-09-01T16:35:00,717460,32.36063163328711,18.624981356976267,0.0,0.5021441287186599,-0.9320078692827984,-0.3624380382837018,0.7818314824680298,0.6234898018587336,0.4285976581889533
2026-09-01T16:35:00,717461,34.38789564570838,18.624981356976267,0.0,0.4709554516044864,-0.9320078692827984,-0.3624380382837018,0.7818314824680298,0.6234898018587336,0.41252554406226444
2026-09-01T16:35:00,717462,34.335502314642525,18.624981356976267,0.0,0.4717615028516534,-0.9320078692827984,-0.3624380382837018,0.7818314824680298,0.6234898018587336,0.4685472913581408
2026-09-01T16:35:00,717463,39.630042036581045,18.624981356976267,1.8,0.3903070455910609,-0.9320078692827984,-0.3624380382837018,0.7818314824680298,0.6234898018587336,0.48838103190523374
2026-09-01T16:40:00,717447,36.27406319166808,18.58098957104464,0.0,0.4419374893589527,-0.9396926207859084,-0.34202014332566855,0.7818314824680298,0.6234898018587336,0.3033975118792974
2026-09-01T16:40:00,717512,40.49745459203693,18.58098957104464,1.8,0.3769622370455856,-0.9396926207859084,-0.34202014332566855,0.7818314824680298,0.6234898018587336,0.3908035083660581
2026-09-01T16:40:00,717446,41.31592523040967,18.58098957104464,0.0,0.3643703810706205,-0.9396926207859084,-0.34202014332566855,0.7818314824680298,0.6234898018587336,0.3639937195645742
2026-09-01T16:40:00,717445,38.56353103015389,18.58098957104464,0.0,0.40671490722840176,-0.9396926207859084,-0.34202014332566855,0.7818314824680298,0.6234898018587336,0.3312090606958534
2026-09-01T16:40:00,717458,37.69265665400584,18.58098957104464,0.0,0.4201129745537564,-0.9396926207859084,-0.34202014332566855,0.7818314824680298,0.6234898018587336,0.36511103170718195
2026-09-01T16:40:00,717459,33.524004494137564,18.58098957104464,0.0,0.48424608470557595,-0.9396926207859084,-0.34202014332566855,0.7818314824680298,0.6234898018587336,0.4413119135694619
2026-09-01T16:40:00,717460,37.46945388471147,18.58098957104464,0.0,0.4235468633121312,-0.9396926207859084,-0.34202014332566855,0.7818314824680298,0.6234898018587336,0.47163454167030844
2026-09-01T16:40:00,717461,33.549279355738584,18.58098957104464,1.8,0.4838572406809448,-0.9396926207859084,-0.34202014332566855,0.7818314824680298,0.6234898018587336,0.46091473206502376
2026-09-01T16:40:00,717462,32.88152048980245,18.58098957104464,0.0,0.49413045400303923,-0.9396926207859084,-0.34202014332566855,0.7818314824680298,0.6234898018587336,0.4784620167851325
2026-09-01T16:40:00,717463,34.21725046333203,18.58098957104464,0.0,0.47358076210258415,-0.9396926207859084,-0.34202014332566855,0.7818314824680298,0.6234898018587336,0.4623208459921318
2026-09-01T16:45:00,717447,39.85845169055784,18.53848167693967,0.0,0.3867930509144948,-0.9469301294951056,-0.3214394653031618,0.7818314824680298,0.6234898018587336,0.34996938397564764
2026-09-01T16:45:00,717512,43.48684950890123,18.53848167693967,0.0,0.33097154601690415,-0.9469301294951056,-0.3214394653031618,0.7818314824680298,0.6234898018587336,0.40965504291509774
2026-09-01T16:45:00,717446,34.5407150270433,18.53848167693967,0.0,0.4686043841993339,-0.9469301294951056,-0.3214394653031618,0.7818314824680298,0.6234898018587336,0.37667530112303454
2026-09-01T16:45:00,717445,38.01176585608452,18.53848167693967,0.0,0.41520360221408426,-0.9469301294951056,-0.3214394653031618,0.7818314824680298,0.6234898018587336,0.34594427699193736
2026-09-01T16:45:00,717458,33.50477140823103,18.53848167693967,0.0,0.4845419783349072,-0.9469301294951056,-0.3214394653031618,0.7818314824680298,0.6234898018587336,0.397878813070719
2026-09-01T16:45:00,717459,31.55219349748172,18.53848167693967,0.0,0.5145816385002813,-0.9469301294951056,-0.3214394653031618,0.7818314824680298,0.6234898018587336,0.4570328586242482
2026-09-01T16:45:00,717460,39.31200079961218,18.53848167693967,1.8,0.39519998769827414,-0.9469301294951056,-0.3214394653031618,0.7818314824680298,0.6234898018587336,0.48114616440064495
2026-09-01T16:45:00,717461,28.6822132345127,18.53848167693967,1.8,0.558735181007497,-0.9469301294951056,-0.3214394653031618,0.7818314824680298,0.6234898018587336,0.4850015157332172
2026-09-01T16:45:00,717462,31.364659542912065,18.53848167693967,0.0,0.5174667762628913,-0.9469301294951056,-0.3214394653031618,0.7818314824680298,0.6234898018587336,0.4802657010406777
2026-09-01T16:45:00,717463,26.070375417567107,18.53848167693967,0.0,0.5989173012681983,-0.9469301294951056,-0.3214394653031618,0.7818314824680298,0.6234898018587336,0.4698892638060161
2026-09-01T16:50:00,717447,43.49637883192662,18.497476123600883,1.8,0.3308249410472828,-0.9537169507482267,-0.3007057995042738,0.7818314824680298,0.6234898018587336,0.3791552398597929
2026-09-01T16:50:00,717512,37.38893777829666,18.497476123600883,0.0,0.4247855726415899,-0.9537169507482267,-0.3007057995042738,0.7818314824680298,0.6234898018587336,0.36798733622587854
2026-09-01T16:50:00,717446,40.58276481368399,18.497476123600883,0.0,0.37564977209716943,-0.9537169507482267,-0.3007057995042738,0.7818314824680298,0.6234898018587336,0.3982329920352437
2026-09-01T16:50:00,717445,37.98998948136749,18.497476123600883,1.8,0.41553862336357716,-0.9537169507482267,-0.3007057995042738,0.7818314824680298,0.6234898018587336,0.3834683406027683
2026-09-01T16:50:00,717458,41.88854306891631,18.497476123600883,0.0,0.3555608758628259,-0.9537169507482267,-0.3007057995042738,0.7818314824680298,0.6234898018587336,0.41834723182500894
2026-09-01T16:50:00,717459,29.33929414318277,18.497476123600883,0.0,0.5486262439510343,-0.9537169507482267,-0.3007057995042738,0.7818314824680298,0.6234898018587336,0.4722514523410948
2026-09-01T16:50:00,717460,29.65749029852084,18.497476123600883,0.0,0.5437309184842948,-0.9537169507482267,-0.3007057995042738,0.7818314824680298,0.6234898018587336,0.4402969932430218
2026-09-01T16:50:00,717461,34.39902682202142,18.497476123600883,1.8,0.47078420273813204,-0.9537169507482267,-0.3007057995042738,0.7818314824680298,0.6234898018587336,0.5045159577643094
2026-09-01T16:50:00,717462,31.18606170168062,18.497476123600883,0.0,0.5202144353587597,-0.9537169507482267,-0.3007057995042738,0.7818314824680298,0.6234898018587336,0.49445291103919464
2026-09-01T16:50:00,717463,28.29519803274172,18.497476123600883,0.0,0.5646892610347427,-0.9537169507482267,-0.3007057995042738,0.7818314824680298,0.6234898018587336,0.48760170298728117
2026-09-01T16:55:00,717447,45.03590427825206,18.45799070793376,0.0,0.3071399341807375,-0.9600498543859286,-0.27982901403099236,0.7818314824680298,0.6234898018587336,0.3865184937735768
2026-09-01T16:55:00,717512,37.68851644776673,18.45799070793376,0.0,0.420176670034358,-0.9600498543859286,-0.27982901403099236,0.7818314824680298,0.6234898018587336,0.3775731185680266
2026-09-01T16:55:00,717446,34.14690915222937,18.45799070793376,0.0,0.47466293611954813,-0.9600498543859286,-0.27982901403099236,0.7818314824680298,0.6234898018587336,0.40287484578904126
2026-09-01T16:55:00,717445,38.53242241864411,18.45799070793376,0.0,0.4071935012516291,-0.9600498543859286,-0.27982901403099236,0.7818314824680298,0.6234898018587336,0.41248571093535435
2026-09-01T16:55:00,717458,34.18855022411098,18.45799070793376,0.0,0.47402230424444636,-0.9600498543859286,-0.27982901403099236,0.7818314824680298,0.6234898018587336,0.42007194291716315
2026-09-01T16:55:00,717459,33.22058579641444,18.45799070793376,0.0,0.4889140646705471,-0.9600498543859286,-0.27982901403099236,0.7818314824680298,0.6234898018587336,0.5158179890522971
2026-09-01T16:55:00,717460,33.76503525834772,18.45799070793376,0.0,0.48053791910234267,-0.9600498543859286,-0.27982901403099236,0.7818314824680298,0.6234898018587336,0.45415925649823335
2026-09-01T16:55:00,717461,32.69038062727228,18.45799070793376,0.0,0.4970710672727341,-0.9600498543859286,-0.27982901403099236,0.7818314824680298,0.6234898018587336,0.504458874808858
2026-09-01T16:55:00,717462,26.3290565648908,18.45799070793376,0.0,0.5949375913093724,-0.9600498543859286,-0.27982901403099236,0.7818314824680298,0.6234898018587336,0.5106038885415634
2026-09-01T16:55:00,717463,27.23400269710789,18.45799070793376,0.0,0.5810153431214171,-0.9600498543859286,-0.27982901403099236,0.7818314824680298,0.6234898018587336,0.5457291081351751
2026-09-01T17:00:00,717447,33.970122517640874,18.420042567085662,0.0,0.47738273049783275,-0.9659258262890683,-0.25881904510252063,0.7818314824680298,0.6234898018587336,0.34158597538083835
2026-09-01T17:00:00,717512,37.94314057314067,18.420042567085662,0.0,0.4162593757978359,-0.9659258262890683,-0.25881904510252063,0.7818314824680298,0.6234898018587336,0.391977929564284
2026-09-01T17:00:00,717446,41.382001922322,18.420042567085662,0.0,0.3633538165796616,-0.9659258262890683,-0.25881904510252063,0.7818314824680298,0.6234898018587336,0.43963903080535055
2026-09-01T17:00:00,717445,31.645022720277105,18.420042567085662,0.0,0.5131534966111215,-0.9659258262890683,-0.25881904510252063,0.7818314824680298,0.6234898018587336,0.4126452422764302
2026-09-01T17:00:00,717458,28.66029632645513,18.420042567085662,0.0,0.5590723642083826,-0.9659258262890683,-0.25881904510252063,0.7818314824680298,0.6234898018587336,0.4380417194807265
2026-09-01T17:00:00,717459,30.19043578242895,18.420042567085662,0.0,0.5355317571934008,-0.9659258262890683,-0.25881904510252063,0.7818314824680298,0.6234898018587336,0.5173739823739542
2026-09-01T17:00:00,717460,30.180790910451154,18.420042567085662,0.0,0.535680139839213,-0.9659258262890683,-0.25881904510252063,0.7818314824680298,0.6234898018587336,0.47315627509497055
2026-09-01T17:00:00,717461,31.921258003029173,18.420042567085662,0.0,0.5089037230303204,-0.9659258262890683,-0.25881904510252063,0.7818314824680298,0.6234898018587336,0.5088634836727878
2026-09-01T17:00:00,717462,27.47133403427395,18.420042567085662,0.0,0.5773640917804008,-0.9659258262890683,-0.25881904510252063,0.7818314824680298,0.6234898018587336,0.5442062676436744
2026-09-01T17:00:00,717463,28.398884217890934,18.420042567085662,0.0,0.563094088955524,-0.9659258262890683,-0.25881904510252063,0.7818314824680298,0.6234898018587336,0.5815406351414527
2026-09-01T17:05:00,717447,35.903864724146544,18.383648171008137,0.0,0.4476328503977455,-0.9713420698132613,-0.23768589232617343,0.7818314824680298,0.6234898018587336,0.371782535241951
2026-09-01T17:05:00,717512,35.64695387636185,18.383648171008137,1.8,0.45158532497904846,-0.9713420698132613,-0.23768589232617343,0.7818314824680298,0.6234898018587336,0.42040720615792787
2026-09-01T17:05:00,717446,32.56165820861394,18.383648171008137,0.0,0.49905141217517013,-0.9713420698132613,-0.23768589232617343,0.7818314824680298,0.6234898018587336,0.4045555082654597
2026-09-01T17:05:00,717445,30.452521449014498,18.383648171008137,0.0,0.5314996700151615,-0.9713420698132613,-0.23768589232617343,0.7818314824680298,0.6234898018587336,0.4452952070754426
2026-09-01T17:05:00,717458,34.9432820043462,18.383648171008137,0.0,0.46241104608698147,-0.9713420698132613,-0.23768589232617343,0.7818314824680298,0.6234898018587336,0.46288518143855156
2026-09-01T17:05:00,717459,30.10128409077518,18.383648171008137,0.0,0.5369033216803818,-0.9713420698132613,-0.23768589232617343,0.7818314824680298,0.6234898018587336,0.5243573552716608
2026-09-01T17:05:00,717460,31.528982222995264,18.383648171008137,0.0,0.5149387350308421,-0.9713420698132613,-0.23768589232617343,0.7818314824680298,0.6234898018587336,0.5199829924752835
2026-09-01T17:05:00,717461,26.51769975109405,18.383648171008137,0.0,0.5920353884447069,-0.9713420698132613,-0.23768589232617343,0.7818314824680298,0.6234898018587336,0.4922529976803955
2026-09-01T17:05:00,717462,27.816196200224304,18.383648171008137,0.0,0.5720585199965491,-0.9713420698132613,-0.23768589232617343,0.7818314824680298,0.6234898018587336,0.5641720394828443
2026-09-01T17:05:00,717463,20.335227824387225,18.383648171008137,0.0,0.6871503411632734,-0.9713420698132613,-0.23768589232617343,0.7818314824680298,0.6234898018587336,0.5695995643705613
2026-09-01T17:10:00,717447,35.733399197913805,18.34882331530869,0.0,0.45025539695517225,-0.9762960071199334,-0.21643961393810282,0.7818314824680298,0.6234898018587336,0.41071850502543855
2026-09-01T17:10:00,717512,33.429285710618785,18.34882331530869,0.0,0.485703296759711,-0.9762960071199334,-0.21643961393810282,0.7818314824680298,0.6234898018587336,0.42934045693708073
2026-09-01T17:10:00,717446,37.991722500434,18.34882331530869,0.0,0.4155119615317846,-0.9762960071199334,-0.21643961393810282,0.7818314824680298,0.6234898018587336,0.44568938829145993
2026-09-01T17:10:00,717445,29.43991253645809,18.34882331530869,0.0,0.5470782686698756,-0.9762960071199334,-0.21643961393810282,0.7818314824680298,0.6234898018587336,0.4839488892926374
2026-09-01T17:10:00,717458,31.587077393363117,18.34882331530869,0.0,0.5140449631790289,-0.9762960071199334,-0.21643961393810282,0.7818314824680298,0.6234898018587336,0.4985019048466035
2026-09-01T17:10:00,717459,31.82957895794982,18.34882331530869,1.8,0.5103141698776951,-0.9762960071199334,-0.21643961393810282,0.7818314824680298,0.6234898018587336,0.5204497145147766
2026-09-01T17:10:00,717460,32.70188944897983,18.34882331530869,0.0,0.4968940084772334,-0.9762960071199334,-0.21643961393810282,0.7818314824680298,0.6234898018587336,0.5103855979907993
2026-09-01T17:10:00,717461,31.030463144270108,18.34882331530869,0.0,0.5226082593189214,-0.9762960071199334,-0.21643961393810282,0.7818314824680298,0.6234898018587336,0.5326700595825872
2026-09-01T17:10:00,717462,27.0194511890872,18.34882331530869,1.8,0.5843161355525046,-0.9762960071199334,-0.21643961393810282,0.7818314824680298,0.6234898018587336,0.5814534010287741
2026-09-01T17:10:00,717463,26.232139298231303,18.34882331530869,0.0,0.5964286261810569,-0.9762960071199334,-0.21643961393810282,0.7818314824680298,0.6234898018587336,0.6104199244134049
2026-09-01T17:15:00,717447,39.92819368738096,18.31558311439539,0.0,0.385720097117216,-0.9807852804032303,-0.19509032201612866,0.7818314824680298,0.6234898018587336,0.45842365928358353
2026-09-01T17:15:00,717512,34.90191731651212,18.31558311439539,0.0,0.4630474258998135,-0.9807852804032303,-0.19509032201612866,0.7818314824680298,0.6234898018587336,0.4511826658455318
2026-09-01T17:15:00,717446,34.48915534649119,18.31558311439539,0.0,0.46939761005398173,-0.9807852804032303,-0.19509032201612866,0.7818314824680298,0.6234898018587336,0.4259723967622054
2026-09-01T17:15:00,717445,36.44071554895091,18.31558311439539,0.0,0.4393736069392168,-0.9807852804032303,-0.19509032201612866,0.7818314824680298,0.6234898018587336,0.5305771450987197
2026-09-01T17:15:00,717458,39.00864094609644,18.31558311439539,0.0,0.39986706236774705,-0.9807852804032303,-0.19509032201612866,0.7818314824680298,0.6234898018587336,0.511842791158131
2026-09-01T17:15:00,717459,31.147397128993696,18.31558311439539,0.0,0.5208092749385586,-0.9807852804032303,-0.19509032201612866,0.7818314824680298,0.6234898018587336,0.5275830829171593
2026-09-01T17:15:00,717460,30.753148930176103,18.31558311439539,1.8,0.5268746318434445,-0.9807852804032303,-0.19509032201612866,0.7818314824680298,0.6234898018587336,0.5158376277824295
2026-09-01T17:15:00,717461,30.471476709614976,18.31558311439539,0.0,0.531208050621308,-0.9807852804032303,-0.19509032201612866,0.7818314824680298,0.6234898018587336,0.5411824569313163
2026-09-01T17:15:00,717462,30.407655331322523,18.31558311439539,0.0,0.5321899179796534,-0.9807852804032303,-0.19509032201612866,0.7818314824680298,0.6234898018587336,0.5779129157764848
2026-09-01T17:15:00,717463,28.725176112194436,18.31558311439539,0.0,0.5580742136585471,-0.9807852804032303,-0.19509032201612866,0.7818314824680298,0.6234898018587336,0.6155576854332847
2026-09-01T17:20:00,717447,34.30434521043021,18.28394199491695,0.0,0.4722408429164583,-0.9848077530122079,-0.1736481776669312,0.7818314824680298,0.6234898018587336,0.4278694481567113
2026-09-01T17:20:00,717512,35.817405867270985,18.28394199491695,0.0,0.44896298665736944,-0.9848077530122079,-0.1736481776669312,0.7818314824680298,0.6234898018587336,0.466778682546191
2026-09-01T17:20:00,717446,36.81509923344156,18.28394199491695,0.0,0.433613857947053,-0.9848077530122079,-0.1736481776669312,0.7818314824680298,0.6234898018587336,0.46132032792031213
2026-09-01T17:20:00,717445,36.77743357275693,18.28394199491695,0.0,0.43419332964989343,-0.9848077530122079,-0.1736481776669312,0.7818314824680298,0.6234898018587336,0.505983848541418
2026-09-01T17:20:00,717458,30.798458159582385,18.28394199491695,0.0,0.5261775667756556,-0.9848077530122079,-0.1736481776669312,0.7818314824680298,0.6234898018587336,0.4587743572112524
2026-09-01T17:20:00,717459,30.942421340865984,18.28394199491695,0.0,0.5239627486020617,-0.9848077530122079,-0.1736481776669312,0.7818314824680298,0.6234898018587336,0.5226755888322118
2026-09-01T17:20:00,717460,30.091783920853757,18.28394199491695,0.0,0.5370494781407114,-0.9848077530122079,-0.1736481776669312,0.7818314824680298,0.6234898018587336,0.5129024584505067
2026-09-01T17:20:00,717461,27.737924481020613,18.28394199491695,0.0,0.5732627002919906,-0.9848077530122079,-0.1736481776669312,0.7818314824680298,0.6234898018587336,0.5486172327949789
2026-09-01T17:20:00,717462,27.262611087143817,18.28394199491695,0.0,0.5805752140439413,-0.9848077530122079,-0.1736481776669312,0.7818314824680298,0.6234898018587336,0.5628548578429023
2026-09-01T17:20:00,717463,18.82179645783389,18.28394199491695,0.0,0.7104339006487094,-0.9848077530122079,-0.1736481776669312,0.7818314824680298,0.6234898018587336,0.6138843936676258
2026-09-01T17:25:00,717447,45.54690893642325,18.253913689501445,1.8,0.29927832405502697,-0.9883615104677608,-0.15212338618991628,0.7818314824680298,0.6234898018587336,0.43607211232961546
2026-09-01T17:25:00,717512,41.54137877948738,18.253913689501445,0.0,0.3609018649309633,-0.9883615104677608,-0.15212338618991628,0.7818314824680298,0.6234898018587336,0.46590456977229805
2026-09-01T17:25:00,717446,32.87328281989651,18.253913689501445,0.0,0.4942571873862075,-0.9883615104677608,-0.15212338618991628,0.7818314824680298,0.6234898018587336,0.4395078098442731
2026-09-01T17:25:00,717445,31.89861902004511,18.253913689501445,0.0,0.5092520150762291,-0.9883615104677608,-0.15212338618991628,0.7818314824680298,0.6234898018587336,0.47354840175299523
2026-09-01T17:25:00,717458,26.103542855331003,18.253913689501445,0.0,0.5984070329949076,-0.9883615104677608,-0.15212338618991628,0.7818314824680298,0.6234898018587336,0.48002986410747717
2026-09-01T17:25:00,717459,24.458503631574995,18.253913689501445,0.0,0.6237153287450001,-0.9883615104677608,-0.15212338618991628,0.7818314824680298,0.6234898018587336,0.5183620644727718
2026-09-01T17:25:00,717460,30.108250799161848,18.253913689501445,0.0,0.5367961415513562,-0.9883615104677608,-0.15212338618991628,0.7818314824680298,0.6234898018587336,0.5202727061537964
2026-09-01T17:25:00,717461,30.62694439259061,18.253913689501445,0.0,0.5288162401139906,-0.9883615104677608,-0.15212338618991628,0.7818314824680298,0.6234898018587336,0.5423596700774066
2026-09-01T17:25:00,717462,28.791672613545487,18.253913689501445,0.0,0.5570511905608386,-0.9883615104677608,-0.15212338618991628,0.7818314824680298,0.6234898018587336,0.5656937558586997
2026-09-01T17:25:00,717463,22.53304120874336,18.253913689501445,0.0,0.6533378275577945,-0.9883615104677608,-0.15212338618991628,0.7818314824680298,0.6234898018587336,0.6216455801627712
2026-09-01T17:30:00,717447,38.12952706465579,18.22551123079615,0.0,0.4133918913129878,-0.9914448613738104,-0.13052619222005163,0.7818314824680298,0.6234898018587336,0.38574642136290044
2026-09-01T17:30:00,717512,34.183828603635924,18.22551123079615,1.8,0.47409494455944734,-0.9914448613738104,-0.13052619222005163,0.7818314824680298,0.6234898018587336,0.4243040924960488
2026-09-01T17:30:00,717446,32.238251712797414,18.22551123079615,0.0,0.5040268967261936,-0.9914448613738104,-0.13052619222005163,0.7818314824680298,0.6234898018587336,0.46575621846241405
2026-09-01T17:30:00,717445,28.10585866417926,18.22551123079615,1.8,0.5676021743972421,-0.9914448613738104,-0.13052619222005163,0.7818314824680298,0.6234898018587336,0.4609396505551131
2026-09-01T17:30:00,717458,28.805957969028466,18.22551123079615,1.8,0.5568314158611005,-0.9914448613738104,-0.13052619222005163,0.7818314824680298,0.6234898018587336,0.5081505540461034
2026-09-01T17:30:00,717459,31.313839715041205,18.22551123079615,1.8,0.5182486197685969,-0.9914448613738104,-0.13052619222005163,0.7818314824680298,0.6234898018587336,0.5561624507618734
2026-09-01T17:30:00,717460,29.515035624129258,18.22551123079615,0.0,0.54592252885955,-0.9914448613738104,-0.13052619222005163,0.7818314824680298,0.6234898018587336,0.533573417178504
2026-09-01T17:30:00,717461,27.85417941790022,18.22551123079615,1.8,0.5714741628015351,-0.9914448613738104,-0.13052619222005163,0.7818314824680298,0.6234898018587336,0.5444289970090964
2026-09-01T17:30:00,717462,19.6188048606712,18.22551123079615,0.0,0.6981722329127508,-0.9914448613738104,-0.13052619222005163,0.7818314824680298,0.6234898018587336,0.5566054408614778
2026-09-01T17:30:00,717463,25.485429991655927,18.22551123079615,0.0,0.6079164616668319,-0.9914448613738104,-0.13052619222005163,0.7818314824680298,0.6234898018587336,0.640615313955017
2026-09-01T17:35:00,717447,34.059847007686095,18.19874694581124,1.8,0.4760023537279062,-0.9940563382223195,-0.10886687485196507,0.7818314824680298,0.6234898018587336,0.394970352761491
2026-09-01T17:35:00,717512,35.604950363769746,18.19874694581124,0.0,0.4522315328650809,-0.9940563382223195,-0.10886687485196507,0.7818314824680298,0.6234898018587336,0.42798659871592665
2026-09-01T17:35:00,717446,37.17615793092181,18.19874694581124,0.0,0.42805910875504904,-0.9940563382223195,-0.10886687485196507,0.7818314824680298,0.6234898018587336,0.47729931401981807
2026-09-01T17:35:00,717445,30.87295617873891,18.19874694581124,0.0,0.5250314434040168,-0.9940563382223195,-0.10886687485196507,0.7818314824680298,0.6234898018587336,0.5036825063744549
2026-09-01T17:35:00,717458,31.32794441556368,18.19874694581124,0.0,0.5180316243759433,-0.9940563382223195,-0.10886687485196507,0.7818314824680298,0.6234898018587336,0.5604720052105546
2026-09-01T17:35:00,717459,35.94385814807059,18.19874694581124,0.0,0.4470175669527602,-0.9940563382223195,-0.10886687485196507,0.7818314824680298,0.6234898018587336,0.555308899038553
2026-09-01T17:35:00,717460,29.44970541353339,18.19874694581124,0.0,0.5469276090225632,-0.9940563382223195,-0.10886687485196507,0.7818314824680298,0.6234898018587336,0.5399227161838726
2026-09-01T17:35:00,717461,27.350793090088224,18.19874694581124,0.0,0.5792185678447965,-0.9940563382223195,-0.10886687485196507,0.7818314824680298,0.6234898018587336,0.5578510344025055
2026-09-01T17:35:00,717462,23.77858691085897,18.19874694581124,0.0,0.634175585986785,-0.9940563382223195,-0.10886687485196507,0.7818314824680298,0.6234898018587336,0.6119328791725103
2026-09-01T17:35:00,717463,27.48746977467248,18.19874694581124,0.0,0.5771158496204234,-0.9940563382223195,-0.10886687485196507,0.7818314824680298,0.6234898018587336,0.6572293966244452
2026-09-01T17:40:00,717447,33.09348525446438,18.173632450569706,1.8,0.4908694576236249,-0.9961946980917455,-0.08715574274765825,0.7818314824680298,0.6234898018587336,0.3962241896986403
2026-09-01T17:40:00,717512,38.73010713210341,18.173632450569706,0.0,0.4041521979676398,-0.9961946980917455,-0.08715574274765825,0.7818314824680298,0.6234898018587336,0.42907611411849716
2026-09-01T17:40:00,717446,35.613691572298464,18.173632450569706,0.0,0.4520970527338698,-0.9961946980917455,-0.08715574274765825,0.7818314824680298,0.6234898018587336,0.4754477309558167
2026-09-01T17:40:00,717445,30.760820824197225,18.173632450569706,0.0,0.5267566027046581,-0.9961946980917455,-0.08715574274765825,0.7818314824680298,0.6234898018587336,0.5339618776258294
2026-09-01T17:40:00,717458,28.87357285876602,18.173632450569706,1.8,0.555791186788215,-0.9961946980917455,-0.08715574274765825,0.7818314824680298,0.6234898018587336,0.5577566910773171
2026-09-01T17:40:00,717459,27.740473983858276,18.173632450569706,0.0,0.5732234771714111,-0.9961946980917455,-0.08715574274765825,0.7818314824680298,0.6234898018587336,0.5296605051554524
2026-09-01T17:40:00,717460,23.506377677034862,18.173632450569706,0.0,0.6383634203533097,-0.9961946980917455,-0.08715574274765825,0.7818314824680298,0.6234898018587336,0.5432154264778232
2026-09-01T17:40:00,717461,29.03421047755376,18.173632450569706,0.0,0.5533198388068652,-0.9961946980917455,-0.08715574274765825,0.7818314824680298,0.6234898018587336,0.559836323586774
2026-09-01T17:40:00,717462,20.192819309063538,18.173632450569706,1.8,0.6893412413990225,-0.9961946980917455,-0.08715574274765825,0.7818314824680298,0.6234898018587336,0.6297996698201248
2026-09-01T17:40:00,717463,24.961374257926455,18.173632450569706,0.0,0.6159788575703622,-0.9961946980917455,-0.08715574274765825,0.7818314824680298,0.6234898018587336,0.6127900462816832
2026-09-01T17:45:00,717447,35.902109815245566,18.150178645065843,0.0,0.447659848996222,-0.9978589232386035,-0.06540312923014273,0.7818314824680298,0.6234898018587336,0.4600879008881729
2026-09-01T17:45:00,717512,34.172982556502085,18.150178645065843,0.0,0.47426180682304486,-0.9978589232386035,-0.06540312923014273,0.7818314824680298,0.6234898018587336,0.4434928917973893
2026-09-01T17:45:00,717446,35.346180786700906,18.150178645065843,1.8,0.4562126032815246,-0.9978589232386035,-0.06540312923014273,0.7818314824680298,0.6234898018587336,0.4613943527383708
2026-09-01T17:45:00,717445,31.101415400935718,18.150178645065843,0.0,0.5215166861394505,-0.9978589232386035,-0.06540312923014273,0.7818314824680298,0.6234898018587336,0.5397967401686389
2026-09-01T17:45:00,717458,32.09625942437443,18.150178645065843,1.8,0.5062113934711626,-0.9978589232386035,-0.06540312923014273,0.7818314824680298,0.6234898018587336,0.5435514090084196
2026-09-01T17:45:00,717459,34.26290530800937,18.150178645065843,0.0,0.47287837987677883,-0.9978589232386035,-0.06540312923014273,0.7818314824680298,0.6234898018587336,0.512829887964256
2026-09-01T17:45:00,717460,30.911568597239533,18.150178645065843,0.0,0.5244374061963148,-0.9978589232386035,-0.06540312923014273,0.7818314824680298,0.6234898018587336,0.5770711860784743
2026-09-01T17:45:00,717461,26.71582974141174,18.150178645065843,0.0,0.5889872347475117,-0.9978589232386035,-0.06540312923014273,0.7818314824680298,0.6234898018587336,0.5680041898177323
2026-09-01T17:45:00,717462,26.77671175014536,18.150178645065843,0.0,0.5880505884593021,-0.9978589232386035,-0.06540312923014273,0.7818314824680298,0.6234898018587336,0.6738963534328528
2026-09-01T17:45:00,717463,24.576238039615674,18.150178645065843,0.0,0.6219040301597589,-0.9978589232386035,-0.06540312923014273,0.7818314824680298,0.6234898018587336,0.6003370562858725
2026-09-01T17:50:00,717447,36.32051138653117,18.12839570853457,0.0,0.44122290174567425,-0.9990482215818578,-0.04361938736533613,0.7818314824680298,0.6234898018587336,0.471510553449251
2026-09-01T17:50:00,717512,36.24979706340987,18.12839570853457,0.0,0.44231081440907893,-0.9990482215818578,-0.04361938736533613,0.7818314824680298,0.6234898018587336,0.44354851255192185
2026-09-01T17:50:00,717446,30.24788934269372,18.12839570853457,0.0,0.5346478562662504,-0.9990482215818578,-0.04361938736533613,0.7818314824680298,0.6234898018587336,0.4454562549234811
2026-09-01T17:50:00,717445,28.412703690676217,18.12839570853457,0.0,0.5628814816819043,-0.9990482215818578,-0.04361938736533613,0.7818314824680298,0.6234898018587336,0.5244349107493752
2026-09-01T17:50:00,717458,29.33515445771169,18.12839570853457,0.0,0.5486899314198201,-0.9990482215818578,-0.04361938736533613,0.7818314824680298,0.6234898018587336,0.5266780682117737
2026-09-01T17:50:00,717459,32.35436039688064,18.12839570853457,0.0,0.5022406092787595,-0.9990482215818578,-0.04361938736533613,0.7818314824680298,0.6234898018587336,0.4977064746669833
2026-09-01T17:50:00,717460,31.57844375685242,18.12839570853457,0.0,0.5141777883561166,-0.9990482215818578,-0.04361938736533613,0.7818314824680298,0.6234898018587336,0.5699094785240626
2026-09-01T17:50:00,717461,30.84591294096248,18.12839570853457,0.0,0.5254474932159618,-0.9990482215818578,-0.04361938736533613,0.7818314824680298,0.6234898018587336,0.5738418804663911
2026-09-01T17:50:00,717462,24.64402229195975,18.12839570853457,0.0,0.6208611955083115,-0.9990482215818578,-0.04361938736533613,0.7818314824680298,0.6234898018587336,0.6371891386150366
2026-09-01T17:50:00,717463,26.306528134432355,18.12839570853457,0.0,0.5952841825471946,-0.9990482215818578,-0.04361938736533613,0.7818314824680298,0.6234898018587336,0.6049995791168482
2026-09-01T17:55:00,717447,36.24620923066622,18.10829309503346,0.0,0.4423660118359044,-0.9997620270799091,-0.021814885034560836,0.7818314824680298,0.6234898018587336,0.45991740278850707
2026-09-01T17:55:00,717512,35.823473960680616,18.10829309503346,0.0,0.4488696313741444,-0.9997620270799091,-0.021814885034560836,0.7818314824680298,0.6234898018587336,0.4402416063999212
2026-09-01T17:55:00,717446,33.79496361311172,18.10829309503346,0.0,0.48007748287520435,-0.9997620270799091,-0.021814885034560836,0.7818314824680298,0.6234898018587336,0.48098583742721496
2026-09-01T17:55:00,717445,34.602545057247326,18.10829309503346,0.0,0.46765315296542576,-0.9997620270799091,-0.021814885034560836,0.7818314824680298,0.6234898018587336,0.5370515901753375
2026-09-01T17:55:00,717458,30.584315198142423,18.10829309503346,0.0,0.5294720738747319,-0.9997620270799091,-0.021814885034560836,0.7818314824680298,0.6234898018587336,0.5368975038930659
2026-09-01T17:55:00,717459,34.9098145436536,18.10829309503346,0.0,0.46292593009763683,-0.9997620270799091,-0.021814885034560836,0.7818314824680298,0.6234898018587336,0.5161141554423164
2026-09-01T17:55:00,717460,33.740334078385004,18.10829309503346,1.8,0.48091793725561527,-0.9997620270799091,-0.021814885034560836,0.7818314824680298,0.6234898018587336,0.558992871635247
2026-09-01T17:55:00,717461,30.437385077751813,18.10829309503346,0.0,0.5317325372653567,-0.9997620270799091,-0.021814885034560836,0.7818314824680298,0.6234898018587336,0.5559181889234462
2026-09-01T17:55:00,717462,30.902923752643893,18.10829309503346,0.0,0.5245704038054786,-0.9997620270799091,-0.021814885034560836,0.7818314824680298,0.6234898018587336,0.6327510084555454
2026-09-01T17:55:00,717463,22.32573602372011,18.10829309503346,1.8,0.6565271380966137,-0.9997620270799091,-0.021814885034560836,0.7818314824680298,0.6234898018587336,0.6110556900924387
2026-09-01T18:00:00,717447,41.801662144628274,18.08987952933961,0.0,0.3568975054672573,-1.0,-1.8369701987210297e-16,0.7818314824680298,0.6234898018587336,0.4437495875259336
2026-09-01T18:00:00,717512,38.028003780214966,18.08987952933961,1.8,0.4149537879966928,-1.0,-1.8369701987210297e-16,0.7818314824680298,0.6234898018587336,0.4551474175354227
2026-09-01T18:00:00,717446,33.8457314398034,18.08987952933961,0.0,0.47929643938764,-1.0,-1.8369701987210297e-16,0.7818314824680298,0.6234898018587336,0.49031264747432646
2026-09-01T18:00:00,717445,32.35933389539168,18.08987952933961,0.0,0.5021640939170511,-1.0,-1.8369701987210297e-16,0.7818314824680298,0.6234898018587336,0.5173504402622603
2026-09-01T18:00:00,717458,38.115043439295405,18.08987952933961,0.0,0.4136147163185322,-1.0,-1.8369701987210297e-16,0.7818314824680298,0.6234898018587336,0.5281244662552381
2026-09-01T18:00:00,717459,34.57338994264615,18.08987952933961,0.0,0.46810169319005923,-1.0,-1.8369701987210297e-16,0.7818314824680298,0.6234898018587336,0.479348306417725
2026-09-01T18:00:00,717460,30.438878714854955,18.08987952933961,0.0,0.5317095582330007,-1.0,-1.8369701987210297e-16,0.7818314824680298,0.6234898018587336,0.5065110439360155
2026-09-01T18:00:00,717461,25.389245428518144,18.08987952933961,0.0,0.609396224176644,-1.0,-1.8369701987210297e-16,0.7818314824680298,0.6234898018587336,0.5487224217429435
2026-09-01T18:00:00,717462,32.37689005743647,18.08987952933961,1.8,0.501893999116362,-1.0,-1.8369701987210297e-16,0.7818314824680298,0.6234898018587336,0.577827395924364
2026-09-01T18:00:00,717463,23.96723042168493,18.08987952933961,0.0,0.6312733781279241,-1.0,-1.8369701987210297e-16,0.7818314824680298,0.6234898018587336,0.624571783601189
2026-09-01T18:05:00,717447,37.78995017995295,18.073163003162968,0.0,0.4186161510776468,-0.9997620270799091,0.021814885034560468,0.7818314824680298,0.6234898018587336,0.4134954730162786
2026-09-01T18:05:00,717512,37.232570330211175,18.073163003162968,0.0,0.4271912256890589,-0.9997620270799091,0.021814885034560468,0.7818314824680298,0.6234898018587336,0.4353780779266387
2026-09-01T18:05:00,717446,34.31449699568092,18.073163003162968,1.8,0.4720846616049089,-0.9997620270799091,0.021814885034560468,0.7818314824680298,0.6234898018587336,0.49800725950969826
2026-09-01T18:05:00,717445,34.700296937377665,18.073163003162968,0.0,0.4661492778864975,-0.9997620270799091,0.021814885034560468,0.7818314824680298,0.6234898018587336,0.5108995761881271
2026-09-01T18:05:00,717458,34.06533303446708,18.073163003162968,1.8,0.47591795331589104,-0.9997620270799091,0.021814885034560468,0.7818314824680298,0.6234898018587336,0.4972589072043614
2026-09-01T18:05:00,717459,32.23963925520467,18.073163003162968,0.0,0.5040055499199281,-0.9997620270799091,0.021814885034560468,0.7818314824680298,0.6234898018587336,0.4777560775221518
2026-09-01T18:05:00,717460,32.645042003257615,18.073163003162968,0.0,0.4977685845652675,-0.9997620270799091,0.021814885034560468,0.7818314824680298,0.6234898018587336,0.5089350946149108
2026-09-01T18:05:00,717461,35.4473197963856,18.073163003162968,0.0,0.4546566185171447,-0.9997620270799091,0.021814885034560468,0.7818314824680298,0.6234898018587336,0.5555254182193209
2026-09-01T18:05:00,717462,25.115802215448355,18.073163003162968,0.0,0.613603042839256,-0.9997620270799091,0.021814885034560468,0.7818314824680298,0.6234898018587336,0.5491085328100507
2026-09-01T18:05:00,717463,28.559752308790053,18.073163003162968,0.0,0.5606191952493838,-0.9997620270799091,0.021814885034560468,0.7818314824680298,0.6234898018587336,0.6276948995905774
2026-09-01T18:10:00,717447,36.48552185571399,18.058150771677813,0.0,0.4386842791428617,-0.9990482215818578,0.043619387365335764,0.7818314824680298,0.6234898018587336,0.40595988946026945
2026-09-01T18:10:00,717512,34.14685203003148,18.058150771677813,0.0,0.4746638149225926,-0.9990482215818578,0.043619387365335764,0.7818314824680298,0.6234898018587336,0.43033821501996533
2026-09-01T18:10:00,717446,40.22767429863613,18.058150771677813,1.8,0.3811127030979057,-0.9990482215818578,0.043619387365335764,0.7818314824680298,0.6234898018587336,0.4771528612892511
2026-09-01T18:10:00,717445,36.90664097879039,18.058150771677813,0.0,0.4322055234032247,-0.9990482215818578,0.043619387365335764,0.7818314824680298,0.6234898018587336,0.4786555082563248
2026-09-01T18:10:00,717458,30.379525132957397,18.058150771677813,0.0,0.5326226902621939,-0.9990482215818578,0.043619387365335764,0.7818314824680298,0.6234898018587336,0.4730015811697184
2026-09-01T18:10:00,717459,33.18878485846338,18.058150771677813,0.0,0.4894033098697942,-0.9990482215818578,0.043619387365335764,0.7818314824680298,0.6234898018587336,0.478344391069208
2026-09-01T18:10:00,717460,27.046246062184952,18.058150771677813,0.0,0.5839039067356161,-0.9990482215818578,0.043619387365335764,0.7818314824680298,0.6234898018587336,0.5034653600179612
2026-09-01T18:10:00,717461,28.706673268567577,18.058150771677813,0.0,0.5583588727912681,-0.9990482215818578,0.043619387365335764,0.7818314824680298,0.6234898018587336,0.5319284599863817
2026-09-01T18:10:00,717462,23.589243349327347,18.058150771677813,0.0,0.6370885638565024,-0.9990482215818578,0.043619387365335764,0.7818314824680298,0.6234898018587336,0.5466891485870322
2026-09-01T18:10:00,717463,28.49125488618762,18.058150771677813,0.0,0.5616730017509597,-0.9990482215818578,0.043619387365335764,0.7818314824680298,0.6234898018587336,0.6161399038246405
2026-09-01T18:15:00,717447,42.8294710459356,18.04484935037396,0.0,0.34108506083176005,-0.9978589232386036,0.06540312923014237,0.7818314824680298,0.6234898018587336,0.4047326452292553
2026-09-01T18:15:00,717512,41.2986122496497,18.04484935037396,0.0,0.36463673462077384,-0.9978589232386036,0.06540312923014237,0.7818314824680298,0.6234898018587336,0.43893627620278136
2026-09-01T18:15:00,717446,37.17174002203909,18.04484935037396,0.0,0.42812707658401405,-0.9978589232386036,0.06540312923014237,0.7818314824680298,0.6234898018587336,0.44416460136348485
2026-09-01T18:15:00,717445,40.155793768848966,18.04484935037396,0.0,0.3822185574023236,-0.9978589232386036,0.06540312923014237,0.7818314824680298,0.6234898018587336,0.4668396317355911
2026-09-01T18:15:00,717458,40.13126187579658,18.04484935037396,0.0,0.38259597114159105,-0.9978589232386036,0.06540312923014237,0.7818314824680298,0.6234898018587336,0.47405178663220565
2026-09-01T18:15:00,717459,36.88254560011664,18.04484935037396,0.0,0.4325762215366671,-0.9978589232386036,0.06540312923014237,0.7818314824680298,0.6234898018587336,0.48717018432659387
2026-09-01T18:15:00,717460,31.882542052940945,18.04484935037396,0.0,0.5094993530316778,-0.9978589232386036,0.06540312923014237,0.7818314824680298,0.6234898018587336,0.5377940165112948
2026-09-01T18:15:00,717461,31.96071741256243,18.04484935037396,0.0,0.5082966551913473,-0.9978589232386036,0.06540312923014237,0.7818314824680298,0.6234898018587336,0.5408039051616855
2026-09-01T18:15:00,717462,35.99523466535284,18.04484935037396,0.0,0.44622715899457166,-0.9978589232386036,0.06540312923014237,0.7818314824680298,0.6234898018587336,0.5841952019373734
2026-09-01T18:15:00,717463,28.98481382974711,18.04484935037396,0.0,0.5540797872346599,-0.9978589232386036,0.06540312923014237,0.7818314824680298,0.6234898018587336,0.5845218583760892
2026-09-01T18:20:00,717447,43.55200902875517,18.033264512228925,0.0,0.329969091865305,-0.9961946980917455,0.08715574274765789,0.7818314824680298,0.6234898018587336,0.3994618303507562
2026-09-01T18:20:00,717512,38.38398601741835,18.033264512228925,0.0,0.4094771381935638,-0.9961946980917455,0.08715574274765789,0.7818314824680298,0.6234898018587336,0.4221639250774751
2026-09-01T18:20:00,717446,42.42271179104913,18.033264512228925,0.0,0.347342895522321,-0.9961946980917455,0.08715574274765789,0.7818314824680298,0.6234898018587336,0.4271081470956095
2026-09-01T18:20:00,717445,35.65947210948073,18.033264512228925,0.0,0.45139273677721947,-0.9961946980917455,0.08715574274765789,0.7818314824680298,0.6234898018587336,0.42685778623068193
2026-09-01T18:20:00,717458,36.731990438929685,18.033264512228925,0.0,0.43489245478569716,-0.9961946980917455,0.08715574274765789,0.7818314824680298,0.6234898018587336,0.4637122049065587
2026-09-01T18:20:00,717459,37.43925530792472,18.033264512228925,0.0,0.42401145680115815,-0.9961946980917455,0.08715574274765789,0.7818314824680298,0.6234898018587336,0.47532836044212984
2026-09-01T18:20:00,717460,40.16080636964401,18.033264512228925,0.0,0.38214144046701526,-0.9961946980917455,0.08715574274765789,0.7818314824680298,0.6234898018587336,0.5303906147775205
2026-09-01T18:20:00,717461,34.0670006588671,18.033264512228925,0.0,0.4758922975558908,-0.9961946980917455,0.08715574274765789,0.7818314824680298,0.6234898018587336,0.5071040488332533
2026-09-01T18:20:00,717462,31.40631786431272,18.033264512228925,1.8,0.5168258790105735,-0.9961946980917455,0.08715574274765789,0.7818314824680298,0.6234898018587336,0.5656395885634433
2026-09-01T18:20:00,717463,29.98513558902782,18.033264512228925,1.8,0.5386902217072643,-0.9961946980917455,0.08715574274765789,0.7818314824680298,0.6234898018587336,0.5587906614116678
2026-09-01T18:25:00,717447,45.776286770802606,18.023401285202407,0.0,0.2957494342953445,-0.9940563382223196,0.10886687485196471,0.7818314824680298,0.6234898018587336,0.3699128106133089
2026-09-01T18:25:00,717512,43.082823254158754,18.023401285202407,0.0,0.3371873345514038,-0.9940563382223196,0.10886687485196471,0.7818314824680298,0.6234898018587336,0.41625922924564335
2026-09-01T18:25:00,717446,42.50996589714536,18.023401285202407,0.0,0.3460005246593022,-0.9940563382223196,0.10886687485196471,0.7818314824680298,0.6234898018587336,0.38552755840141356
2026-09-01T18:25:00,717445,43.87946646012169,18.023401285202407,0.0,0.324931285228897,-0.9940563382223196,0.10886687485196471,0.7818314824680298,0.6234898018587336,0.4219389391942559
2026-09-01T18:25:00,717458,38.27563036580369,18.023401285202407,0.0,0.4111441482184047,-0.9940563382223196,0.10886687485196471,0.7818314824680298,0.6234898018587336,0.45003703872982737
2026-09-01T18:25:00,717459,38.06030839822854,18.023401285202407,0.0,0.41445679387340706,-0.9940563382223196,0.10886687485196471,0.7818314824680298,0.6234898018587336,0.4486636627358731
2026-09-01T18:25:00,717460,34.647054400307326,18.023401285202407,0.0,0.46696839384142574,-0.9940563382223196,0.10886687485196471,0.7818314824680298,0.6234898018587336,0.4918482334114364
2026-09-01T18:25:00,717461,32.17766613568948,18.023401285202407,0.0,0.5049589825278542,-0.9940563382223196,0.10886687485196471,0.7818314824680298,0.6234898018587336,0.5141826085128355
2026-09-01T18:25:00,717462,31.50444952179497,18.023401285202407,0.0,0.5153161612031543,-0.9940563382223196,0.10886687485196471,0.7818314824680298,0.6234898018587336,0.5333805339538825
2026-09-01T18:25:00,717463,24.92445927954989,18.023401285202407,0.0,0.6165467803146171,-0.9940563382223196,0.10886687485196471,0.7818314824680298,0.6234898018587336,0.5514810035642946
2026-09-01T18:30:00,717447,45.654348874566296,18.015263950054084,0.0,0.2976254019297493,-0.9914448613738105,0.13052619222005127,0.7818314824680298,0.6234898018587336,0.3222678623308032
2026-09-01T18:30:00,717512,44.12601790914839,18.015263950054084,0.0,0.32113818601310173,-0.9914448613738105,0.13052619222005127,0.7818314824680298,0.6234898018587336,0.3704337357885805
2026-09-01T18:30:00,717446,43.18734213059006,18.015263950054084,0.0,0.335579351837076,-0.9914448613738105,0.13052619222005127,0.7818314824680298,0.6234898018587336,0.3738234989218791
2026-09-01T18:30:00,717445,37.93861373561278,18.015263950054084,0.0,0.416329019452111,-0.9914448613738105,0.13052619222005127,0.7818314824680298,0.6234898018587336,0.38618085980281336
2026-09-01T18:30:00,717458,37.49951425805481,18.015263950054084,1.8,0.423084396029926,-0.9914448613738105,0.13052619222005127,0.7818314824680298,0.6234898018587336,0.4095441913818976
2026-09-01T18:30:00,717459,36.207303423550776,18.015263950054084,0.0,0.4429645627146035,-0.9914448613738105,0.13052619222005127,0.7818314824680298,0.6234898018587336,0.4236814907370774
2026-09-01T18:30:00,717460,40.19196049230652,18.015263950054084,0.0,0.3816621462722074,-0.9914448613738105,0.13052619222005127,0.7818314824680298,0.6234898018587336,0.452869729113373
2026-09-01T18:30:00,717461,36.2007076749488,18.015263950054084,0.0,0.44306603577001846,-0.9914448613738105,0.13052619222005127,0.7818314824680298,0.6234898018587336,0.49638264509169744
2026-09-01T18:30:00,717462,34.589384160277326,18.015263950054084,0.0,0.46785562830342575,-0.9914448613738105,0.13052619222005127,0.7818314824680298,0.6234898018587336,0.49278973306943313
2026-09-01T18:30:00,717463,35.54797819362335,18.015263950054084,1.8,0.45310802779041004,-0.9914448613738105,0.13052619222005127,0.7818314824680298,0.6234898018587336,0.5697722630855138
2026-09-01T18:35:00,717447,43.39523060150111,18.0088560384857,0.0,0.3323810676692137,-0.9883615104677609,0.15212338618991592,0.7818314824680298,0.6234898018587336,0.30778130936346626
2026-09-01T18:35:00,717512,45.10925700706895,18.0088560384857,0.0,0.30601143066047776,-0.9883615104677609,0.15212338618991592,0.7818314824680298,0.6234898018587336,0.3559342195860231
2026-09-01T18:35:00,717446,48.865735455217305,18.0088560384857,0.0,0.2482194545351184,-0.9883615104677609,0.15212338618991592,0.7818314824680298,0.6234898018587336,0.34297425733956644
2026-09-01T18:35:00,717445,45.49184350660303,18.0088560384857,0.0,0.3001254845137995,-0.9883615104677609,0.15212338618991592,0.7818314824680298,0.6234898018587336,0.39755101381940916
2026-09-01T18:35:00,717458,41.46259496524604,18.0088560384857,0.0,0.36211392361159933,-0.9883615104677609,0.15212338618991592,0.7818314824680298,0.6234898018587336,0.42304033301134264
2026-09-01T18:35:00,717459,39.48000322207857,18.0088560384857,0.0,0.39261533504494506,-0.9883615104677609,0.15212338618991592,0.7818314824680298,0.6234898018587336,0.42714427112972286
2026-09-01T18:35:00,717460,39.53863309175316,18.0088560384857,0.0,0.39171333704995137,-0.9883615104677609,0.15212338618991592,0.7818314824680298,0.6234898018587336,0.41025732686021615
2026-09-01T18:35:00,717461,41.16182722201081,18.0088560384857,0.0,0.36674111966137224,-0.9883615104677609,0.15212338618991592,0.7818314824680298,0.6234898018587336,0.4746391052845878
2026-09-01T18:35:00,717462,39.70759868197274,18.0088560384857,0.0,0.3891138664311886,-0.9883615104677609,0.15212338618991592,0.7818314824680298,0.6234898018587336,0.49999922283905124
2026-09-01T18:35:00,717463,39.34175381430025,18.0088560384857,0.0,0.3947422490107654,-0.9883615104677609,0.15212338618991592,0.7818314824680298,0.6234898018587336,0.5361150099374304
2026-09-01T18:40:00,717447,47.146971226157234,18.004180331608286,0.0,0.27466198113604257,-0.984807753012208,0.17364817766693083,0.7818314824680298,0.6234898018587336,0.3085853012981025
2026-09-01T18:40:00,717512,38.972029077139446,18.004180331608286,0.0,0.40043032189016237,-0.984807753012208,0.17364817766693083,0.7818314824680298,0.6234898018587336,0.3214456504083278
2026-09-01T18:40:00,717446,49.78866257118127,18.004180331608286,0.0,0.23402057582798041,-0.984807753012208,0.17364817766693083,0.7818314824680298,0.6234898018587336,0.3099331103438322
2026-09-01T18:40:00,717445,40.49448027665066,18.004180331608286,0.0,0.3770079957438359,-0.984807753012208,0.17364817766693083,0.7818314824680298,0.6234898018587336,0.34712859639826915
2026-09-01T18:40:00,717458,35.691861873055004,18.004180331608286,0.0,0.45089443272223073,-0.984807753012208,0.17364817766693083,0.7818314824680298,0.6234898018587336,0.39878082261997666
2026-09-01T18:40:00,717459,42.67162355022834,18.004180331608286,0.0,0.3435134838426409,-0.984807753012208,0.17364817766693083,0.7818314824680298,0.6234898018587336,0.41667889721098517
2026-09-01T18:40:00,717460,33.02307604793745,18.004180331608286,0.0,0.4919526761855777,-0.984807753012208,0.17364817766693083,0.7818314824680298,0.6234898018587336,0.4134479590545282
2026-09-01T18:40:00,717461,38.10369793025589,18.004180331608286,1.8,0.4137892626114479,-0.984807753012208,0.17364817766693083,0.7818314824680298,0.6234898018587336,0.43825537931974834
2026-09-01T18:40:00,717462,30.58488972713782,18.004180331608286,0.0,0.5294632349671105,-0.984807753012208,0.17364817766693083,0.7818314824680298,0.6234898018587336,0.45742855197925625
2026-09-01T18:40:00,717463,34.65743177309649,18.004180331608286,1.8,0.46680874195236166,-0.984807753012208,0.17364817766693083,0.7818314824680298,0.6234898018587336,0.4881323523719308
2026-09-01T18:45:00,717447,52.55489384121978,18.001238858735107,0.0,0.19146317167354188,-0.9807852804032304,0.1950903220161283,0.7818314824680298,0.6234898018587336,0.3015561502450019
2026-09-01T18:45:00,717512,47.50670304811356,18.001238858735107,1.8,0.26912764541363754,-0.9807852804032304,0.1950903220161283,0.7818314824680298,0.6234898018587336,0.34252664618791395
2026-09-01T18:45:00,717446,45.27880998993952,18.001238858735107,0.0,0.3034029232316997,-0.9807852804032304,0.1950903220161283,0.7818314824680298,0.6234898018587336,0.2726064607333916
2026-09-01T18:45:00,717445,45.4426504113364,18.001238858735107,0.0,0.30088230136405536,-0.9807852804032304,0.1950903220161283,0.7818314824680298,0.6234898018587336,0.3644874999032488
2026-09-01T18:45:00,717458,34.71158447899786,18.001238858735107,1.8,0.46597562340003296,-0.9807852804032304,0.1950903220161283,0.7818314824680298,0.6234898018587336,0.4120309174545853
2026-09-01T18:45:00,717459,39.73510571671475,18.001238858735107,1.8,0.38869068128131157,-0.9807852804032304,0.1950903220161283,0.7818314824680298,0.6234898018587336,0.3930311272007298
2026-09-01T18:45:00,717460,38.95993784645154,18.001238858735107,0.0,0.40061634082382247,-0.9807852804032304,0.1950903220161283,0.7818314824680298,0.6234898018587336,0.42177605316924555
2026-09-01T18:45:00,717461,41.12473985201989,18.001238858735107,0.0,0.36731169458430935,-0.9807852804032304,0.1950903220161283,0.7818314824680298,0.6234898018587336,0.40786547268094625
2026-09-01T18:45:00,717462,35.06977999635513,18.001238858735107,1.8,0.460464923132998,-0.9807852804032304,0.1950903220161283,0.7818314824680298,0.6234898018587336,0.4621442432339083
2026-09-01T18:45:00,717463,37.4207994024484,18.001238858735107,1.8,0.42429539380848613,-0.9807852804032304,0.1950903220161283,0.7818314824680298,0.6234898018587336,0.43821967291784575
2026-09-01T18:50:00,717447,48.59070693700134,18.00003289650092,0.0,0.2524506625076717,-0.9762960071199335,0.21643961393810246,0.7818314824680298,0.6234898018587336,0.2661687401595994
2026-09-01T18:50:00,717512,45.890536633687766,18.00003289650092,0.0,0.29399174409711126,-0.9762960071199335,0.21643961393810246,0.7818314824680298,0.6234898018587336,0.3251897993214259
2026-09-01T18:50:00,717446,44.874831243987366,18.00003289650092,0.0,0.30961798086173287,-0.9762960071199335,0.21643961393810246,0.7818314824680298,0.6234898018587336,0.2618809845315995
2026-09-01T18:50:00,717445,44.96363523050779,18.00003289650092,0.0,0.3082517656844955,-0.9762960071199335,0.21643961393810246,0.7818314824680298,0.6234898018587336,0.3260052605405636
2026-09-01T18:50:00,717458,38.47238076787104,18.00003289650092,0.0,0.4081172189558302,-0.9762960071199335,0.21643961393810246,0.7818314824680298,0.6234898018587336,0.42632799324462106
2026-09-01T18:50:00,717459,45.17867795699083,18.00003289650092,1.8,0.30494341604629494,-0.9762960071199335,0.21643961393810246,0.7818314824680298,0.6234898018587336,0.3749398333896325
2026-09-01T18:50:00,717460,39.28443982820167,18.00003289650092,0.0,0.3956240026430512,-0.9762960071199335,0.21643961393810246,0.7818314824680298,0.6234898018587336,0.42809411801978386
2026-09-01T18:50:00,717461,39.64850854029248,18.00003289650092,0.0,0.3900229455339618,-0.9762960071199335,0.21643961393810246,0.7818314824680298,0.6234898018587336,0.3826140256190431
2026-09-01T18:50:00,717462,44.02352329888404,18.00003289650092,0.0,0.3227150261710148,-0.9762960071199335,0.21643961393810246,0.7818314824680298,0.6234898018587336,0.4596806748437657
2026-09-01T18:50:00,717463,40.43429433844937,18.00003289650092,0.0,0.3779339332546251,-0.9762960071199335,0.21643961393810246,0.7818314824680298,0.6234898018587336,0.4286154615905377
2026-09-01T18:55:00,717447,46.56381047258886,18.000562968307904,0.0,0.2836336850370944,-0.9713420698132614,0.23768589232617307,0.7818314824680298,0.6234898018587336,0.2395252717724187
2026-09-01T18:55:00,717512,40.30003570379118,18.000562968307904,0.0,0.3799994507109049,-0.9713420698132614,0.23768589232617307,0.7818314824680298,0.6234898018587336,0.32118323713363706
2026-09-01T18:55:00,717446,49.16811122949258,18.000562968307904,1.8,0.24356751954626799,-0.9713420698132614,0.23768589232617307,0.7818314824680298,0.6234898018587336,0.28234715997380433
2026-09-01T18:55:00,717445,45.75273189339109,18.000562968307904,0.0,0.2961118170247524,-0.9713420698132614,0.23768589232617307,0.7818314824680298,0.6234898018587336,0.3287140209307956
2026-09-01T18:55:00,717458,45.83154832945282,18.000562968307904,0.0,0.2948992564699566,-0.9713420698132614,0.23768589232617307,0.7818314824680298,0.6234898018587336,0.44166242502603126
2026-09-01T18:55:00,717459,46.31490652068931,18.000562968307904,0.0,0.2874629766047798,-0.9713420698132614,0.23768589232617307,0.7818314824680298,0.6234898018587336,0.3457158603900825
2026-09-01T18:55:00,717460,45.61457629511148,18.000562968307904,0.0,0.2982372877675157,-0.9713420698132614,0.23768589232617307,0.7818314824680298,0.6234898018587336,0.4293976732174838
2026-09-01T18:55:00,717461,40.37197081535736,18.000562968307904,0.0,0.3788927566868099,-0.9713420698132614,0.23768589232617307,0.7818314824680298,0.6234898018587336,0.3903746342432397
2026-09-01T18:55:00,717462,40.10424330328679,18.000562968307904,0.0,0.38301164148789546,-0.9713420698132614,0.23768589232617307,0.7818314824680298,0.6234898018587336,0.4375477280903744
2026-09-01T18:55:00,717463,40.39719283226344,18.000562968307904,1.8,0.3785047256574855,-0.9713420698132614,0.23768589232617307,0.7818314824680298,0.6234898018587336,0.4230126896718243
2026-09-01T19:00:00,717447,52.56409320727223,18.002828844098488,0.0,0.19132164296504262,-0.9659258262890684,0.2588190451025203,0.7818314824680298,0.6234898018587336,0.242515839739436
2026-09-01T19:00:00,717512,50.567805353135725,18.002828844098488,1.8,0.22203376379791195,-0.9659258262890684,0.2588190451025203,0.7818314824680298,0.6234898018587336,0.3143729467405512
2026-09-01T19:00:00,717446,53.16986614847823,18.002828844098488,0.0,0.18200205925418111,-0.9659258262890684,0.2588190451025203,0.7818314824680298,0.6234898018587336,0.28552947454656685
2026-09-01T19:00:00,717445,48.9291856258689,18.002828844098488,0.0,0.24724329806355538,-0.9659258262890684,0.2588190451025203,0.7818314824680298,0.6234898018587336,0.3017486280244344
2026-09-01T19:00:00,717458,48.63297905059645,18.002828844098488,0.0,0.25180032229851623,-0.9659258262890684,0.2588190451025203,0.7818314824680298,0.6234898018587336,0.3896640329419399
2026-09-01T19:00:00,717459,46.021081846974894,18.002828844098488,1.8,0.2919833562003863,-0.9659258262890684,0.2588190451025203,0.7818314824680298,0.6234898018587336,0.3270323579774621
2026-09-01T19:00:00,717460,41.00818834200439,18.002828844098488,0.0,0.3691047947383941,-0.9659258262890684,0.2588190451025203,0.7818314824680298,0.6234898018587336,0.3648258770781298
2026-09-01T19:00:00,717461,40.88463750767094,18.002828844098488,0.0,0.3710055768050625,-0.9659258262890684,0.2588190451025203,0.7818314824680298,0.6234898018587336,0.3787424656016937
2026-09-01T19:00:00,717462,38.01558093709393,18.002828844098488,0.0,0.41514490866009335,-0.9659258262890684,0.2588190451025203,0.7818314824680298,0.6234898018587336,0.3887305302639694
2026-09-01T19:00:00,717463,43.54523564587394,18.002828844098488,0.0,0.33007329775578553,-0.9659258262890684,0.2588190451025203,0.7818314824680298,0.6234898018587336,0.3935780175735322
2026-09-01T19:05:00,717447,47.70463990067383,18.006829540455215,0.0,0.2660824630665565,-0.9600498543859287,0.279829014030992,0.7818314824680298,0.6234898018587336,0.24246866350326957
2026-09-01T19:05:00,717512,50.68268055277706,18.006829540455215,1.8,0.22026645303419912,-0.9600498543859287,0.279829014030992,0.7818314824680298,0.6234898018587336,0.298674986201976
2026-09-01T19:05:00,717446,48.82804430655466,18.006829540455215,1.8,0.24879931836069757,-0.9600498543859287,0.279829014030992,0.7818314824680298,0.6234898018587336,0.245062519887394
2026-09-01T19:05:00,717445,42.695023707786326,18.006829540455215,0.0,0.34315348141867186,-0.9600498543859287,0.279829014030992,0.7818314824680298,0.6234898018587336,0.2838689602576011
2026-09-01T19:05:00,717458,46.35235347511788,18.006829540455215,0.0,0.2868868696135711,-0.9600498543859287,0.279829014030992,0.7818314824680298,0.6234898018587336,0.31827226590810104
2026-09-01T19:05:00,717459,45.40053695681642,18.006829540455215,0.0,0.30153020066436287,-0.9600498543859287,0.279829014030992,0.7818314824680298,0.6234898018587336,0.294796582950487
2026-09-01T19:05:00,717460,50.15341831013906,18.006829540455215,1.8,0.2284089490747837,-0.9600498543859287,0.279829014030992,0.7818314824680298,0.6234898018587336,0.35432202838298704
2026-09-01T19:05:00,717461,38.18247263806609,18.006829540455215,1.8,0.41257734402975255,-0.9600498543859287,0.279829014030992,0.7818314824680298,0.6234898018587336,0.3799737596752781
2026-09-01T19:05:00,717462,46.650896783429225,18.006829540455215,0.0,0.28229389563955043,-0.9600498543859287,0.279829014030992,0.7818314824680298,0.6234898018587336,0.3736238587730012
2026-09-01T19:05:00,717463,40.844437377387045,18.006829540455215,1.8,0.37162404034789165,-0.9600498543859287,0.279829014030992,0.7818314824680298,0.6234898018587336,0.36217065222263206
2026-09-01T19:10:00,717447,55.99094503128026,18.01256332102753,0.0,0.13860084567261133,-0.9537169507482268,0.30070579950427345,0.7818314824680298,0.6234898018587336,0.24701259702289782
2026-09-01T19:10:00,717512,52.45159486642579,18.01256332102753,0.0,0.1930523866703724,-0.9537169507482268,0.30070579950427345,0.7818314824680298,0.6234898018587336,0.2740998891810053
2026-09-01T19:10:00,717446,47.71632913871616,18.01256332102753,0.0,0.2659026286351359,-0.9537169507482268,0.30070579950427345,0.7818314824680298,0.6234898018587336,0.22478963238704888
2026-09-01T19:10:00,717445,54.07370327606278,18.01256332102753,0.0,0.1680968726759572,-0.9537169507482268,0.30070579950427345,0.7818314824680298,0.6234898018587336,0.2955028655023266
2026-09-01T19:10:00,717458,52.31644615638398,18.01256332102753,0.0,0.1951315975940926,-0.9537169507482268,0.30070579950427345,0.7818314824680298,0.6234898018587336,0.27786214946068133
2026-09-01T19:10:00,717459,44.316324687966286,18.01256332102753,0.0,0.3182103894159033,-0.9537169507482268,0.30070579950427345,0.7818314824680298,0.6234898018587336,0.293658844489843
2026-09-01T19:10:00,717460,47.99866310716736,18.01256332102753,0.0,0.2615590291205021,-0.9537169507482268,0.30070579950427345,0.7818314824680298,0.6234898018587336,0.2985836771935645
2026-09-01T19:10:00,717461,43.242506144860926,18.01256332102753,1.8,0.3347306746944473,-0.9537169507482268,0.30070579950427345,0.7818314824680298,0.6234898018587336,0.38749189250720834
2026-09-01T19:10:00,717462,39.311524829908784,18.01256332102753,0.0,0.3952073103090956,-0.9537169507482268,0.30070579950427345,0.7818314824680298,0.6234898018587336,0.36015014859584643
2026-09-01T19:10:00,717463,40.27567928578829,18.01256332102753,0.0,0.3803741648340263,-0.9537169507482268,0.30070579950427345,0.7818314824680298,0.6234898018587336,0.36006735458705424
2026-09-01T19:15:00,717447,58.51460251756832,18.02002769728541,0.0,0.09977534588356429,-0.9469301294951057,0.3214394653031615,0.7818314824680298,0.6234898018587336,0.1986683172347368
2026-09-01T19:15:00,717512,55.91995740608329,18.02002769728541,0.0,0.139692962983334,-0.9469301294951057,0.3214394653031615,0.7818314824680298,0.6234898018587336,0.2117842011674945
2026-09-01T19:15:00,717446,51.17865632341954,18.02002769728541,0.0,0.2126360565627763,-0.9469301294951057,0.3214394653031615,0.7818314824680298,0.6234898018587336,0.23223466875000487
2026-09-01T19:15:00,717445,54.93113399781285,18.02002769728541,0.0,0.15490563080287922,-0.9469301294951057,0.3214394653031615,0.7818314824680298,0.6234898018587336,0.25283121738606146
2026-09-01T19:15:00,717458,53.0994742727551,18.02002769728541,0.0,0.18308501118838305,-0.9469301294951057,0.3214394653031615,0.7818314824680298,0.6234898018587336,0.24460626316872666
2026-09-01T19:15:00,717459,46.12926938579119,18.02002769728541,0.0,0.2903189325262894,-0.9469301294951057,0.3214394653031615,0.7818314824680298,0.6234898018587336,0.3039079820935508
2026-09-01T19:15:00,717460,52.1503102336673,18.02002769728541,0.0,0.1976875348666569,-0.9469301294951057,0.3214394653031615,0.7818314824680298,0.6234898018587336,0.2863575909778933
2026-09-01T19:15:00,717461,44.943357088472986,18.02002769728541,1.8,0.3085637371004156,-0.9469301294951057,0.3214394653031615,0.7818314824680298,0.6234898018587336,0.37277119850975415
2026-09-01T19:15:00,717462,44.13328759685306,18.02002769728541,0.0,0.3210263446637991,-0.9469301294951057,0.3214394653031615,0.7818314824680298,0.6234898018587336,0.36421537153624645
2026-09-01T19:15:00,717463,37.99135332678008,18.02002769728541,0.0,0.4155176411264603,-0.9469301294951057,0.3214394653031615,0.7818314824680298,0.6234898018587336,0.3606905009792345
2026-09-01T19:20:00,717447,53.636911014437885,18.02921942959939,0.0,0.17481675362403248,-0.9396926207859085,0.34202014332566816,0.7818314824680298,0.6234898018587336,0.16815288487424404
2026-09-01T19:20:00,717512,53.84791715319166,18.02921942959939,0.0,0.171570505335513,-0.9396926207859085,0.34202014332566816,0.7818314824680298,0.6234898018587336,0.18433726756263516
2026-09-01T19:20:00,717446,53.98288001076165,18.02921942959939,0.0,0.16949415368059007,-0.9396926207859085,0.34202014332566816,0.7818314824680298,0.6234898018587336,0.24244600118620327
2026-09-01T19:20:00,717445,48.573291884021614,18.02921942959939,0.0,0.2527185863996675,-0.9396926207859085,0.34202014332566816,0.7818314824680298,0.6234898018587336,0.22205199496583608
2026-09-01T19:20:00,717458,48.45424694626856,18.02921942959939,0.0,0.25455004698048367,-0.9396926207859085,0.34202014332566816,0.7818314824680298,0.6234898018587336,0.22170115946534893
2026-09-01T19:20:00,717459,54.428474806730186,18.02921942959939,1.8,0.16263884912722792,-0.9396926207859085,0.34202014332566816,0.7818314824680298,0.6234898018587336,0.30335317420218516
2026-09-01T19:20:00,717460,51.47094553124809,18.02921942959939,1.8,0.20813929951926013,-0.9396926207859085,0.34202014332566816,0.7818314824680298,0.6234898018587336,0.22921850435398092
2026-09-01T19:20:00,717461,50.875527316374274,18.02921942959939,0.0,0.2172995797480881,-0.9396926207859085,0.34202014332566816,0.7818314824680298,0.6234898018587336,0.35195725194153854
2026-09-01T19:20:00,717462,45.69208870499166,18.02921942959939,0.0,0.2970447891539745,-0.9396926207859085,0.34202014332566816,0.7818314824680298,0.6234898018587336,0.33284251687081506
2026-09-01T19:20:00,717463,45.67372263525466,18.02921942959939,0.0,0.2973273440730052,-0.9396926207859085,0.34202014332566816,0.7818314824680298,0.6234898018587336,0.38917194876945943
2026-09-01T19:25:00,717447,58.26026726977935,18.04013452864661,0.0,0.10368819584954847,-0.9320078692827986,0.36243803828370147,0.7818314824680298,0.6234898018587336,0.13773098172673603
2026-09-01T19:25:00,717512,60.1186875725227,18.04013452864661,0.0,0.07509711426888155,-0.9320078692827986,0.36243803828370147,0.7818314824680298,0.6234898018587336,0.16810528499640645
2026-09-01T19:25:00,717446,49.446875900439686,18.04013452864661,0.0,0.23927883230092795,-0.9320078692827986,0.36243803828370147,0.7818314824680298,0.6234898018587336,0.2160109462928341
2026-09-01T19:25:00,717445,44.9114179652227,18.04013452864661,0.0,0.30905510822734317,-0.9320078692827986,0.36243803828370147,0.7818314824680298,0.6234898018587336,0.1919070299595013
2026-09-01T19:25:00,717458,50.05926035096567,18.04013452864661,0.0,0.22985753306206658,-0.9320078692827986,0.36243803828370147,0.7818314824680298,0.6234898018587336,0.21092221858765312
2026-09-01T19:25:00,717459,51.13419898826892,18.04013452864661,0.0,0.2133200155650935,-0.9320078692827986,0.36243803828370147,0.7818314824680298,0.6234898018587336,0.2570560570231402
2026-09-01T19:25:00,717460,49.461940980486816,18.04013452864661,0.0,0.23904706183866442,-0.9320078692827986,0.36243803828370147,0.7818314824680298,0.6234898018587336,0.2224619545021397
2026-09-01T19:25:00,717461,45.762838520499386,18.04013452864661,0.0,0.2959563304538556,-0.9320078692827986,0.36243803828370147,0.7818314824680298,0.6234898018587336,0.28686466384765036
2026-09-01T19:25:00,717462,48.383218426726806,18.04013452864661,0.0,0.2556427934349722,-0.9320078692827986,0.36243803828370147,0.7818314824680298,0.6234898018587336,0.33775948137562306
2026-09-01T19:25:00,717463,44.171376257131485,18.04013452864661,1.8,0.3204403652749003,-0.9320078692827986,0.36243803828370147,0.7818314824680298,0.6234898018587336,0.36440638334449726
2026-09-01T19:30:00,717447,57.32826964074604,18.05276825714224,0.0,0.11802662091159932,-0.923879532511287,0.38268343236508917,0.7818314824680298,0.6234898018587336,0.12609343178571508
2026-09-01T19:30:00,717512,57.52926481621549,18.05276825714224,0.0,0.11493438744283868,-0.923879532511287,0.38268343236508917,0.7818314824680298,0.6234898018587336,0.12878686086257618
2026-09-01T19:30:00,717446,53.59146205934982,18.05276825714224,0.0,0.175515968317695,-0.923879532511287,0.38268343236508917,0.7818314824680298,0.6234898018587336,0.20713634751476476
2026-09-01T19:30:00,717445,56.07123911154643,18.05276825714224,1.8,0.13736555213005486,-0.923879532511287,0.38268343236508917,0.7818314824680298,0.6234898018587336,0.23889310847662995
2026-09-01T19:30:00,717458,55.4489132278328,18.05276825714224,0.0,0.1469397964948801,-0.923879532511287,0.38268343236508917,0.7818314824680298,0.6234898018587336,0.2224975304103111
2026-09-01T19:30:00,717459,49.15386402833822,18.05276825714224,0.0,0.2437867072563351,-0.923879532511287,0.38268343236508917,0.7818314824680298,0.6234898018587336,0.22209259907287027
2026-09-01T19:30:00,717460,48.63726185636878,18.05276825714224,0.0,0.2517344329789418,-0.923879532511287,0.38268343236508917,0.7818314824680298,0.6234898018587336,0.2149579654081938
2026-09-01T19:30:00,717461,45.99104475085523,18.05276825714224,0.0,0.292445465371458,-0.923879532511287,0.38268343236508917,0.7818314824680298,0.6234898018587336,0.27393988243411976
2026-09-01T19:30:00,717462,47.66191802541154,18.05276825714224,0.0,0.26673972268597634,-0.923879532511287,0.38268343236508917,0.7818314824680298,0.6234898018587336,0.29123797575091526
2026-09-01T19:30:00,717463,47.4107269281737,18.05276825714224,0.0,0.2706042011050199,-0.923879532511287,0.38268343236508917,0.7818314824680298,0.6234898018587336,0.3444284501581219
2026-09-01T19:35:00,717447,63.55677079185638,18.067115131895488,0.0,0.02220352627913258,-0.9153114791194472,0.402746689858737,0.7818314824680298,0.6234898018587336,0.13217719012839343
2026-09-01T19:35:00,717512,55.88791111163742,18.067115131895488,1.8,0.14018598289788586,-0.9153114791194472,0.402746689858737,0.7818314824680298,0.6234898018587336,0.12053400234907774
2026-09-01T19:35:00,717446,56.551593600244125,18.067115131895488,0.0,0.1299754830731673,-0.9153114791194472,0.402746689858737,0.7818314824680298,0.6234898018587336,0.19476298476640433
2026-09-01T19:35:00,717445,52.98890760851271,18.067115131895488,0.0,0.18478603679211214,-0.9153114791194472,0.402746689858737,0.7818314824680298,0.6234898018587336,0.2330464155856885
2026-09-01T19:35:00,717458,51.880271981745054,18.067115131895488,0.0,0.2018419695116146,-0.9153114791194472,0.402746689858737,0.7818314824680298,0.6234898018587336,0.21044912551247677
2026-09-01T19:35:00,717459,53.194975088951495,18.067115131895488,0.0,0.18161576786228473,-0.9153114791194472,0.402746689858737,0.7818314824680298,0.6234898018587336,0.20658185731621884
2026-09-01T19:35:00,717460,49.66667177946373,18.067115131895488,0.0,0.2358973572390196,-0.9153114791194472,0.402746689858737,0.7818314824680298,0.6234898018587336,0.2329735981122888
2026-09-01T19:35:00,717461,49.52717865697637,18.067115131895488,1.8,0.23804340527728662,-0.9153114791194472,0.402746689858737,0.7818314824680298,0.6234898018587336,0.2685671251911339
2026-09-01T19:35:00,717462,49.70394424243936,18.067115131895488,0.0,0.2353239347317021,-0.9153114791194472,0.402746689858737,0.7818314824680298,0.6234898018587336,0.273142435091641
2026-09-01T19:35:00,717463,48.10720013217447,18.067115131895488,0.0,0.25988922873577736,-0.9153114791194472,0.402746689858737,0.7818314824680298,0.6234898018587336,0.29612397015097514
2026-09-01T19:40:00,717447,51.722253339149965,18.08316892618942,0.0,0.20427302555153903,-0.9063077870366498,0.4226182617406996,0.7818314824680298,0.6234898018587336,0.08130611434676012
2026-09-01T19:40:00,717512,56.19540843370653,18.08316892618942,0.0,0.13545525486605337,-0.9063077870366498,0.4226182617406996,0.7818314824680298,0.6234898018587336,0.1100724948698687
2026-09-01T19:40:00,717446,59.77494351236811,18.08316892618942,0.0,0.08038548442510596,-0.9063077870366498,0.4226182617406996,0.7818314824680298,0.6234898018587336,0.18159009456393008
2026-09-01T19:40:00,717445,50.58609885492019,18.08316892618942,0.0,0.2217523253089202,-0.9063077870366498,0.4226182617406996,0.7818314824680298,0.6234898018587336,0.21040223238317005
2026-09-01T19:40:00,717458,45.06014593065572,18.08316892618942,0.0,0.3067669856822197,-0.9063077870366498,0.4226182617406996,0.7818314824680298,0.6234898018587336,0.1928797663561871
2026-09-01T19:40:00,717459,54.59658116839461,18.08316892618942,0.0,0.16005259740931377,-0.9063077870366498,0.4226182617406996,0.7818314824680298,0.6234898018587336,0.2129074968945711
2026-09-01T19:40:00,717460,52.41401462084512,18.08316892618942,0.0,0.1936305442946904,-0.9063077870366498,0.4226182617406996,0.7818314824680298,0.6234898018587336,0.24222628401887528
2026-09-01T19:40:00,717461,47.212417729338696,18.08316892618942,0.0,0.27365511185632774,-0.9063077870366498,0.4226182617406996,0.7818314824680298,0.6234898018587336,0.27548173370086676
2026-09-01T19:40:00,717462,49.6146489021588,18.08316892618942,1.8,0.23669770919755695,-0.9063077870366498,0.4226182617406996,0.7818314824680298,0.6234898018587336,0.25256881695088357
2026-09-01T19:40:00,717463,46.20409712118797,18.08316892618942,0.0,0.28916773659710815,-0.9063077870366498,0.4226182617406996,0.7818314824680298,0.6234898018587336,0.2836445983718992
2026-09-01T19:45:00,717447,61.07148580963791,18.100922672483374,0.0,0.060438679851724464,-0.8968727415326884,0.442288690219001,0.7818314824680298,0.6234898018587336,0.11483439091409031
2026-09-01T19:45:00,717512,49.82541406399817,18.100922672483374,0.0,0.23345516824618207,-0.8968727415326884,0.442288690219001,0.7818314824680298,0.6234898018587336,0.13019187506892596
2026-09-01T19:45:00,717446,56.42027201759387,18.100922672483374,0.0,0.13199581511394054,-0.8968727415326884,0.442288690219001,0.7818314824680298,0.6234898018587336,0.12862564527198941
2026-09-01T19:45:00,717445,54.375150777240925,18.100922672483374,0.0,0.16345921881167802,-0.8968727415326884,0.442288690219001,0.7818314824680298,0.6234898018587336,0.18130130474369574
2026-09-01T19:45:00,717458,57.18282539239865,18.100922672483374,0.0,0.12026422473232845,-0.8968727415326884,0.442288690219001,0.7818314824680298,0.6234898018587336,0.2185162505629048
2026-09-01T19:45:00,717459,48.011283737731176,18.100922672483374,1.8,0.26136486557336647,-0.8968727415326884,0.442288690219001,0.7818314824680298,0.6234898018587336,0.19515169084264453
2026-09-01T19:45:00,717460,52.52576848170361,18.100922672483374,1.8,0.19191125412763677,-0.8968727415326884,0.442288690219001,0.7818314824680298,0.6234898018587336,0.2270874448375506
2026-09-01T19:45:00,717461,52.86430332234647,18.100922672483374,0.0,0.18670302581005427,-0.8968727415326884,0.442288690219001,0.7818314824680298,0.6234898018587336,0.26804799416835745
2026-09-01T19:45:00,717462,55.55923636239721,18.100922672483374,0.0,0.14524251750158146,-0.8968727415326884,0.442288690219001,0.7818314824680298,0.6234898018587336,0.24625378887174512
2026-09-01T19:45:00,717463,47.34399613943092,18.100922672483374,0.0,0.2716308286241397,-0.8968727415326884,0.442288690219001,0.7818314824680298,0.6234898018587336,0.27322038881263516
2026-09-01T19:50:00,717447,61.20948487229855,18.12036866543702,0.0,0.05831561734925306,-0.887010833178222,0.46174861323503325,0.7818314824680298,0.6234898018587336,0.09563841056079869
2026-09-01T19:50:00,717512,53.624520681553896,18.12036866543702,0.0,0.17500737412994005,-0.887010833178222,0.46174861323503325,0.7818314824680298,0.6234898018587336,0.16969880200337376
2026-09-01T19:50:00,717446,57.81942817829678,18.12036866543702,0.0,0.11047033571851106,-0.887010833178222,0.46174861323503325,0.7818314824680298,0.6234898018587336,0.1141189275374046
2026-09-01T19:50:00,717445,60.17164712863626,18.12036866543702,0.0,0.0742823518671345,-0.887010833178222,0.46174861323503325,0.7818314824680298,0.6234898018587336,0.18999919363757012
2026-09-01T19:50:00,717458,61.04256258087256,18.12036866543702,0.0,0.0608836526019606,-0.887010833178222,0.46174861323503325,0.7818314824680298,0.6234898018587336,0.20962439330872093
2026-09-01T19:50:00,717459,55.4952258843128,18.12036866543702,0.0,0.14622729408749535,-0.887010833178222,0.46174861323503325,0.7818314824680298,0.6234898018587336,0.20101107694832165
2026-09-01T19:50:00,717460,48.32346468786327,18.12036866543702,0.0,0.25656208172518047,-0.887010833178222,0.46174861323503325,0.7818314824680298,0.6234898018587336,0.20714638522044893
2026-09-01T19:50:00,717461,55.90282786637204,18.12036866543702,0.0,0.139956494363507,-0.887010833178222,0.46174861323503325,0.7818314824680298,0.6234898018587336,0.2328005143145562
2026-09-01T19:50:00,717462,45.94700613952723,18.12036866543702,0.0,0.29312298246881185,-0.887010833178222,0.46174861323503325,0.7818314824680298,0.6234898018587336,0.20575472047694685
2026-09-01T19:50:00,717463,45.89773006571766,18.12036866543702,0.0,0.29388107591203605,-0.887010833178222,0.46174861323503325,0.7818314824680298,0.6234898018587336,0.27356259798567506
2026-09-01T19:55:00,717447,65.18480156127018,18.141498465254497,0.0,0.0,-0.8767267557075075,0.48098876891938813,0.7818314824680298,0.6234898018587336,0.10767577425083885
2026-09-01T19:55:00,717512,59.39028315596699,18.141498465254497,0.0,0.08630333606204632,-0.8767267557075075,0.48098876891938813,0.7818314824680298,0.6234898018587336,0.18130593241405848
2026-09-01T19:55:00,717446,56.65529817987572,18.141498465254497,0.0,0.12838002800191195,-0.8767267557075075,0.48098876891938813,0.7818314824680298,0.6234898018587336,0.10761721175251919
2026-09-01T19:55:00,717445,59.32104157369367,18.141498465254497,0.0,0.08736859117394358,-0.8767267557075075,0.48098876891938813,0.7818314824680298,0.6234898018587336,0.1531646319959109
2026-09-01T19:55:00,717458,56.51785942925425,18.141498465254497,0.0,0.1304944703191654,-0.8767267557075075,0.48098876891938813,0.7818314824680298,0.6234898018587336,0.1626382876721696
2026-09-01T19:55:00,717459,61.41364455960094,18.141498465254497,0.0,0.055174699083062495,-0.8767267557075075,0.48098876891938813,0.7818314824680298,0.6234898018587336,0.18921491902339185
2026-09-01T19:55:00,717460,56.85100533901324,18.141498465254497,1.8,0.12536914863056547,-0.8767267557075075,0.48098876891938813,0.7818314824680298,0.6234898018587336,0.21403462671583587
2026-09-01T19:55:00,717461,53.05698052875188,18.141498465254497,0.0,0.18373876109612497,-0.8767267557075075,0.48098876891938813,0.7818314824680298,0.6234898018587336,0.20010487734329632
2026-09-01T19:55:00,717462,51.92651921051134,18.141498465254497,0.0,0.20113047368444092,-0.8767267557075075,0.48098876891938813,0.7818314824680298,0.6234898018587336,0.2250210697226501
2026-09-01T19:55:00,717463,53.13130538239338,18.141498465254497,0.0,0.1825953018093326,-0.8767267557075075,0.48098876891938813,0.7818314824680298,0.6234898018587336,0.2848932137110946
2026-09-01T20:00:00,717447,61.08283363782402,18.164302901347448,0.0,0.060264097879630496,-0.8660254037844386,0.5000000000000001,0.7818314824680298,0.6234898018587336,0.039584765733659176
2026-09-01T20:00:00,717512,57.49464317564377,18.164302901347448,0.0,0.11546702806701892,-0.8660254037844386,0.5000000000000001,0.7818314824680298,0.6234898018587336,0.16492195947938948
2026-09-01T20:00:00,717446,61.23649637271773,18.164302901347448,0.0,0.05790005580434254,-0.8660254037844386,0.5000000000000001,0.7818314824680298,0.6234898018587336,0.12361539294478785
2026-09-01T20:00:00,717445,56.882675813483786,18.164302901347448,0.0,0.12488191056178788,-0.8660254037844386,0.5000000000000001,0.7818314824680298,0.6234898018587336,0.1083700539509187
2026-09-01T20:00:00,717458,57.43064288302942,18.164302901347448,0.0,0.11645164795339358,-0.8660254037844386,0.5000000000000001,0.7818314824680298,0.6234898018587336,0.10388078255115148
2026-09-01T20:00:00,717459,49.37135636890419,18.164302901347448,0.0,0.2404406712476279,-0.8660254037844386,0.5000000000000001,0.7818314824680298,0.6234898018587336,0.1542556195813081
2026-09-01T20:00:00,717460,53.76154194355476,18.164302901347448,0.0,0.1728993547145421,-0.8660254037844386,0.5000000000000001,0.7818314824680298,0.6234898018587336,0.19128082816112757
2026-09-01T20:00:00,717461,51.38675780194514,18.164302901347448,0.0,0.20943449535469016,-0.8660254037844386,0.5000000000000001,0.7818314824680298,0.6234898018587336,0.17013276042322875
2026-09-01T20:00:00,717462,45.692555790373554,18.164302901347448,0.0,0.29703760322502226,-0.8660254037844386,0.5000000000000001,0.7818314824680298,0.6234898018587336,0.2131653245516114
2026-09-01T20:00:00,717463,50.2541095541548,18.164302901347448,0.0,0.22685985301300304,-0.8660254037844386,0.5000000000000001,0.7818314824680298,0.6234898018587336,0.2493690687818361
2026-09-01T20:05:00,717447,61.63319397766141,18.18877207631514,0.0,0.05179701572828599,-0.8549118706729468,0.5187732581605211,0.7818314824680298,0.6234898018587336,0.03952657174296118
2026-09-01T20:05:00,717512,61.72947614572349,18.18877207631514,0.0,0.050315751604254055,-0.8549118706729468,0.5187732581605211,0.7818314824680298,0.6234898018587336,0.12559257941966842
2026-09-01T20:05:00,717446,62.91570738306684,18.18877207631514,0.0,0.03206604026051019,-0.8549118706729468,0.5187732581605211,0.7818314824680298,0.6234898018587336,0.09891680650825518
2026-09-01T20:05:00,717445,61.15686893621049,18.18877207631514,1.8,0.05912509328906934,-0.8549118706729468,0.5187732581605211,0.7818314824680298,0.6234898018587336,0.09551095120095532
2026-09-01T20:05:00,717458,55.66466450515243,18.18877207631514,0.0,0.14362054607457797,-0.8549118706729468,0.5187732581605211,0.7818314824680298,0.6234898018587336,0.10260992362483985
2026-09-01T20:05:00,717459,56.39462999442149,18.18877207631514,0.0,0.13239030777813088,-0.8549118706729468,0.5187732581605211,0.7818314824680298,0.6234898018587336,0.14728088813939524
2026-09-01T20:05:00,717460,56.16338937286561,18.18877207631514,1.8,0.13594785580206759,-0.8549118706729468,0.5187732581605211,0.7818314824680298,0.6234898018587336,0.18494352835676267
2026-09-01T20:05:00,717461,52.14663629330135,18.18877207631514,0.0,0.19774405702613307,-0.8549118706729468,0.5187732581605211,0.7818314824680298,0.6234898018587336,0.17770991693810737
2026-09-01T20:05:00,717462,47.785394258392266,18.18877207631514,1.8,0.26484008833242667,-0.8549118706729468,0.5187732581605211,0.7818314824680298,0.6234898018587336,0.263763686459425
2026-09-01T20:05:00,717463,50.412159621544056,18.18877207631514,0.0,0.22442831351470682,-0.8549118706729468,0.5187732581605211,0.7818314824680298,0.6234898018587336,0.23444541024479057
2026-09-01T20:10:00,717447,65.88652574131122,18.21489537024005,0.0,0.0,-0.8433914458128857,0.5372996083468239,0.7818314824680298,0.6234898018587336,0.037353704535972164
2026-09-01T20:10:00,717512,56.48519770695052,18.21489537024005,1.8,0.13099695835460734,-0.8433914458128857,0.5372996083468239,0.7818314824680298,0.6234898018587336,0.08402870524443977
2026-09-01T20:10:00,717446,56.91273692217768,18.21489537024005,0.0,0.1244194319664973,-0.8433914458128857,0.5372996083468239,0.7818314824680298,0.6234898018587336,0.07278204135558823
2026-09-01T20:10:00,717445,56.28913093537383,18.21489537024005,0.0,0.13401337022501802,-0.8433914458128857,0.5372996083468239,0.7818314824680298,0.6234898018587336,0.0904585316749336
2026-09-01T20:10:00,717458,54.544335738070366,18.21489537024005,0.0,0.16085637326045588,-0.8433914458128857,0.5372996083468239,0.7818314824680298,0.6234898018587336,0.1301888881157123
2026-09-01T20:10:00,717459,58.37698502708139,18.21489537024005,0.0,0.10189253804490173,-0.8433914458128857,0.5372996083468239,0.7818314824680298,0.6234898018587336,0.1426685593696071
2026-09-01T20:10:00,717460,53.176626338117785,18.21489537024005,1.8,0.18189805633664946,-0.8433914458128857,0.5372996083468239,0.7818314824680298,0.6234898018587336,0.1447387863823917
2026-09-01T20:10:00,717461,56.062567784249005,18.21489537024005,0.0,0.13749895716539995,-0.8433914458128857,0.5372996083468239,0.7818314824680298,0.6234898018587336,0.1969724378256494
2026-09-01T20:10:00,717462,52.79977766926629,18.21489537024005,0.0,0.18769572816513402,-0.8433914458128857,0.5372996083468239,0.7818314824680298,0.6234898018587336,0.25433605508062995
2026-09-01T20:10:00,717463,46.22957897814051,18.21489537024005,0.0,0.2887757080286075,-0.8433914458128857,0.5372996083468239,0.7818314824680298,0.6234898018587336,0.21129448944568083
2026-09-01T20:15:00,717447,61.42059146626259,18.242661445297077,0.0,0.055067823595960075,-0.8314696123025455,0.5555702330196018,0.7818314824680298,0.6234898018587336,0.037353704535972164
2026-09-01T20:15:00,717512,64.466290423939,18.242661445297077,0.0,0.008210916554784564,-0.8314696123025455,0.5555702330196018,0.7818314824680298,0.6234898018587336,0.0989265793419601
2026-09-01T20:15:00,717446,60.71199788533552,18.242661445297077,1.8,0.0659692633025305,-0.8314696123025455,0.5555702330196018,0.7818314824680298,0.6234898018587336,0.07146184267711668
2026-09-01T20:15:00,717445,58.038859118915234,18.242661445297077,0.0,0.10709447509361181,-0.8314696123025455,0.5555702330196018,0.7818314824680298,0.6234898018587336,0.10600679135862508
2026-09-01T20:15:00,717458,61.50936557780291,18.242661445297077,0.0,0.0537020680338014,-0.8314696123025455,0.5555702330196018,0.7818314824680298,0.6234898018587336,0.1403095224294758
2026-09-01T20:15:00,717459,53.41847950613672,18.242661445297077,0.0,0.1781772383671274,-0.8314696123025455,0.5555702330196018,0.7818314824680298,0.6234898018587336,0.15824117235688684
2026-09-01T20:15:00,717460,53.661912082998185,18.242661445297077,0.0,0.17443212180002787,-0.8314696123025455,0.5555702330196018,0.7818314824680298,0.6234898018587336,0.16358175561775304
2026-09-01T20:15:00,717461,56.95011612054453,18.242661445297077,0.0,0.12384436737623805,-0.8314696123025455,0.5555702330196018,0.7818314824680298,0.6234898018587336,0.18155916984874107
2026-09-01T20:15:00,717462,55.09260386827567,18.242661445297077,0.0,0.15242147894960512,-0.8314696123025455,0.5555702330196018,0.7818314824680298,0.6234898018587336,0.24985780657419432
2026-09-01T20:15:00,717463,48.38744004453019,18.242661445297077,0.0,0.2555778454687664,-0.8314696123025455,0.5555702330196018,0.7818314824680298,0.6234898018587336,0.24668795818543912
2026-09-01T20:20:00,717447,64.40545547881192,18.272058250674213,0.0,0.009146838787508993,-0.8191520442889918,0.573576436351046,0.7818314824680298,0.6234898018587336,0.03562161310808202
2026-09-01T20:20:00,717512,59.84962441622509,18.272058250674213,0.0,0.07923654744269093,-0.8191520442889918,0.573576436351046,0.7818314824680298,0.6234898018587336,0.06317454217121532
2026-09-01T20:20:00,717446,54.39613117489292,18.272058250674213,0.0,0.1631364434631858,-0.8191520442889918,0.573576436351046,0.7818314824680298,0.6234898018587336,0.074151578509846
2026-09-01T20:20:00,717445,58.43428915560367,18.272058250674213,0.0,0.10101093606763578,-0.8191520442889918,0.573576436351046,0.7818314824680298,0.6234898018587336,0.10007764620256639
2026-09-01T20:20:00,717458,64.03136856670072,18.272058250674213,0.0,0.01490202205075819,-0.8191520442889918,0.573576436351046,0.7818314824680298,0.6234898018587336,0.11939299578961175
2026-09-01T20:20:00,717459,60.061668090076594,18.272058250674213,1.8,0.07597433707574475,-0.8191520442889918,0.573576436351046,0.7818314824680298,0.6234898018587336,0.13748669473005334
2026-09-01T20:20:00,717460,55.644228524697965,18.272058250674213,0.0,0.14393494577387744,-0.8191520442889918,0.573576436351046,0.7818314824680298,0.6234898018587336,0.16409267797958163
2026-09-01T20:20:00,717461,49.8398103422929,18.272058250674213,0.0,0.2332336870416477,-0.8191520442889918,0.573576436351046,0.7818314824680298,0.6234898018587336,0.153029127189257
2026-09-01T20:20:00,717462,47.27767912376347,18.272058250674213,0.0,0.2726510904036389,-0.8191520442889918,0.573576436351046,0.7818314824680298,0.6234898018587336,0.20165243181572193
2026-09-01T20:20:00,717463,52.32882103708621,18.272058250674213,0.0,0.19494121481405835,-0.8191520442889918,0.573576436351046,0.7818314824680298,0.6234898018587336,0.25626062233736024
2026-09-01T20:25:00,717447,64.49623455989375,18.30307302780284,1.8,0.007750237540096183,-0.8064446042674829,0.591309648363582,0.7818314824680298,0.6234898018587336,0.021404887461156357
2026-09-01T20:25:00,717512,64.23121419813464,18.30307302780284,0.0,0.011827473874851724,-0.8064446042674829,0.591309648363582,0.7818314824680298,0.6234898018587336,0.07281480745069428
2026-09-01T20:25:00,717446,62.65792241931732,18.30307302780284,1.8,0.03603196277973353,-0.8064446042674829,0.591309648363582,0.7818314824680298,0.6234898018587336,0.11784171291073786
2026-09-01T20:25:00,717445,61.72425704549183,18.30307302780284,0.0,0.050396045453971805,-0.8064446042674829,0.591309648363582,0.7818314824680298,0.6234898018587336,0.11403959379542188
2026-09-01T20:25:00,717458,59.31339826059531,18.30307302780284,0.0,0.08748618060622604,-0.8064446042674829,0.591309648363582,0.7818314824680298,0.6234898018587336,0.07648682111500515
2026-09-01T20:25:00,717459,60.8700379165382,18.30307302780284,0.0,0.06353787820710455,-0.8064446042674829,0.591309648363582,0.7818314824680298,0.6234898018587336,0.1186813711625913
2026-09-01T20:25:00,717460,54.50670316210561,18.30307302780284,0.0,0.16143533596760606,-0.8064446042674829,0.591309648363582,0.7818314824680298,0.6234898018587336,0.16675504130351826
2026-09-01T20:25:00,717461,54.98081700408217,18.30307302780284,1.8,0.15414127686027435,-0.8064446042674829,0.591309648363582,0.7818314824680298,0.6234898018587336,0.16485900386109523
2026-09-01T20:25:00,717462,48.45693088615593,18.30307302780284,0.0,0.2545087555976011,-0.8064446042674829,0.591309648363582,0.7818314824680298,0.6234898018587336,0.20425609917279267
2026-09-01T20:25:00,717463,50.8454705676116,18.30307302780284,1.8,0.21776199126751383,-0.8064446042674829,0.591309648363582,0.7818314824680298,0.6234898018587336,0.24643158943714408
2026-09-01T20:30:00,717447,66.5270703767667,18.335692315895024,0.0,0.0,-0.7933533402912357,0.6087614290087199,0.7818314824680298,0.6234898018587336,0.02398829997452175
2026-09-01T20:30:00,717512,64.28174681158363,18.335692315895024,1.8,0.011050049052559574,-0.7933533402912357,0.6087614290087199,0.7818314824680298,0.6234898018587336,0.033091645957442406
2026-09-01T20:30:00,717446,54.0287501676633,18.335692315895024,1.8,0.16878845895902617,-0.7933533402912357,0.6087614290087199,0.7818314824680298,0.6234898018587336,0.08837922318181661
2026-09-01T20:30:00,717445,66.06993720902362,18.335692315895024,0.0,0.0,-0.7933533402912357,0.6087614290087199,0.7818314824680298,0.6234898018587336,0.08616715220507314
2026-09-01T20:30:00,717458,59.21511200721281,18.335692315895024,0.0,0.08899827681211059,-0.7933533402912357,0.6087614290087199,0.7818314824680298,0.6234898018587336,0.05203009023026187
2026-09-01T20:30:00,717459,58.07229771774806,18.335692315895024,1.8,0.10658003511156833,-0.7933533402912357,0.6087614290087199,0.7818314824680298,0.6234898018587336,0.10589648454999223
2026-09-01T20:30:00,717460,54.52131138737906,18.335692315895024,0.0,0.16121059404032223,-0.7933533402912357,0.6087614290087199,0.7818314824680298,0.6234898018587336,0.15993413451383712
2026-09-01T20:30:00,717461,53.93064227216991,18.335692315895024,0.0,0.17029781119738596,-0.7933533402912357,0.6087614290087199,0.7818314824680298,0.6234898018587336,0.1704064437593867
2026-09-01T20:30:00,717462,54.38123766088613,18.335692315895024,0.0,0.16336557444790567,-0.7933533402912357,0.6087614290087199,0.7818314824680298,0.6234898018587336,0.22652710831694836
2026-09-01T20:30:00,717463,54.49962655978899,18.335692315895024,0.0,0.16154420677247705,-0.7933533402912357,0.6087614290087199,0.7818314824680298,0.6234898018587336,0.22276035051677953
2026-09-01T20:35:00,717447,64.74316339669963,18.369901957785714,0.0,0.00395133235846723,-0.7798844830928816,0.6259234721840593,0.7818314824680298,0.6234898018587336,0.005632358775868392
2026-09-01T20:35:00,717512,60.97196627200432,18.369901957785714,0.0,0.06196974966147195,-0.7798844830928816,0.6259234721840593,0.7818314824680298,0.6234898018587336,0.03403802345670074
2026-09-01T20:35:00,717446,58.66812861911759,18.369901957785714,0.0,0.09741340585972935,-0.7798844830928816,0.6259234721840593,0.7818314824680298,0.6234898018587336,0.1226522884006485
2026-09-01T20:35:00,717445,57.27754255238529,18.369901957785714,1.8,0.11880703765561085,-0.7798844830928816,0.6259234721840593,0.7818314824680298,0.6234898018587336,0.05046899384053586
2026-09-01T20:35:00,717458,62.21031094407296,18.369901957785714,0.0,0.04291829316810836,-0.7798844830928816,0.6259234721840593,0.7818314824680298,0.6234898018587336,0.06379549315636494
2026-09-01T20:35:00,717459,60.59850830907526,18.369901957785714,0.0,0.06771525678345758,-0.7798844830928816,0.6259234721840593,0.7818314824680298,0.6234898018587336,0.08203075013147254
2026-09-01T20:35:00,717460,58.03205847779,18.369901957785714,0.0,0.10719910034169222,-0.7798844830928816,0.6259234721840593,0.7818314824680298,0.6234898018587336,0.15552695859393526
2026-09-01T20:35:00,717461,58.585932362290414,18.369901957785714,1.8,0.0986779636570706,-0.7798844830928816,0.6259234721840593,0.7818314824680298,0.6234898018587336,0.18589092503310267
2026-09-01T20:35:00,717462,53.794619481505535,18.369901957785714,1.8,0.17239046951529946,-0.7798844830928816,0.6259234721840593,0.7818314824680298,0.6234898018587336,0.2301751401497152
2026-09-01T20:35:00,717463,55.51078907830977,18.369901957785714,0.0,0.14598786033369582,-0.7798844830928816,0.6259234721840593,0.7818314824680298,0.6234898018587336,0.19141580428468308
2026-09-01T20:40:00,717447,65.58887836442152,18.40568710607708,0.0,0.0,-0.7660444431189781,0.6427876096865393,0.7818314824680298,0.6234898018587336,0.003900523299521138
2026-09-01T20:40:00,717512,65.39466031031223,18.40568710607708,1.8,0.0,-0.7660444431189781,0.6427876096865393,0.7818314824680298,0.6234898018587336,0.028282424196294415
2026-09-01T20:40:00,717446,58.39083090781359,18.40568710607708,0.0,0.10167952449517559,-0.7660444431189781,0.6427876096865393,0.7818314824680298,0.6234898018587336,0.10074460919949635
2026-09-01T20:40:00,717445,52.87196975625972,18.40568710607708,0.0,0.18658508067292734,-0.7660444431189781,0.6427876096865393,0.7818314824680298,0.6234898018587336,0.05640102770319422
2026-09-01T20:40:00,717458,59.95235323599873,18.40568710607708,1.8,0.07765610406155798,-0.7660444431189781,0.6427876096865393,0.7818314824680298,0.6234898018587336,0.07313425019548166
2026-09-01T20:40:00,717459,52.11746765547544,18.40568710607708,0.0,0.19819280530037786,-0.7660444431189781,0.6427876096865393,0.7818314824680298,0.6234898018587336,0.07927772336737682
2026-09-01T20:40:00,717460,55.71360451850912,18.40568710607708,0.0,0.14286762279216736,-0.7660444431189781,0.6427876096865393,0.7818314824680298,0.6234898018587336,0.14328167678320683
2026-09-01T20:40:00,717461,48.9111095285853,18.40568710607708,0.0,0.24752139186791844,-0.7660444431189781,0.6427876096865393,0.7818314824680298,0.6234898018587336,0.14103901723824364
2026-09-01T20:40:00,717462,58.13236363711823,18.40568710607708,0.0,0.10565594404433487,-0.7660444431189781,0.6427876096865393,0.7818314824680298,0.6234898018587336,0.1967549331869354
2026-09-01T20:40:00,717463,56.00376173979099,18.40568710607708,0.0,0.13840366554167716,-0.7660444431189781,0.6427876096865393,0.7818314824680298,0.6234898018587336,0.17509801945789558
2026-09-01T20:45:00,717447,65.18604835619462,18.443032229582496,1.8,0.0,-0.7518398074789772,0.6593458151000691,0.7818314824680298,0.6234898018587336,0.0013171107861557434
2026-09-01T20:45:00,717512,60.40196559548639,18.443032229582496,0.0,0.07073899083867097,-0.7518398074789772,0.6593458151000691,0.7818314824680298,0.6234898018587336,0.024339932904677175
2026-09-01T20:45:00,717446,56.3914624636387,18.443032229582496,1.8,0.132439039020943,-0.7518398074789772,0.6593458151000691,0.7818314824680298,0.6234898018587336,0.12262712977131036
2026-09-01T20:45:00,717445,53.84353364966223,18.443032229582496,0.0,0.17163794385135034,-0.7518398074789772,0.6593458151000691,0.7818314824680298,0.6234898018587336,0.1017973727761794
2026-09-01T20:45:00,717458,57.67566825629321,18.443032229582496,0.0,0.11268202682625839,-0.7518398074789772,0.6593458151000691,0.7818314824680298,0.6234898018587336,0.06985755801392564
2026-09-01T20:45:00,717459,60.22252922431696,18.443032229582496,0.0,0.07349955039512368,-0.7518398074789772,0.6593458151000691,0.7818314824680298,0.6234898018587336,0.1241626990651346
2026-09-01T20:45:00,717460,55.913141586306025,18.443032229582496,0.0,0.13979782174913802,-0.7518398074789772,0.6593458151000691,0.7818314824680298,0.6234898018587336,0.1370924390580606
2026-09-01T20:45:00,717461,57.23536680637725,18.443032229582496,0.0,0.1194558952865038,-0.7518398074789772,0.6593458151000691,0.7818314824680298,0.6234898018587336,0.17216572224079166
2026-09-01T20:45:00,717462,56.19059562250207,18.443032229582496,1.8,0.13552929811535275,-0.7518398074789772,0.6593458151000691,0.7818314824680298,0.6234898018587336,0.14713732933584667
2026-09-01T20:45:00,717463,55.3756283322885,18.443032229582496,0.0,0.14806725642633078,-0.7518398074789772,0.6593458151000691,0.7818314824680298,0.6234898018587336,0.14864524421595002
2026-09-01T20:50:00,717447,58.46925217142049,18.48192112006724,0.0,0.1004730435166078,-0.7372773368101242,0.6755902076156601,0.7818314824680298,0.6234898018587336,0.0013171107861557434
2026-09-01T20:50:00,717512,60.79544446950106,18.48192112006724,1.8,0.06468546969998379,-0.7372773368101242,0.6755902076156601,0.7818314824680298,0.6234898018587336,0.044236246833380975
2026-09-01T20:50:00,717446,63.32174401823185,18.48192112006724,0.0,0.025819322796433175,-0.7372773368101242,0.6755902076156601,0.7818314824680298,0.6234898018587336,0.11051065645861598
2026-09-01T20:50:00,717445,65.16964150126584,18.48192112006724,0.0,0.0,-0.7372773368101242,0.6755902076156601,0.7818314824680298,0.6234898018587336,0.1590100207266295
2026-09-01T20:50:00,717458,62.92852633556413,18.48192112006724,1.8,0.031868825606705675,-0.7372773368101242,0.6755902076156601,0.7818314824680298,0.6234898018587336,0.0777521413519749
2026-09-01T20:50:00,717459,59.1692410945188,18.48192112006724,1.8,0.08970398316124917,-0.7372773368101242,0.6755902076156601,0.7818314824680298,0.6234898018587336,0.1131358708263197
2026-09-01T20:50:00,717460,60.88246481249181,18.48192112006724,0.0,0.06334669519243363,-0.7372773368101242,0.6755902076156601,0.7818314824680298,0.6234898018587336,0.12995484829433254
2026-09-01T20:50:00,717461,56.7456942879574,18.48192112006724,0.0,0.1269893186468093,-0.7372773368101242,0.6755902076156601,0.7818314824680298,0.6234898018587336,0.1552184169371643
2026-09-01T20:50:00,717462,50.0249735317511,18.48192112006724,1.8,0.23038502258844462,-0.7372773368101242,0.6755902076156601,0.7818314824680298,0.6234898018587336,0.13785857055832904
2026-09-01T20:50:00,717463,55.465665783203306,18.48192112006724,0.0,0.14668206487379531,-0.7372773368101242,0.6755902076156601,0.7818314824680298,0.6234898018587336,0.14415292743390126
2026-09-01T20:55:00,717447,67.96848351114255,18.522336899283083,0.0,0.0,-0.7223639620597554,0.6915130557822695,0.7818314824680298,0.6234898018587336,0.03349101450553593
2026-09-01T20:55:00,717512,68.75077946604067,18.522336899283083,0.0,0.0,-0.7223639620597554,0.6915130557822695,0.7818314824680298,0.6234898018587336,0.04514148684621825
2026-09-01T20:55:00,717446,60.26264404392048,18.522336899283083,1.8,0.0728823993243003,-0.7223639620597554,0.6915130557822695,0.7818314824680298,0.6234898018587336,0.08664596210418392
2026-09-01T20:55:00,717445,57.33344559164996,18.522336899283083,1.8,0.1179469908976929,-0.7223639620597554,0.6915130557822695,0.7818314824680298,0.6234898018587336,0.11940767484142589
2026-09-01T20:55:00,717458,62.1529310391342,18.522336899283083,0.0,0.04380106093639691,-0.7223639620597554,0.6915130557822695,0.7818314824680298,0.6234898018587336,0.07406898549817402
2026-09-01T20:55:00,717459,59.65573529859974,18.522336899283083,0.0,0.0822194569446194,-0.7223639620597554,0.6915130557822695,0.7818314824680298,0.6234898018587336,0.12046544628558357
2026-09-01T20:55:00,717460,58.17224948925615,18.522336899283083,0.0,0.1050423155499054,-0.7223639620597554,0.6915130557822695,0.7818314824680298,0.6234898018587336,0.11533737991124633
2026-09-01T20:55:00,717461,59.85414362144221,18.522336899283083,0.0,0.07916702120858132,-0.7223639620597554,0.6915130557822695,0.7818314824680298,0.6234898018587336,0.16465553526707719
2026-09-01T20:55:00,717462,57.34010165957032,18.522336899283083,1.8,0.11784458985276425,-0.7223639620597554,0.6915130557822695,0.7818314824680298,0.6234898018587336,0.1571900882493774
2026-09-01T20:55:00,717463,55.14488069915586,18.522336899283083,0.0,0.15161722001298672,-0.7223639620597554,0.6915130557822695,0.7818314824680298,0.6234898018587336,0.14438432894726774
2026-09-01T21:00:00,717447,63.123593167042685,18.564262026293637,0.0,0.028867797430112585,-0.7071067811865477,0.7071067811865474,0.7818314824680298,0.6234898018587336,0.03349101450553593
2026-09-01T21:00:00,717512,65.57679638788596,18.564262026293637,0.0,0.0,-0.7071067811865477,0.7071067811865474,0.7818314824680298,0.6234898018587336,0.04514148684621825
2026-09-01T21:00:00,717446,58.52353354384844,18.564262026293637,0.0,0.09963794547925486,-0.7071067811865477,0.7071067811865474,0.7818314824680298,0.6234898018587336,0.07704692038055883
2026-09-01T21:00:00,717445,61.76451222353074,18.564262026293637,0.0,0.049776735022604046,-0.7071067811865477,0.7071067811865474,0.7818314824680298,0.6234898018587336,0.0965283115830144
2026-09-01T21:00:00,717458,59.605326685362826,18.564262026293637,0.0,0.08299497407134115,-0.7071067811865477,0.7071067811865474,0.7818314824680298,0.6234898018587336,0.06278397112312033
2026-09-01T21:00:00,717459,53.72283448865655,18.564262026293637,0.0,0.17349485402066844,-0.7071067811865477,0.7071067811865474,0.7818314824680298,0.6234898018587336,0.08180766350033075
2026-09-01T21:00:00,717460,58.56920125620198,18.564262026293637,0.0,0.09893536528920033,-0.7071067811865477,0.7071067811865474,0.7818314824680298,0.6234898018587336,0.10272894416382568
2026-09-01T21:00:00,717461,54.373340032648414,18.564262026293637,0.0,0.16348707642079363,-0.7071067811865477,0.7071067811865474,0.7818314824680298,0.6234898018587336,0.1085374117139648
2026-09-01T21:00:00,717462,56.09336531931066,18.564262026293637,0.0,0.13702514893368223,-0.7071067811865477,0.7071067811865474,0.7818314824680298,0.6234898018587336,0.16125297018552054
2026-09-01T21:00:00,717463,50.83439549810091,18.564262026293637,0.0,0.21793237695229373,-0.7071067811865477,0.7071067811865474,0.7818314824680298,0.6234898018587336,0.14878884710437093
2026-09-01T21:05:00,717447,67.16524706350567,18.60767830508732,0.0,0.0,-0.6915130557822698,0.7223639620597551,0.7818314824680298,0.6234898018587336,0.04311361364890679
2026-09-01T21:05:00,717512,68.42727088619448,18.60767830508732,0.0,0.0,-0.6915130557822698,0.7223639620597551,0.7818314824680298,0.6234898018587336,0.02156182323332793
2026-09-01T21:05:00,717446,55.6861073696009,18.60767830508732,0.0,0.14329065585229384,-0.6915130557822698,0.7223639620597551,0.7818314824680298,0.6234898018587336,0.06611322253332945
2026-09-01T21:05:00,717445,57.412571419501134,18.60767830508732,0.0,0.11672967046921334,-0.6915130557822698,0.7223639620597551,0.7818314824680298,0.6234898018587336,0.05590790864009898
2026-09-01T21:05:00,717458,56.91880425421768,18.60767830508732,0.0,0.12432608839665105,-0.6915130557822698,0.7223639620597551,0.7818314824680298,0.6234898018587336,0.05288828687148125
2026-09-01T21:05:00,717459,54.53761355445584,18.60767830508732,0.0,0.16095979146991013,-0.6915130557822698,0.7223639620597551,0.7818314824680298,0.6234898018587336,0.11513943137551234
2026-09-01T21:05:00,717460,56.75293652959442,18.60767830508732,0.0,0.1268778995447012,-0.6915130557822698,0.7223639620597551,0.7818314824680298,0.6234898018587336,0.08910812534384645
2026-09-01T21:05:00,717461,57.33335581559334,18.60767830508732,1.8,0.11794837206779474,-0.6915130557822698,0.7223639620597551,0.7818314824680298,0.6234898018587336,0.12321447209206142
2026-09-01T21:05:00,717462,57.06655768114255,18.60767830508732,0.0,0.12205295875165312,-0.6915130557822698,0.7223639620597551,0.7818314824680298,0.6234898018587336,0.1617515871249637
2026-09-01T21:05:00,717463,54.59199060229561,18.60767830508732,0.0,0.1601232215031445,-0.6915130557822698,0.7223639620597551,0.7818314824680298,0.6234898018587336,0.17207722061302524
2026-09-01T21:10:00,717447,66.64227794463815,18.652566892474702,0.0,0.0,-0.6755902076156598,0.7372773368101244,0.7818314824680298,0.6234898018587336,0.009622599143370861
2026-09-01T21:10:00,717512,63.260391557460224,18.652566892474702,0.0,0.02676320680830424,-0.6755902076156598,0.7372773368101244,0.7818314824680298,0.6234898018587336,0.0
2026-09-01T21:10:00,717446,60.50165201784365,18.652566892474702,1.8,0.06920535357163615,-0.6755902076156598,0.7372773368101244,0.7818314824680298,0.6234898018587336,0.10527033355194966
2026-09-01T21:10:00,717445,58.26219951989975,18.652566892474702,1.8,0.10365846892461916,-0.6755902076156598,0.7372773368101244,0.7818314824680298,0.6234898018587336,0.09481779879650343
2026-09-01T21:10:00,717458,59.335234788773846,18.652566892474702,0.0,0.0871502340188639,-0.6755902076156598,0.7372773368101244,0.7818314824680298,0.6234898018587336,0.0837073744681297
2026-09-01T21:10:00,717459,55.93055565829749,18.652566892474702,1.8,0.1395299129492693,-0.6755902076156598,0.7372773368101244,0.7818314824680298,0.6234898018587336,0.13889136747839934
2026-09-01T21:10:00,717460,58.514013633925416,18.652566892474702,0.0,0.0997844056319167,-0.6755902076156598,0.7372773368101244,0.7818314824680298,0.6234898018587336,0.11028519346126897
2026-09-01T21:10:00,717461,53.57549821691015,18.652566892474702,1.8,0.17576156589369007,-0.6755902076156598,0.7372773368101244,0.7818314824680298,0.6234898018587336,0.1202008232323899
2026-09-01T21:10:00,717462,53.6058722973408,18.652566892474702,0.0,0.17529427234860306,-0.6755902076156598,0.7372773368101244,0.7818314824680298,0.6234898018587336,0.12564089917936652
2026-09-01T21:10:00,717463,57.09198743049777,18.652566892474702,0.0,0.12166173183849593,-0.6755902076156598,0.7372773368101244,0.7818314824680298,0.6234898018587336,0.17655760615614166
2026-09-01T21:15:00,717447,68.27100133430851,18.698908306266617,0.0,0.0,-0.6593458151000687,0.7518398074789775,0.7818314824680298,0.6234898018587336,0.009622599143370861
2026-09-01T21:15:00,717512,66.96349601876373,18.698908306266617,0.0,0.0,-0.6593458151000687,0.7518398074789775,0.7818314824680298,0.6234898018587336,0.008921068936101414
2026-09-01T21:15:00,717446,62.17129640799319,18.698908306266617,0.0,0.04351851680010477,-0.6593458151000687,0.7518398074789775,0.7818314824680298,0.6234898018587336,0.10404465163439496
2026-09-01T21:15:00,717445,59.47767140246918,18.698908306266617,0.0,0.08495890150047425,-0.6593458151000687,0.7518398074789775,0.7818314824680298,0.6234898018587336,0.09005495813881219
2026-09-01T21:15:00,717458,61.43311158609656,18.698908306266617,0.0,0.05487520636774523,-0.6593458151000687,0.7518398074789775,0.7818314824680298,0.6234898018587336,0.09815709882895203
2026-09-01T21:15:00,717459,56.095195409057744,18.698908306266617,0.0,0.13699699370680396,-0.6593458151000687,0.7518398074789775,0.7818314824680298,0.6234898018587336,0.15799485281328263
2026-09-01T21:15:00,717460,59.75799355386178,18.698908306266617,1.8,0.08064625301751105,-0.6593458151000687,0.7518398074789775,0.7818314824680298,0.6234898018587336,0.10853255682193941
2026-09-01T21:15:00,717461,54.41785418685604,18.698908306266617,0.0,0.16280224327913784,-0.6593458151000687,0.7518398074789775,0.7818314824680298,0.6234898018587336,0.15239900479409282
2026-09-01T21:15:00,717462,54.47401805787705,18.698908306266617,0.0,0.16193818372496838,-0.6593458151000687,0.7518398074789775,0.7818314824680298,0.6234898018587336,0.14479079334464615
2026-09-01T21:15:00,717463,56.22934573820545,18.698908306266617,0.0,0.1349331424891469,-0.6593458151000687,0.7518398074789775,0.7818314824680298,0.6234898018587336,0.1665724434313114
2026-09-01T21:20:00,717447,59.318525507,18.74668243372968,0.0,0.08740729989230778,-0.6427876096865396,0.7660444431189778,0.7818314824680298,0.6234898018587336,0.0
2026-09-01T21:20:00,717512,61.788780665118914,18.74668243372968,0.0,0.04940337438278597,-0.6427876096865396,0.7660444431189778,0.7818314824680298,0.6234898018587336,0.008921068936101414
2026-09-01T21:20:00,717446,63.49241938470872,18.74668243372968,0.0,0.023193547927558233,-0.6427876096865396,0.7660444431189778,0.7818314824680298,0.6234898018587336,0.08533817540801159
2026-09-01T21:20:00,717445,62.93472621418942,18.74668243372968,1.8,0.03177344285862438,-0.6427876096865396,0.7660444431189778,0.7818314824680298,0.6234898018587336,0.10178234696476891
2026-09-01T21:20:00,717458,61.21343397086635,18.74668243372968,0.0,0.058254861986671624,-0.6427876096865396,0.7660444431189778,0.7818314824680298,0.6234898018587336,0.08878384292775339
2026-09-01T21:20:00,717459,58.08857528251045,18.74668243372968,0.0,0.10632961103830085,-0.6427876096865396,0.7660444431189778,0.7818314824680298,0.6234898018587336,0.1458288993753278
2026-09-01T21:20:00,717460,60.20025676790039,18.74668243372968,1.8,0.07384220357076321,-0.6427876096865396,0.7660444431189778,0.7818314824680298,0.6234898018587336,0.10243618606470965
2026-09-01T21:20:00,717461,53.48331354477224,18.74668243372968,0.0,0.17717979161888864,-0.6427876096865396,0.7660444431189778,0.7818314824680298,0.6234898018587336,0.15217072708020754
2026-09-01T21:20:00,717462,52.16497958781509,18.74668243372968,0.0,0.19746185249515247,-0.6427876096865396,0.7660444431189778,0.7818314824680298,0.6234898018587336,0.15309513827507484
2026-09-01T21:20:00,717463,55.06227626672079,18.74668243372968,0.0,0.15288805743506484,-0.6427876096865396,0.7660444431189778,0.7818314824680298,0.6234898018587336,0.13890603194359577
2026-09-01T21:25:00,717447,61.61347371668083,18.79586854031548,0.0,0.052100404358756514,-0.625923472184059,0.7798844830928818,0.7818314824680298,0.6234898018587336,0.02913576663076926
2026-09-01T21:25:00,717512,68.78117024388929,18.79586854031548,1.8,0.0,-0.625923472184059,0.7798844830928818,0.7818314824680298,0.6234898018587336,0.02538886039703007
2026-09-01T21:25:00,717446,64.79962633652802,18.79586854031548,0.0,0.0030826717457227426,-0.625923472184059,0.7798844830928818,0.7818314824680298,0.6234898018587336,0.04530580609976639
2026-09-01T21:25:00,717445,59.51212711476349,18.79586854031548,0.0,0.08442881361902332,-0.625923472184059,0.7798844830928818,0.7818314824680298,0.6234898018587336,0.07346360442790593
2026-09-01T21:25:00,717458,62.58145433566269,18.79586854031548,0.0,0.037208394835958614,-0.625923472184059,0.7798844830928818,0.7818314824680298,0.6234898018587336,0.06676010079109358
2026-09-01T21:25:00,717459,55.136497611962575,18.79586854031548,0.0,0.15174619058519112,-0.625923472184059,0.7798844830928818,0.7818314824680298,0.6234898018587336,0.12761883923145803
2026-09-01T21:25:00,717460,61.98040150291151,18.79586854031548,1.8,0.04645536149366902,-0.625923472184059,0.7798844830928818,0.7818314824680298,0.6234898018587336,0.08475762074006365
2026-09-01T21:25:00,717461,56.4664962002611,18.79586854031548,0.0,0.13128467384213693,-0.625923472184059,0.7798844830928818,0.7818314824680298,0.6234898018587336,0.17191453359723885
2026-09-01T21:25:00,717462,53.43481418145719,18.79586854031548,0.0,0.17792593566988935,-0.625923472184059,0.7798844830928818,0.7818314824680298,0.6234898018587336,0.17823143618957463
2026-09-01T21:25:00,717463,53.12650308808153,18.79586854031548,0.0,0.18266918326028414,-0.625923472184059,0.7798844830928818,0.7818314824680298,0.6234898018587336,0.13649431058756922
2026-09-01T21:30:00,717447,62.610709394412105,18.846445278659612,0.0,0.03675831700904453,-0.608761429008721,0.7933533402912349,0.7818314824680298,0.6234898018587336,0.0465025680836881
2026-09-01T21:30:00,717512,62.99417266992923,18.846445278659612,0.0,0.030858882001088772,-0.608761429008721,0.7933533402912349,0.7818314824680298,0.6234898018587336,0.016467791460928655
2026-09-01T21:30:00,717446,58.92789612437053,18.846445278659612,0.0,0.09341698270199195,-0.608761429008721,0.7933533402912349,0.7818314824680298,0.6234898018587336,0.023264912157795248
2026-09-01T21:30:00,717445,66.72041418650589,18.846445278659612,0.0,0.0,-0.608761429008721,0.7933533402912349,0.7818314824680298,0.6234898018587336,0.06705371932604065
2026-09-01T21:30:00,717458,58.35959868903627,18.846445278659612,1.8,0.10216002016867276,-0.608761429008721,0.7933533402912349,0.7818314824680298,0.6234898018587336,0.05011282106345849
2026-09-01T21:30:00,717459,61.35363282122165,18.846445278659612,1.8,0.056097956596590004,-0.608761429008721,0.7933533402912349,0.7818314824680298,0.6234898018587336,0.1316909317767653
2026-09-01T21:30:00,717460,58.28719271362375,18.846445278659612,0.0,0.1032739582519423,-0.608761429008721,0.7933533402912349,0.7818314824680298,0.6234898018587336,0.06698127269398109
2026-09-01T21:30:00,717461,53.50518031123453,18.846445278659612,0.0,0.17684337982716103,-0.608761429008721,0.7933533402912349,0.7818314824680298,0.6234898018587336,0.1570889029133878
2026-09-01T21:30:00,717462,54.69399845742152,18.846445278659612,0.0,0.15855386988582276,-0.608761429008721,0.7933533402912349,0.7818314824680298,0.6234898018587336,0.17910865729667005
2026-09-01T21:30:00,717463,57.63812130023352,18.846445278659612,0.0,0.11325967230409972,-0.608761429008721,0.7933533402912349,0.7818314824680298,0.6234898018587336,0.1568301277281653
2026-09-01T21:35:00,717447,63.50821297138731,18.898390697846683,0.0,0.022950569670964427,-0.591309648363583,0.8064446042674821,0.7818314824680298,0.6234898018587336,0.05875534042003627
2026-09-01T21:35:00,717512,60.44765594486184,18.898390697846683,1.8,0.07003606238674087,-0.591309648363583,0.8064446042674821,0.7818314824680298,0.6234898018587336,0.02675408546129158
2026-09-01T21:35:00,717446,64.12454342880336,18.898390697846683,0.0,0.013468562633794368,-0.591309648363583,0.8064446042674821,0.7818314824680298,0.6234898018587336,0.039897734125090976
2026-09-01T21:35:00,717445,54.77246907392496,18.898390697846683,0.0,0.1573466296319237,-0.591309648363583,0.8064446042674821,0.7818314824680298,0.6234898018587336,0.03873408549254923
2026-09-01T21:35:00,717458,59.25455051925965,18.898390697846683,0.0,0.08839153047292847,-0.591309648363583,0.8064446042674821,0.7818314824680298,0.6234898018587336,0.06587442566376767
2026-09-01T21:35:00,717459,62.76100480525393,18.898390697846683,0.0,0.03444607991917026,-0.591309648363583,0.8064446042674821,0.7818314824680298,0.6234898018587336,0.10472458607336066
2026-09-01T21:35:00,717460,57.0393017271556,18.898390697846683,0.0,0.12247228112068298,-0.591309648363583,0.8064446042674821,0.7818314824680298,0.6234898018587336,0.07452384110545818
2026-09-01T21:35:00,717461,59.29961576572708,18.898390697846683,0.0,0.08769821898881414,-0.591309648363583,0.8064446042674821,0.7818314824680298,0.6234898018587336,0.16176928176272887
2026-09-01T21:35:00,717462,52.0107585079201,18.898390697846683,1.8,0.1998344844935369,-0.591309648363583,0.8064446042674821,0.7818314824680298,0.6234898018587336,0.17798055268362153
2026-09-01T21:35:00,717463,53.32615505557917,18.898390697846683,1.8,0.17959761452955125,-0.591309648363583,0.8064446042674821,0.7818314824680298,0.6234898018587336,0.1496056376664829
2026-09-01T21:40:00,717447,63.8747944868504,18.95168225293728,0.0,0.01731085404845545,-0.5735764363510465,0.8191520442889916,0.7818314824680298,0.6234898018587336,0.03726976367958849
2026-09-01T21:40:00,717512,65.17805220842877,18.95168225293728,0.0,0.0,-0.5735764363510465,0.8191520442889916,0.7818314824680298,0.6234898018587336,0.03363164812927655
2026-09-01T21:40:00,717446,62.71380414495061,18.95168225293728,0.0,0.03517224392383678,-0.5735764363510465,0.8191520442889916,0.7818314824680298,0.6234898018587336,0.03665607236050302
2026-09-01T21:40:00,717445,55.25050660673138,18.95168225293728,0.0,0.14999220605028651,-0.5735764363510465,0.8191520442889916,0.7818314824680298,0.6234898018587336,0.08059181441698234
2026-09-01T21:40:00,717458,64.43612362060546,18.95168225293728,1.8,0.00867502122145447,-0.5735764363510465,0.8191520442889916,0.7818314824680298,0.6234898018587336,0.07591998182585329
2026-09-01T21:40:00,717459,57.373165881169705,18.95168225293728,1.8,0.11733590952046613,-0.5735764363510465,0.8191520442889916,0.7818314824680298,0.6234898018587336,0.08076340903365047
2026-09-01T21:40:00,717460,57.87788042273327,18.95168225293728,0.0,0.1095710704194881,-0.5735764363510465,0.8191520442889916,0.7818314824680298,0.6234898018587336,0.09073386695543144
2026-09-01T21:40:00,717461,55.58133946123561,18.95168225293728,0.0,0.1449024698271445,-0.5735764363510465,0.8191520442889916,0.7818314824680298,0.6234898018587336,0.13194209088603737
2026-09-01T21:40:00,717462,55.26045757622206,18.95168225293728,0.0,0.14983911421196827,-0.5735764363510465,0.8191520442889916,0.7818314824680298,0.6234898018587336,0.17877143001641635
2026-09-01T21:40:00,717463,53.7928323307067,18.95168225293728,0.0,0.17241796414297383,-0.5735764363510465,0.8191520442889916,0.7818314824680298,0.6234898018587336,0.15850882336464503
2026-09-01T21:45:00,717447,62.26700298630511,19.006296814752748,0.0,0.04204610790299834,-0.555570233019603,0.8314696123025447,0.7818314824680298,0.6234898018587336,0.025673246909488134
2026-09-01T21:45:00,717512,66.04437989457941,19.006296814752748,0.0,0.0,-0.555570233019603,0.8314696123025447,0.7818314824680298,0.6234898018587336,0.03363164812927655
2026-09-01T21:45:00,717446,60.52742410853991,19.006296814752748,0.0,0.06880885986861673,-0.555570233019603,0.8314696123025447,0.7818314824680298,0.6234898018587336,0.04735259641987436
2026-09-01T21:45:00,717445,59.13008466550114,19.006296814752748,0.0,0.09030638976152094,-0.555570233019603,0.8314696123025447,0.7818314824680298,0.6234898018587336,0.10244627856073674
2026-09-01T21:45:00,717458,55.49417932284215,19.006296814752748,0.0,0.14624339503319772,-0.555570233019603,0.8314696123025447,0.7818314824680298,0.6234898018587336,0.06640885728768524
2026-09-01T21:45:00,717459,57.31107631948261,19.006296814752748,0.0,0.1182911335464214,-0.555570233019603,0.8314696123025447,0.7818314824680298,0.6234898018587336,0.06929331534540879
2026-09-01T21:45:00,717460,55.69129940329356,19.006296814752748,0.0,0.14321077841086827,-0.555570233019603,0.8314696123025447,0.7818314824680298,0.6234898018587336,0.11177243659737113
2026-09-01T21:45:00,717461,47.7862233934216,19.006296814752748,0.0,0.26482733240889844,-0.555570233019603,0.8314696123025447,0.7818314824680298,0.6234898018587336,0.1364813562143732
2026-09-01T21:45:00,717462,49.27697496850519,19.006296814752748,0.0,0.2418926927922278,-0.555570233019603,0.8314696123025447,0.7818314824680298,0.6234898018587336,0.1694091561971093
2026-09-01T21:45:00,717463,45.63201358792,19.006296814752748,0.0,0.2979690217243077,-0.555570233019603,0.8314696123025447,0.7818314824680298,0.6234898018587336,0.1550917503255416
2026-09-01T21:50:00,717447,64.26708549264521,19.062210679913537,0.0,0.011275607805458332,-0.537299608346825,0.8433914458128849,0.7818314824680298,0.6234898018587336,0.027435843874139405
2026-09-01T21:50:00,717512,67.91112772367025,19.062210679913537,0.0,0.0,-0.537299608346825,0.8433914458128849,0.7818314824680298,0.6234898018587336,0.023345354128913625
2026-09-01T21:50:00,717446,58.36584821828097,19.062210679913537,0.0,0.10206387356490809,-0.537299608346825,0.8433914458128849,0.7818314824680298,0.6234898018587336,0.03914988880874929
2026-09-01T21:50:00,717445,61.24040276292008,19.062210679913537,0.0,0.05783995749353732,-0.537299608346825,0.8433914458128849,0.7818314824680298,0.6234898018587336,0.13254840848124372
2026-09-01T21:50:00,717458,59.39820707348193,19.062210679913537,0.0,0.08618142963873954,-0.537299608346825,0.8433914458128849,0.7818314824680298,0.6234898018587336,0.08110331557586022
2026-09-01T21:50:00,717459,60.82389554657118,19.062210679913537,0.0,0.0642477608219818,-0.537299608346825,0.8433914458128849,0.7818314824680298,0.6234898018587336,0.09002437432868593
2026-09-01T21:50:00,717460,59.85437503419864,19.062210679913537,1.8,0.07916346101232863,-0.537299608346825,0.8433914458128849,0.7818314824680298,0.6234898018587336,0.1250847099836798
2026-09-01T21:50:00,717461,63.00884066693138,19.062210679913537,0.0,0.03063322050874806,-0.537299608346825,0.8433914458128849,0.7818314824680298,0.6234898018587336,0.16580934040828568
2026-09-01T21:50:00,717462,56.08230548073119,19.062210679913537,0.0,0.13719530029644322,-0.537299608346825,0.8433914458128849,0.7818314824680298,0.6234898018587336,0.19718876383257766
2026-09-01T21:50:00,717463,51.73721455336334,19.062210679913537,0.0,0.20404285302517944,-0.537299608346825,0.8433914458128849,0.7818314824680298,0.6234898018587336,0.21666153346561093
2026-09-01T21:55:00,717447,63.259396977617605,19.11939958112675,0.0,0.02677850803665227,-0.5187732581605214,0.8549118706729466,0.7818314824680298,0.6234898018587336,0.02354418991897071
2026-09-01T21:55:00,717512,62.34217891778622,19.11939958112675,0.0,0.040889555110981246,-0.5187732581605214,0.8549118706729466,0.7818314824680298,0.6234898018587336,0.0
2026-09-01T21:55:00,717446,60.63112562084843,19.11939958112675,0.0,0.06721345198694728,-0.5187732581605214,0.8549118706729466,0.7818314824680298,0.6234898018587336,0.06868165911912054
2026-09-01T21:55:00,717445,66.35218183411017,19.11939958112675,1.8,0.0,-0.5187732581605214,0.8549118706729466,0.7818314824680298,0.6234898018587336,0.09937951776844826
2026-09-01T21:55:00,717458,62.11304453607026,19.11939958112675,1.8,0.044414699445072925,-0.5187732581605214,0.8549118706729466,0.7818314824680298,0.6234898018587336,0.08036661529779725
2026-09-01T21:55:00,717459,54.06212074998835,19.11939958112675,0.0,0.16827506538479453,-0.5187732581605214,0.8549118706729466,0.7818314824680298,0.6234898018587336,0.09995826796295644
2026-09-01T21:55:00,717460,59.19690758545735,19.11939958112675,0.0,0.08927834483911767,-0.5187732581605214,0.8549118706729466,0.7818314824680298,0.6234898018587336,0.11064843661422834
2026-09-01T21:55:00,717461,53.39080305479823,19.11939958112675,0.0,0.17860302992618105,-0.5187732581605214,0.8549118706729466,0.7818314824680298,0.6234898018587336,0.14678767424826367
2026-09-01T21:55:00,717462,57.43443317678615,19.11939958112675,0.0,0.11639333574175148,-0.5187732581605214,0.8549118706729466,0.7818314824680298,0.6234898018587336,0.17630903576687976
2026-09-01T21:55:00,717463,57.47362528012371,19.11939958112675,0.0,0.11579038030578903,-0.5187732581605214,0.8549118706729466,0.7818314824680298,0.6234898018587336,0.224809946297487
2026-09-01T22:00:00,717447,64.27184894230277,19.177838697718432,0.0,0.011202323964572769,-0.5000000000000004,0.8660254037844384,0.7818314824680298,0.6234898018587336,0.02670007458170298
2026-09-01T22:00:00,717512,62.03649304208732,19.177838697718432,0.0,0.04559241473711817,-0.5000000000000004,0.8660254037844384,0.7818314824680298,0.6234898018587336,0.013629851703660415
2026-09-01T22:00:00,717446,66.97885584354316,19.177838697718432,0.0,0.0,-0.5000000000000004,0.8660254037844384,0.7818314824680298,0.6234898018587336,0.07936206180682404
2026-09-01T22:00:00,717445,59.26726611058893,19.177838697718432,0.0,0.08819590599093963,-0.5000000000000004,0.8660254037844384,0.7818314824680298,0.6234898018587336,0.049382115751686086
2026-09-01T22:00:00,717458,57.77734136153238,19.177838697718432,0.0,0.11111782520719415,-0.5000000000000004,0.8660254037844384,0.7818314824680298,0.6234898018587336,0.09227984137233673
2026-09-01T22:00:00,717459,56.11556127869348,19.177838697718432,0.0,0.13668367263548498,-0.5000000000000004,0.8660254037844384,0.7818314824680298,0.6234898018587336,0.11693798658439924
2026-09-01T22:00:00,717460,57.51760669940238,19.177838697718432,0.0,0.11511374308611722,-0.5000000000000004,0.8660254037844384,0.7818314824680298,0.6234898018587336,0.10388419475410486
2026-09-01T22:00:00,717461,57.295026954073954,19.177838697718432,1.8,0.1185380468604007,-0.5000000000000004,0.8660254037844384,0.7818314824680298,0.6234898018587336,0.15802119428127584
2026-09-01T22:00:00,717462,58.21967050399031,19.177838697718432,1.8,0.10431276147707214,-0.5000000000000004,0.8660254037844384,0.7818314824680298,0.6234898018587336,0.16516044294347418
2026-09-01T22:00:00,717463,55.74644554208925,19.177838697718432,0.0,0.14236237627555004,-0.5000000000000004,0.8660254037844384,0.7818314824680298,0.6234898018587336,0.2059340850184254
2026-09-01T22:05:00,717447,66.50386152985561,19.23750266640606,1.8,0.0,-0.48098876891938774,0.8767267557075077,0.7818314824680298,0.6234898018587336,0.016418813268894456
2026-09-01T22:05:00,717512,67.59109961189577,19.23750266640606,0.0,0.0,-0.48098876891938774,0.8767267557075077,0.7818314824680298,0.6234898018587336,0.028827323282699806
2026-09-01T22:05:00,717446,59.59479111985343,19.23750266640606,0.0,0.08315705969456255,-0.48098876891938774,0.8767267557075077,0.7818314824680298,0.6234898018587336,0.05642577518395179
2026-09-01T22:05:00,717445,57.03777332987339,19.23750266640606,0.0,0.12249579492502483,-0.48098876891938774,0.8767267557075077,0.7818314824680298,0.6234898018587336,0.04867862116149232
2026-09-01T22:05:00,717458,61.90547969843006,19.23750266640606,0.0,0.04760800463953763,-0.48098876891938774,0.8767267557075077,0.7818314824680298,0.6234898018587336,0.0805713180970022
2026-09-01T22:05:00,717459,58.5874107840539,19.23750266640606,0.0,0.09865521870686311,-0.48098876891938774,0.8767267557075077,0.7818314824680298,0.6234898018587336,0.12306883294742044
2026-09-01T22:05:00,717460,60.63919683473168,19.23750266640606,0.0,0.06708927946566645,-0.48098876891938774,0.8767267557075077,0.7818314824680298,0.6234898018587336,0.09451851631252117
2026-09-01T22:05:00,717461,56.45716043814144,19.23750266640606,1.8,0.13142830095167013,-0.48098876891938774,0.8767267557075077,0.7818314824680298,0.6234898018587336,0.10925809909844326
2026-09-01T22:05:00,717462,53.548336829072056,19.23750266640606,0.0,0.17617943339889142,-0.48098876891938774,0.8767267557075077,0.7818314824680298,0.6234898018587336,0.11930046583842228
2026-09-01T22:05:00,717463,55.95098004506336,19.23750266640606,0.0,0.13921569161440983,-0.48098876891938774,0.8767267557075077,0.7818314824680298,0.6234898018587336,0.15406520320217285
2026-09-01T22:10:00,717447,65.22325411647606,19.298365592306503,1.8,0.0,-0.46174861323503363,0.8870108331782218,0.7818314824680298,0.6234898018587336,0.01266027733374168
2026-09-01T22:10:00,717512,63.66573960515696,19.298365592306503,1.8,0.02052708299758521,-0.46174861323503363,0.8870108331782218,0.7818314824680298,0.6234898018587336,0.028827323282699806
2026-09-01T22:10:00,717446,69.74453482891876,19.298365592306503,0.0,0.0,-0.46174861323503363,0.8870108331782218,0.7818314824680298,0.6234898018587336,0.05012350389383661
2026-09-01T22:10:00,717445,64.93218878589597,19.298365592306503,1.8,0.0010432494477542464,-0.46174861323503363,0.8870108331782218,0.7818314824680298,0.6234898018587336,0.07023056697198815
2026-09-01T22:10:00,717458,62.34789953526399,19.298365592306503,0.0,0.04080154561132321,-0.46174861323503363,0.8870108331782218,0.7818314824680298,0.6234898018587336,0.0677135097639349
2026-09-01T22:10:00,717459,59.314816324917615,19.298365592306503,0.0,0.08746436423203674,-0.46174861323503363,0.8870108331782218,0.7818314824680298,0.6234898018587336,0.1345379855757142
2026-09-01T22:10:00,717460,57.85803310862956,19.298365592306503,0.0,0.1098764137133913,-0.46174861323503363,0.8870108331782218,0.7818314824680298,0.6234898018587336,0.09049378913030044
2026-09-01T22:10:00,717461,55.66872587450971,19.298365592306503,0.0,0.1435580634690814,-0.46174861323503363,0.8870108331782218,0.7818314824680298,0.6234898018587336,0.14285645924608395
2026-09-01T22:10:00,717462,56.01122136820037,19.298365592306503,0.0,0.13828890202768662,-0.46174861323503363,0.8870108331782218,0.7818314824680298,0.6234898018587336,0.13229517687257167
2026-09-01T22:10:00,717463,52.71399060997638,19.298365592306503,0.0,0.18901552907728647,-0.46174861323503363,0.8870108331782218,0.7818314824680298,0.6234898018587336,0.13245614939858297
2026-09-01T22:15:00,717447,61.41726557282091,19.360401060174716,0.0,0.055118991187370625,-0.4422886902190014,0.8968727415326883,0.7818314824680298,0.6234898018587336,0.003734107988190923
2026-09-01T22:15:00,717512,63.63451536904144,19.360401060174716,0.0,0.021007455860900914,-0.4422886902190014,0.8968727415326883,0.7818314824680298,0.6234898018587336,0.02203983257823446
2026-09-01T22:15:00,717446,63.45699792444426,19.360401060174716,0.0,0.023738493470088273,-0.4422886902190014,0.8968727415326883,0.7818314824680298,0.6234898018587336,0.02771901989818752
2026-09-01T22:15:00,717445,64.2576747247506,19.360401060174716,0.0,0.011420388849990748,-0.4422886902190014,0.8968727415326883,0.7818314824680298,0.6234898018587336,0.07057831678790623
2026-09-01T22:15:00,717458,57.811510456342106,19.360401060174716,0.0,0.11059214682550611,-0.4422886902190014,0.8968727415326883,0.7818314824680298,0.6234898018587336,0.06650912515268499
2026-09-01T22:15:00,717459,59.08618012011024,19.360401060174716,0.0,0.09098184430599632,-0.4422886902190014,0.8968727415326883,0.7818314824680298,0.6234898018587336,0.10760108519146161
2026-09-01T22:15:00,717460,59.34076937274615,19.360401060174716,0.0,0.08706508657313616,-0.4422886902190014,0.8968727415326883,0.7818314824680298,0.6234898018587336,0.09735981208839166
2026-09-01T22:15:00,717461,58.0715708945085,19.360401060174716,0.0,0.10659121700756158,-0.4422886902190014,0.8968727415326883,0.7818314824680298,0.6234898018587336,0.13117480376038407
2026-09-01T22:15:00,717462,60.19717315635159,19.360401060174716,1.8,0.0738896437484371,-0.4422886902190014,0.8968727415326883,0.7818314824680298,0.6234898018587336,0.1395936989678834
2026-09-01T22:15:00,717463,53.32887306029976,19.360401060174716,0.0,0.17955579907231134,-0.4422886902190014,0.8968727415326883,0.7818314824680298,0.6234898018587336,0.15686453232241546
2026-09-01T22:20:00,717447,62.383075997909486,19.423582145868277,0.0,0.04026036926293097,-0.4226182617407,0.9063077870366497,0.7818314824680298,0.6234898018587336,0.018372997062456875
2026-09-01T22:20:00,717512,64.0812987619844,19.423582145868277,0.0,0.014133865200239959,-0.4226182617407,0.9063077870366497,0.7818314824680298,0.6234898018587336,0.013844846286162041
2026-09-01T22:20:00,717446,61.88010929476811,19.423582145868277,0.0,0.04799831854202907,-0.4226182617407,0.9063077870366497,0.7818314824680298,0.6234898018587336,0.03563185105488361
2026-09-01T22:20:00,717445,60.16720314919136,19.423582145868277,1.8,0.07435072078167138,-0.4226182617407,0.9063077870366497,0.7818314824680298,0.6234898018587336,0.04498647774092327
2026-09-01T22:20:00,717458,58.58358887017152,19.423582145868277,0.0,0.0987140173819766,-0.4226182617407,0.9063077870366497,0.7818314824680298,0.6234898018587336,0.06633389902545565
2026-09-01T22:20:00,717459,59.87277324983096,19.423582145868277,0.0,0.07888041154106207,-0.4226182617407,0.9063077870366497,0.7818314824680298,0.6234898018587336,0.0923671424149654
2026-09-01T22:20:00,717460,55.7915919883161,19.423582145868277,0.0,0.1416678155643677,-0.4226182617407,0.9063077870366497,0.7818314824680298,0.6234898018587336,0.08801025991739797
2026-09-01T22:20:00,717461,58.75356933901892,19.423582145868277,0.0,0.09609893324586283,-0.4226182617407,0.9063077870366497,0.7818314824680298,0.6234898018587336,0.12719252714277104
2026-09-01T22:20:00,717462,57.40369270614797,19.423582145868277,1.8,0.11686626605926198,-0.4226182617407,0.9063077870366497,0.7818314824680298,0.6234898018587336,0.12945265972500505
2026-09-01T22:20:00,717463,55.34046509872218,19.423582145868277,0.0,0.14860822925042805,-0.4226182617407,0.9063077870366497,0.7818314824680298,0.6234898018587336,0.16926233992133588
2026-09-01T22:25:00,717447,62.00745387496829,19.487881428032782,0.0,0.04603917115433398,-0.40274668985873663,0.9153114791194474,0.7818314824680298,0.6234898018587336,0.03179312015010053
2026-09-01T22:25:00,717512,64.53938400916189,19.487881428032782,0.0,0.007086399859047798,-0.40274668985873663,0.9153114791194474,0.7818314824680298,0.6234898018587336,0.018556134686242027
2026-09-01T22:25:00,717446,65.67897874323363,19.487881428032782,1.8,0.0,-0.40274668985873663,0.9153114791194474,0.7818314824680298,0.6234898018587336,0.023912270670705782
2026-09-01T22:25:00,717445,63.78084522157989,19.487881428032782,0.0,0.018756227360309463,-0.40274668985873663,0.9153114791194474,0.7818314824680298,0.6234898018587336,0.02893811969313879
2026-09-01T22:25:00,717458,62.12750257689025,19.487881428032782,0.0,0.044192268047842265,-0.40274668985873663,0.9153114791194474,0.7818314824680298,0.6234898018587336,0.08336923660626865
2026-09-01T22:25:00,717459,59.04888315346175,19.487881428032782,0.0,0.09155564379289616,-0.40274668985873663,0.9153114791194474,0.7818314824680298,0.6234898018587336,0.08577554002636505
2026-09-01T22:25:00,717460,57.71804093875858,19.487881428032782,0.0,0.1120301394037142,-0.40274668985873663,0.9153114791194474,0.7818314824680298,0.6234898018587336,0.11286977195029839
2026-09-01T22:25:00,717461,60.19809318431688,19.487881428032782,0.0,0.07387548947204792,-0.40274668985873663,0.9153114791194474,0.7818314824680298,0.6234898018587336,0.11541607124083526
2026-09-01T22:25:00,717462,56.22799101540321,19.487881428032782,0.0,0.1349539843784121,-0.40274668985873663,0.9153114791194474,0.7818314824680298,0.6234898018587336,0.10968160394512856
2026-09-01T22:25:00,717463,55.06543047041359,19.487881428032782,0.0,0.1528395312244063,-0.40274668985873663,0.9153114791194474,0.7818314824680298,0.6234898018587336,0.17239318580000862
2026-09-01T22:30:00,717447,73.25862242397443,19.553271000003072,0.0,0.0,-0.38268343236508956,0.9238795325112868,0.7818314824680298,0.6234898018587336,0.047139510534878526
2026-09-01T22:30:00,717512,62.87613735035332,19.553271000003072,0.0,0.03267480999456429,-0.38268343236508956,0.9238795325112868,0.7818314824680298,0.6234898018587336,0.014075906973396224
2026-09-01T22:30:00,717446,56.32206049625525,19.553271000003072,1.8,0.1335067615960731,-0.38268343236508956,0.9238795325112868,0.7818314824680298,0.6234898018587336,0.023912270670705782
2026-09-01T22:30:00,717445,60.88219445242701,19.553271000003072,0.0,0.06335085457804601,-0.38268343236508956,0.9238795325112868,0.7818314824680298,0.6234898018587336,0.03484244566399053
2026-09-01T22:30:00,717458,59.84904668629555,19.553271000003072,0.0,0.07924543559545305,-0.38268343236508956,0.9238795325112868,0.7818314824680298,0.6234898018587336,0.08449947741844166
2026-09-01T22:30:00,717459,59.78577400775164,19.553271000003072,0.0,0.08021886141920553,-0.38268343236508956,0.9238795325112868,0.7818314824680298,0.6234898018587336,0.08713929987998485
2026-09-01T22:30:00,717460,59.25152356750054,19.553271000003072,0.0,0.0884380989615301,-0.38268343236508956,0.9238795325112868,0.7818314824680298,0.6234898018587336,0.11358768051373935
2026-09-01T22:30:00,717461,50.74485392684746,19.553271000003072,0.0,0.2193099395869621,-0.38268343236508956,0.9238795325112868,0.7818314824680298,0.6234898018587336,0.09218854657515745
2026-09-01T22:30:00,717462,56.9140300092208,19.553271000003072,0.0,0.12439953831967998,-0.38268343236508956,0.9238795325112868,0.7818314824680298,0.6234898018587336,0.10856996472870373
2026-09-01T22:30:00,717463,54.02078309759263,19.553271000003072,0.0,0.16891102926780577,-0.38268343236508956,0.9238795325112868,0.7818314824680298,0.6234898018587336,0.16033451984904856
2026-09-01T22:35:00,717447,64.20644647917348,19.61972248191502,0.0,0.012208515705023348,-0.36243803828370186,0.9320078692827984,0.7818314824680298,0.6234898018587336,0.02876651347242165
2026-09-01T22:35:00,717512,59.00700481651066,19.61972248191502,0.0,0.09219992589983605,-0.36243803828370186,0.9320078692827984,0.7818314824680298,0.6234898018587336,0.01796502501795068
2026-09-01T22:35:00,717446,66.87660281510064,19.61972248191502,0.0,0.0,-0.36243803828370186,0.9320078692827984,0.7818314824680298,0.6234898018587336,0.060501693379367394
2026-09-01T22:35:00,717445,60.13638246425735,19.61972248191502,0.0,0.07482488516527153,-0.36243803828370186,0.9320078692827984,0.7818314824680298,0.6234898018587336,0.05215260090667562
2026-09-01T22:35:00,717458,62.17304044557383,19.61972248191502,1.8,0.043491685452710316,-0.36243803828370186,0.9320078692827984,0.7818314824680298,0.6234898018587336,0.07405057367509064
2026-09-01T22:35:00,717459,56.58284147805056,19.61972248191502,0.0,0.1294947464915298,-0.36243803828370186,0.9320078692827984,0.7818314824680298,0.6234898018587336,0.08355163891772126
2026-09-01T22:35:00,717460,58.71672357235691,19.61972248191502,0.0,0.09666579119450902,-0.36243803828370186,0.9320078692827984,0.7818314824680298,0.6234898018587336,0.11404535130987066
2026-09-01T22:35:00,717461,55.851429467513874,19.61972248191502,0.0,0.14074723896132502,-0.36243803828370186,0.9320078692827984,0.7818314824680298,0.6234898018587336,0.1297614541016243
2026-09-01T22:35:00,717462,57.27750561491849,19.61972248191502,1.8,0.11880760592433093,-0.36243803828370186,0.9320078692827984,0.7818314824680298,0.6234898018587336,0.12540659625245135
2026-09-01T22:35:00,717463,53.3561643323434,19.61972248191502,0.0,0.17913593334856315,-0.36243803828370186,0.9320078692827984,0.7818314824680298,0.6234898018587336,0.15678626324754671
2026-09-01T22:40:00,717447,62.45898391583983,19.68720703302277,0.0,0.03909255514092569,-0.3420201433256686,0.9396926207859084,0.7818314824680298,0.6234898018587336,0.019415895619785777
2026-09-01T22:40:00,717512,63.75370633160215,19.68720703302277,0.0,0.01917374874458222,-0.3420201433256686,0.9396926207859084,0.7818314824680298,0.6234898018587336,0.04398704525114938
2026-09-01T22:40:00,717446,62.408058562956704,19.68720703302277,0.0,0.03987602210835839,-0.3420201433256686,0.9396926207859084,0.7818314824680298,0.6234898018587336,0.0445022538653577
2026-09-01T22:40:00,717445,62.11972397454236,19.68720703302277,0.0,0.04431193885319451,-0.3420201433256686,0.9396926207859084,0.7818314824680298,0.6234898018587336,0.052310655701209
2026-09-01T22:40:00,717458,62.96652907746427,19.68720703302277,0.0,0.03128416803901124,-0.3420201433256686,0.9396926207859084,0.7818314824680298,0.6234898018587336,0.055643129698668546
2026-09-01T22:40:00,717459,55.84413326383876,19.68720703302277,0.0,0.14085948824863437,-0.3420201433256686,0.9396926207859084,0.7818314824680298,0.6234898018587336,0.1004230839012105
2026-09-01T22:40:00,717460,60.40232073109448,19.68720703302277,1.8,0.07073352721393111,-0.3420201433256686,0.9396926207859084,0.7818314824680298,0.6234898018587336,0.09904467651991777
2026-09-01T22:40:00,717461,53.036993947992606,19.68720703302277,1.8,0.18404624695395988,-0.3420201433256686,0.9396926207859084,0.7818314824680298,0.6234898018587336,0.144644222673445
2026-09-01T22:40:00,717462,57.15957089373537,19.68720703302277,0.0,0.12062198625022502,-0.3420201433256686,0.9396926207859084,0.7818314824680298,0.6234898018587336,0.12605370954080766
2026-09-01T22:40:00,717463,56.055219583430784,19.68720703302277,0.0,0.13761200640875715,-0.3420201433256686,0.9396926207859084,0.7818314824680298,0.6234898018587336,0.16696216461359173
2026-09-01T22:45:00,717447,63.59151908302813,19.75569536421593,0.0,0.021668937184182613,-0.32143946530316186,0.9469301294951056,0.7818314824680298,0.6234898018587336,0.01710035694864968
2026-09-01T22:45:00,717512,61.52071164930295,19.75569536421593,0.0,0.053527513087646916,-0.32143946530316186,0.9469301294951056,0.7818314824680298,0.6234898018587336,0.04801616154632752
2026-09-01T22:45:00,717446,60.17787663575493,19.75569536421593,1.8,0.07418651329607806,-0.32143946530316186,0.9469301294951056,0.7818314824680298,0.6234898018587336,0.0577942612348105
2026-09-01T22:45:00,717445,61.62409224312436,19.75569536421593,1.8,0.05193704241347141,-0.32143946530316186,0.9469301294951056,0.7818314824680298,0.6234898018587336,0.06082922619883735
2026-09-01T22:45:00,717458,62.25377666200434,19.75569536421593,0.0,0.04224958981531779,-0.32143946530316186,0.9469301294951056,0.7818314824680298,0.6234898018587336,0.05134042969572487
2026-09-01T22:45:00,717459,58.57206166507871,19.75569536421593,0.0,0.09889135899878909,-0.32143946530316186,0.9469301294951056,0.7818314824680298,0.6234898018587336,0.1168576987197899
2026-09-01T22:45:00,717460,51.262373463914784,19.75569536421593,1.8,0.21134810055515718,-0.32143946530316186,0.9469301294951056,0.7818314824680298,0.6234898018587336,0.08527913912332341
2026-09-01T22:45:00,717461,55.00860653258806,19.75569536421593,0.0,0.1537137456524914,-0.32143946530316186,0.9469301294951056,0.7818314824680298,0.6234898018587336,0.181367808500749
2026-09-01T22:45:00,717462,53.71148112505399,19.75569536421593,0.0,0.17366952115301548,-0.32143946530316186,0.9469301294951056,0.7818314824680298,0.6234898018587336,0.12127637683141197
2026-09-01T22:45:00,717463,55.63509028339735,19.75569536421593,0.0,0.14407553410157914,-0.32143946530316186,0.9469301294951056,0.7818314824680298,0.6234898018587336,0.16188632300837535
2026-09-01T22:50:00,717447,66.59084794617482,19.825157750731474,0.0,0.0,-0.30070579950427384,0.9537169507482267,0.7818314824680298,0.6234898018587336,0.024323336010043883
2026-09-01T22:50:00,717512,64.24440007324526,19.825157750731474,0.0,0.011624614257765287,-0.30070579950427384,0.9537169507482267,0.7818314824680298,0.6234898018587336,0.054967062577355064
2026-09-01T22:50:00,717446,65.21000959525739,19.825157750731474,1.8,0.0,-0.30070579950427384,0.9537169507482267,0.7818314824680298,0.6234898018587336,0.03802084513481215
2026-09-01T22:50:00,717445,64.24420895090705,19.825157750731474,0.0,0.011627554601429946,-0.30070579950427384,0.9537169507482267,0.7818314824680298,0.6234898018587336,0.05702462214397915
2026-09-01T22:50:00,717458,58.77038332947748,19.825157750731474,0.0,0.09584025646957717,-0.30070579950427384,0.9537169507482267,0.7818314824680298,0.6234898018587336,0.03900848110234645
2026-09-01T22:50:00,717459,56.51943368634856,19.825157750731474,0.0,0.1304702509792529,-0.30070579950427384,0.9537169507482267,0.7818314824680298,0.6234898018587336,0.12308186457965109
2026-09-01T22:50:00,717460,57.57015530943711,19.825157750731474,0.0,0.11430530293173669,-0.30070579950427384,0.9537169507482267,0.7818314824680298,0.6234898018587336,0.12624913965453244
2026-09-01T22:50:00,717461,51.54376692981303,19.825157750731474,0.0,0.2070189703105687,-0.30070579950427384,0.9537169507482267,0.7818314824680298,0.6234898018587336,0.1595024105225921
2026-09-01T22:50:00,717462,55.83857555665225,19.825157750731474,1.8,0.14094499143611916,-0.30070579950427384,0.9537169507482267,0.7818314824680298,0.6234898018587336,0.1376997044425238
2026-09-01T22:50:00,717463,52.63137495143221,19.825157750731474,0.0,0.19028653920873528,-0.30070579950427384,0.9537169507482267,0.7818314824680298,0.6234898018587336,0.15360782461963315
2026-09-01T22:55:00,717447,74.22892653871531,19.895564045054563,0.0,0.0,-0.2798290140309924,0.9600498543859286,0.7818314824680298,0.6234898018587336,0.0202538307750361
2026-09-01T22:55:00,717512,67.87869312871474,19.895564045054563,0.0,0.0,-0.2798290140309924,0.9600498543859286,0.7818314824680298,0.6234898018587336,0.028108625363331474
2026-09-01T22:55:00,717446,60.77432699936184,19.895564045054563,0.0,0.06501035385597165,-0.2798290140309924,0.9600498543859286,0.7818314824680298,0.6234898018587336,0.03802084513481215
2026-09-01T22:55:00,717445,58.35490624805156,19.895564045054563,0.0,0.10223221156843754,-0.2798290140309924,0.9600498543859286,0.7818314824680298,0.6234898018587336,0.03595884528936529
2026-09-01T22:55:00,717458,58.15420472296509,19.895564045054563,1.8,0.10531992733899864,-0.2798290140309924,0.9600498543859286,0.7818314824680298,0.6234898018587336,0.0564580047746354
2026-09-01T22:55:00,717459,61.90182350024942,19.895564045054563,1.8,0.04766425384231665,-0.2798290140309924,0.9600498543859286,0.7818314824680298,0.6234898018587336,0.12340703274222546
2026-09-01T22:55:00,717460,60.779692071765126,19.895564045054563,0.0,0.06492781428053651,-0.2798290140309924,0.9600498543859286,0.7818314824680298,0.6234898018587336,0.132128976900275
2026-09-01T22:55:00,717461,60.72008858380816,19.895564045054563,0.0,0.06584479101833596,-0.2798290140309924,0.9600498543859286,0.7818314824680298,0.6234898018587336,0.18159298763900666
2026-09-01T22:55:00,717462,52.84118512995149,19.895564045054563,0.0,0.18705869030843858,-0.2798290140309924,0.9600498543859286,0.7818314824680298,0.6234898018587336,0.1450788329464532
2026-09-01T22:55:00,717463,55.62444226024984,19.895564045054563,0.0,0.14423934984231013,-0.2798290140309924,0.9600498543859286,0.7818314824680298,0.6234898018587336,0.15732469323969053
2026-09-01T23:00:00,717447,62.68346235673115,19.96688369000297,0.0,0.03563904066567469,-0.25881904510252157,0.9659258262890681,0.7818314824680298,0.6234898018587336,0.007222979061394204
2026-09-01T23:00:00,717512,68.62734022623769,19.96688369000297,0.0,0.0,-0.25881904510252157,0.9659258262890681,0.7818314824680298,0.6234898018587336,0.021717375781804066
2026-09-01T23:00:00,717446,60.13255019342599,19.96688369000297,0.0,0.07488384317806163,-0.25881904510252157,0.9659258262890681,0.7818314824680298,0.6234898018587336,0.0463989557173499
2026-09-01T23:00:00,717445,57.74092482934319,19.96688369000297,1.8,0.11167807954856623,-0.25881904510252157,0.9659258262890681,0.7818314824680298,0.6234898018587336,0.05526560286111296
2026-09-01T23:00:00,717458,57.00611820845773,19.96688369000297,0.0,0.12298279679295798,-0.25881904510252157,0.9659258262890681,0.7818314824680298,0.6234898018587336,0.08113659120796453
2026-09-01T23:00:00,717459,58.969243802958616,19.96688369000297,0.0,0.09278086456986745,-0.25881904510252157,0.9659258262890681,0.7818314824680298,0.6234898018587336,0.09234195460678622
2026-09-01T23:00:00,717460,59.8115119737404,19.96688369000297,0.0,0.07982289271168608,-0.25881904510252157,0.9659258262890681,0.7818314824680298,0.6234898018587336,0.13019373925581013
2026-09-01T23:00:00,717461,58.41014978974345,19.96688369000297,0.0,0.10138231092702388,-0.25881904510252157,0.9659258262890681,0.7818314824680298,0.6234898018587336,0.14219250232713201
2026-09-01T23:00:00,717462,52.316567574331735,19.96688369000297,0.0,0.19512972962566566,-0.25881904510252157,0.9659258262890681,0.7818314824680298,0.6234898018587336,0.16722440096585775
2026-09-01T23:00:00,717463,53.07897349108583,19.96688369000297,0.0,0.18340040782944877,-0.25881904510252157,0.9659258262890681,0.7818314824680298,0.6234898018587336,0.15953380771754153
2026-09-01T23:05:00,717447,63.50950677886302,20.039085731989267,1.8,0.022930664940568946,-0.23768589232617435,0.9713420698132611,0.7818314824680298,0.6234898018587336,0.011879680221891564
2026-09-01T23:05:00,717512,60.33862470735457,20.039085731989267,0.0,0.07171346604069895,-0.23768589232617435,0.9713420698132611,0.7818314824680298,0.6234898018587336,0.0038748714192550957
2026-09-01T23:05:00,717446,61.04434406872532,20.039085731989267,0.0,0.060856245096533534,-0.23768589232617435,0.9713420698132611,0.7818314824680298,0.6234898018587336,0.04663139901134442
2026-09-01T23:05:00,717445,65.37493025662005,20.039085731989267,0.0,0.0,-0.23768589232617435,0.9713420698132611,0.7818314824680298,0.6234898018587336,0.07517928190614458
2026-09-01T23:05:00,717458,56.38334498197076,20.039085731989267,0.0,0.132563923354296,-0.23768589232617435,0.9713420698132611,0.7818314824680298,0.6234898018587336,0.10804766020051126
2026-09-01T23:05:00,717459,59.6332916877209,20.039085731989267,0.0,0.0825647432658323,-0.23768589232617435,0.9713420698132611,0.7818314824680298,0.6234898018587336,0.090305123130479
2026-09-01T23:05:00,717460,61.85244425526906,20.039085731989267,0.0,0.048423934534322144,-0.23768589232617435,0.9713420698132611,0.7818314824680298,0.6234898018587336,0.08635200330798642
2026-09-01T23:05:00,717461,60.47733785386355,20.039085731989267,0.0,0.06957941763286846,-0.23768589232617435,0.9713420698132611,0.7818314824680298,0.6234898018587336,0.12474869075197619
2026-09-01T23:05:00,717462,60.39030048173934,20.039085731989267,0.0,0.07091845412708708,-0.23768589232617435,0.9713420698132611,0.7818314824680298,0.6234898018587336,0.17437780379007448
2026-09-01T23:05:00,717463,55.11483136490298,20.039085731989267,0.0,0.15207951746303106,-0.23768589232617435,0.9713420698132611,0.7818314824680298,0.6234898018587336,0.17264209896016472
2026-09-01T23:10:00,717447,66.34152480962392,20.112138834455077,0.0,0.0,-0.21643961393810288,0.9762960071199334,0.7818314824680298,0.6234898018587336,0.019523235202081213
2026-09-01T23:10:00,717512,62.29564067504635,20.112138834455077,1.8,0.041605528076209985,-0.21643961393810288,0.9762960071199334,0.7818314824680298,0.6234898018587336,0.023904488680232983
2026-09-01T23:10:00,717446,58.72765873257834,20.112138834455077,0.0,0.09649755796033321,-0.21643961393810288,0.9762960071199334,0.7818314824680298,0.6234898018587336,0.06691681404352227
2026-09-01T23:10:00,717445,60.96956625232442,20.112138834455077,1.8,0.06200667304116281,-0.21643961393810288,0.9762960071199334,0.7818314824680298,0.6234898018587336,0.0713034303723346
2026-09-01T23:10:00,717458,63.48898435310775,20.112138834455077,0.0,0.023246394567573048,-0.21643961393810288,0.9762960071199334,0.7818314824680298,0.6234898018587336,0.12028888249541754
2026-09-01T23:10:00,717459,52.42558144492115,20.112138834455077,0.0,0.19345259315505925,-0.21643961393810288,0.9762960071199334,0.7818314824680298,0.6234898018587336,0.0743366205593388
2026-09-01T23:10:00,717460,56.42004915092557,20.112138834455077,1.8,0.1319992438319143,-0.21643961393810288,0.9762960071199334,0.7818314824680298,0.6234898018587336,0.06439154717551492
2026-09-01T23:10:00,717461,58.22951548203242,20.112138834455077,0.0,0.10416130027642434,-0.21643961393810288,0.9762960071199334,0.7818314824680298,0.6234898018587336,0.0789355065260761
2026-09-01T23:10:00,717462,55.408786179135966,20.112138834455077,0.0,0.14755713570560047,-0.21643961393810288,0.9762960071199334,0.7818314824680298,0.6234898018587336,0.15103562468706377
2026-09-01T23:10:00,717463,57.88931410373304,20.112138834455077,1.8,0.10939516763487622,-0.21643961393810288,0.9762960071199334,0.7818314824680298,0.6234898018587336,0.15990642504493
2026-09-01T23:15:00,717447,67.94757097587639,20.186011291471445,0.0,0.0,-0.19509032201612872,0.9807852804032303,0.7818314824680298,0.6234898018587336,0.019523235202081213
2026-09-01T23:15:00,717512,59.59930937801753,20.186011291471445,0.0,0.08308754803049956,-0.19509032201612872,0.9807852804032303,0.7818314824680298,0.6234898018587336,0.03777299803896964
2026-09-01T23:15:00,717446,62.84801925912085,20.186011291471445,0.0,0.0331073960135253,-0.19509032201612872,0.9807852804032303,0.7818314824680298,0.6234898018587336,0.07741254874497612
2026-09-01T23:15:00,717445,59.21500584465712,20.186011291471445,0.0,0.0889999100821981,-0.19509032201612872,0.9807852804032303,0.7818314824680298,0.6234898018587336,0.05789491752990968
2026-09-01T23:15:00,717458,57.98020805564766,20.186011291471445,0.0,0.10799679914388216,-0.19509032201612872,0.9807852804032303,0.7818314824680298,0.6234898018587336,0.09293103823827568
2026-09-01T23:15:00,717459,54.99568972683586,20.186011291471445,0.0,0.15391246574098671,-0.19509032201612872,0.9807852804032303,0.7818314824680298,0.6234898018587336,0.12293273366358633
2026-09-01T23:15:00,717460,58.520139079405226,20.186011291471445,0.0,0.09969016800915043,-0.19509032201612872,0.9807852804032303,0.7818314824680298,0.6234898018587336,0.0867486903593075
2026-09-01T23:15:00,717461,60.35892002187129,20.186011291471445,0.0,0.07140123043274937,-0.19509032201612872,0.9807852804032303,0.7818314824680298,0.6234898018587336,0.09170767627877223
2026-09-01T23:15:00,717462,56.380087749397866,20.186011291471445,0.0,0.13261403462464827,-0.19509032201612872,0.9807852804032303,0.7818314824680298,0.6234898018587336,0.13786843981945107
2026-09-01T23:15:00,717463,50.03162535693359,20.186011291471445,0.0,0.2302826868164063,-0.19509032201612872,0.9807852804032303,0.7818314824680298,0.6234898018587336,0.148291697642452
2026-09-01T23:20:00,717447,64.84508439733042,20.26067104149969,1.8,0.0023833169641472862,-0.1736481776669304,0.984807753012208,0.7818314824680298,0.6234898018587336,0.0076435549801896485
2026-09-01T23:20:00,717512,65.3089242887756,20.26067104149969,0.0,0.0,-0.1736481776669304,0.984807753012208,0.7818314824680298,0.6234898018587336,0.0654688473824695
2026-09-01T23:20:00,717446,62.22962099076605,20.26067104149969,0.0,0.04262121552667608,-0.1736481776669304,0.984807753012208,0.7818314824680298,0.6234898018587336,0.06348706635679735
2026-09-01T23:20:00,717445,62.32679551200233,20.26067104149969,0.0,0.04112622289227186,-0.1736481776669304,0.984807753012208,0.7818314824680298,0.6234898018587336,0.050335527707786966
2026-09-01T23:20:00,717458,58.23259002452004,20.26067104149969,0.0,0.10411399962276857,-0.1736481776669304,0.984807753012208,0.7818314824680298,0.6234898018587336,0.08793570568858373
2026-09-01T23:20:00,717459,58.29251944833436,20.26067104149969,0.0,0.1031920084871637,-0.1736481776669304,0.984807753012208,0.7818314824680298,0.6234898018587336,0.14330993405395942
2026-09-01T23:20:00,717460,56.91628591014026,20.26067104149969,0.0,0.12436483215168825,-0.1736481776669304,0.984807753012208,0.7818314824680298,0.6234898018587336,0.09337111545846229
2026-09-01T23:20:00,717461,60.957919818282924,20.26067104149969,0.0,0.062185848949493416,-0.1736481776669304,0.984807753012208,0.7818314824680298,0.6234898018587336,0.08171398278068072
2026-09-01T23:20:00,717462,52.37430698526232,20.26067104149969,0.0,0.19424143099596425,-0.1736481776669304,0.984807753012208,0.7818314824680298,0.6234898018587336,0.11702987481911194
2026-09-01T23:20:00,717463,47.94195954970436,20.26067104149969,0.0,0.2624313915430099,-0.1736481776669304,0.984807753012208,0.7818314824680298,0.6234898018587336,0.16391912397143785
2026-09-01T23:25:00,717447,69.13515864533913,20.33608568130644,0.0,0.0,-0.1521233861899172,0.9883615104677607,0.7818314824680298,0.6234898018587336,0.0007944389880490954
2026-09-01T23:25:00,717512,64.14722352463545,20.33608568130644,0.0,0.013119638082531582,-0.1521233861899172,0.9883615104677607,0.7818314824680298,0.6234898018587336,0.041564358702236515
2026-09-01T23:25:00,717446,59.00585047530284,20.33608568130644,0.0,0.09221768499534089,-0.1521233861899172,0.9883615104677607,0.7818314824680298,0.6234898018587336,0.057408723166844866
2026-09-01T23:25:00,717445,64.06098909229348,20.33608568130644,0.0,0.014446321657023309,-0.1521233861899172,0.9883615104677607,0.7818314824680298,0.6234898018587336,0.06404426867187758
2026-09-01T23:25:00,717458,61.89427683875499,20.33608568130644,0.0,0.047780356326846296,-0.1521233861899172,0.9883615104677607,0.7818314824680298,0.6234898018587336,0.0784523977780746
2026-09-01T23:25:00,717459,63.90714318136207,20.33608568130644,1.8,0.016813181825198864,-0.1521233861899172,0.9883615104677607,0.7818314824680298,0.6234898018587336,0.15018568912773655
2026-09-01T23:25:00,717460,58.37754051914854,20.33608568130644,0.0,0.10188399201309939,-0.1521233861899172,0.9883615104677607,0.7818314824680298,0.6234898018587336,0.11868474799758433
2026-09-01T23:25:00,717461,63.7760786687766,20.33608568130644,0.0,0.018829558941898528,-0.1521233861899172,0.9883615104677607,0.7818314824680298,0.6234898018587336,0.07924945988622238
2026-09-01T23:25:00,717462,55.05534301667743,20.33608568130644,0.0,0.1529947228203472,-0.1521233861899172,0.9883615104677607,0.7818314824680298,0.6234898018587336,0.15813753377540432
2026-09-01T23:25:00,717463,55.90006494150717,20.33608568130644,1.8,0.1399990008998897,-0.1521233861899172,0.9883615104677607,0.7818314824680298,0.6234898018587336,0.20070308199809747
2026-09-01T23:30:00,717447,67.13405202018515,20.41222248002701,0.0,0.0,-0.13052619222005168,0.9914448613738104,0.7818314824680298,0.6234898018587336,0.0007944389880490954
2026-09-01T23:30:00,717512,73.13855088492019,20.41222248002701,0.0,0.0,-0.13052619222005168,0.9914448613738104,0.7818314824680298,0.6234898018587336,0.032069062037677044
2026-09-01T23:30:00,717446,61.32854123572056,20.41222248002701,0.0,0.056483980988914495,-0.13052619222005168,0.9914448613738104,0.7818314824680298,0.6234898018587336,0.05598209884518076
2026-09-01T23:30:00,717445,60.03957795663711,20.41222248002701,0.0,0.076314185282506,-0.13052619222005168,0.9914448613738104,0.7818314824680298,0.6234898018587336,0.048190818210497754
2026-09-01T23:30:00,717458,62.39830752725391,20.41222248002701,0.0,0.04002603804224747,-0.13052619222005168,0.9914448613738104,0.7818314824680298,0.6234898018587336,0.08663038503116567
2026-09-01T23:30:00,717459,55.17712392455829,20.41222248002701,0.0,0.15112117039141093,-0.13052619222005168,0.9914448613738104,0.7818314824680298,0.6234898018587336,0.09130588535111643
2026-09-01T23:30:00,717460,55.59712031587556,20.41222248002701,0.0,0.14465968744806834,-0.13052619222005168,0.9914448613738104,0.7818314824680298,0.6234898018587336,0.10864633072464602
2026-09-01T23:30:00,717461,56.175231369775126,20.41222248002701,0.0,0.13576567123422878,-0.13052619222005168,0.9914448613738104,0.7818314824680298,0.6234898018587336,0.050805546108047106
2026-09-01T23:30:00,717462,60.19478570471177,20.41222248002701,1.8,0.07392637377366507,-0.13052619222005168,0.9914448613738104,0.7818314824680298,0.6234898018587336,0.15995006281365323
2026-09-01T23:30:00,717463,56.40046372230627,20.41222248002701,0.0,0.13230055811836505,-0.13052619222005168,0.9914448613738104,0.7818314824680298,0.6234898018587336,0.21090435975310196
2026-09-01T23:35:00,717447,65.22969873537205,20.48904839337107,0.0,0.0,-0.10886687485196514,0.9940563382223195,0.7818314824680298,0.6234898018587336,0.0007944389880490954
2026-09-01T23:35:00,717512,62.26458085019017,20.48904839337107,0.0,0.042083371535535874,-0.10886687485196514,0.9940563382223195,0.7818314824680298,0.6234898018587336,0.004373212694177194
2026-09-01T23:35:00,717446,56.28562300686004,20.48904839337107,0.0,0.13406733835599938,-0.10886687485196514,0.9940563382223195,0.7818314824680298,0.6234898018587336,0.06377429383697715
2026-09-01T23:35:00,717445,67.52640525562128,20.48904839337107,0.0,0.0,-0.10886687485196514,0.9940563382223195,0.7818314824680298,0.6234898018587336,0.043962243277267055
2026-09-01T23:35:00,717458,60.02614827438636,20.48904839337107,0.0,0.07652079577867144,-0.10886687485196514,0.9940563382223195,0.7818314824680298,0.6234898018587336,0.06397346466395411
2026-09-01T23:35:00,717459,56.79452112184332,20.48904839337107,0.0,0.12623813658702587,-0.10886687485196514,0.9940563382223195,0.7818314824680298,0.6234898018587336,0.0903754535679245
2026-09-01T23:35:00,717460,64.63113101817699,20.48904839337107,0.0,0.005674907412661745,-0.10886687485196514,0.9940563382223195,0.7818314824680298,0.6234898018587336,0.12363617053761866
2026-09-01T23:35:00,717461,52.89633552874989,20.48904839337107,0.0,0.18621022263461717,-0.10886687485196514,0.9940563382223195,0.7818314824680298,0.6234898018587336,0.07226035970854024
2026-09-01T23:35:00,717462,59.26409869857421,20.48904839337107,0.0,0.08824463540655059,-0.10886687485196514,0.9940563382223195,0.7818314824680298,0.6234898018587336,0.14038750919665885
2026-09-01T23:35:00,717463,54.24339852180505,20.48904839337107,0.0,0.16548617658761466,-0.10886687485196514,0.9940563382223195,0.7818314824680298,0.6234898018587336,0.1782436501870882
2026-09-01T23:40:00,717447,67.19291046036258,20.5665300779642,0.0,0.0,-0.08715574274765743,0.9961946980917455,0.7818314824680298,0.6234898018587336,0.0
2026-09-01T23:40:00,717512,65.41521345165549,20.5665300779642,0.0,0.0,-0.08715574274765743,0.9961946980917455,0.7818314824680298,0.6234898018587336,0.018401003206022486
2026-09-01T23:40:00,717446,64.74711130351865,20.5665300779642,1.8,0.003890595330482305,-0.08715574274765743,0.9961946980917455,0.7818314824680298,0.6234898018587336,0.09425633478008492
2026-09-01T23:40:00,717445,68.58299428175349,20.5665300779642,0.0,0.0,-0.08715574274765743,0.9961946980917455,0.7818314824680298,0.6234898018587336,0.030253502313176434
2026-09-01T23:40:00,717458,66.75519326511447,20.5665300779642,0.0,0.0,-0.08715574274765743,0.9961946980917455,0.7818314824680298,0.6234898018587336,0.05477573004925507
2026-09-01T23:40:00,717459,56.93976255099625,20.5665300779642,0.0,0.12400365306159611,-0.08715574274765743,0.9961946980917455,0.7818314824680298,0.6234898018587336,0.09805749626787856
2026-09-01T23:40:00,717460,59.29719602841938,20.5665300779642,1.8,0.08773544571662495,-0.08715574274765743,0.9961946980917455,0.7818314824680298,0.6234898018587336,0.08407286229127649
2026-09-01T23:40:00,717461,51.52309608507616,20.5665300779642,0.0,0.20733698330652062,-0.08715574274765743,0.9961946980917455,0.7818314824680298,0.6234898018587336,0.1136018176035815
2026-09-01T23:40:00,717462,57.88408502468607,20.5665300779642,0.0,0.10947561500482961,-0.08715574274765743,0.9961946980917455,0.7818314824680298,0.6234898018587336,0.10505524400018762
2026-09-01T23:40:00,717463,57.41315008121455,20.5665300779642,0.0,0.11672076798131459,-0.08715574274765743,0.9961946980917455,0.7818314824680298,0.6234898018587336,0.14592857853528982
2026-09-01T23:45:00,717447,58.776476195455466,20.64463390581932,0.0,0.09574652006991591,-0.0654031292301428,0.9978589232386035,0.7818314824680298,0.6234898018587336,0.0
2026-09-01T23:45:00,717512,63.73383065649159,20.64463390581932,0.0,0.019479528361667775,-0.0654031292301428,0.9978589232386035,0.7818314824680298,0.6234898018587336,0.014027790511845292
2026-09-01T23:45:00,717446,64.78712618351149,20.64463390581932,0.0,0.0032749817921309266,-0.0654031292301428,0.9978589232386035,0.7818314824680298,0.6234898018587336,0.0648139715584654
2026-09-01T23:45:00,717445,62.45343165138565,20.64463390581932,0.0,0.03917797459406691,-0.0654031292301428,0.9978589232386035,0.7818314824680298,0.6234898018587336,0.025438061760835334
2026-09-01T23:45:00,717458,56.55019283609728,20.64463390581932,0.0,0.12999703329081103,-0.0654031292301428,0.9978589232386035,0.7818314824680298,0.6234898018587336,0.03884894460697297
2026-09-01T23:45:00,717459,55.63534480622932,20.64463390581932,0.0,0.1440716183657028,-0.0654031292301428,0.9978589232386035,0.7818314824680298,0.6234898018587336,0.13378765334667764
2026-09-01T23:45:00,717460,57.38439851468273,20.64463390581932,0.0,0.11716309977411188,-0.0654031292301428,0.9978589232386035,0.7818314824680298,0.6234898018587336,0.07935668019245168
2026-09-01T23:45:00,717461,55.32826512153734,20.64463390581932,0.0,0.14879592120711782,-0.0654031292301428,0.9978589232386035,0.7818314824680298,0.6234898018587336,0.1764376257251222
2026-09-01T23:45:00,717462,54.39420300290032,20.64463390581932,0.0,0.16316610764768735,-0.0654031292301428,0.9978589232386035,0.7818314824680298,0.6234898018587336,0.09054887472834842
2026-09-01T23:45:00,717463,50.1767411085997,20.64463390581932,0.0,0.2280501367907739,-0.0654031292301428,0.9978589232386035,0.7818314824680298,0.6234898018587336,0.13816916756243144
2026-09-01T23:50:00,717447,65.09414194586088,20.72332597893168,0.0,0.0,-0.043619387365336194,0.9990482215818578,0.7818314824680298,0.6234898018587336,0.03191550668997197
2026-09-01T23:50:00,717512,68.62268926846109,20.72332597893168,0.0,0.0,-0.043619387365336194,0.9990482215818578,0.7818314824680298,0.6234898018587336,0.020520966632401216
2026-09-01T23:50:00,717446,59.06318387536758,20.72332597893168,0.0,0.09133563268665268,-0.043619387365336194,0.9990482215818578,0.7818314824680298,0.6234898018587336,0.04707763849287087
2026-09-01T23:50:00,717445,60.74094599220967,20.72332597893168,0.0,0.065523907812159,-0.043619387365336194,0.9990482215818578,0.7818314824680298,0.6234898018587336,0.01305932486468897
2026-09-01T23:50:00,717458,62.02853248488836,20.72332597893168,0.0,0.04571488484787145,-0.043619387365336194,0.9990482215818578,0.7818314824680298,0.6234898018587336,0.06883927635649416
2026-09-01T23:50:00,717459,54.33383314773882,20.72332597893168,0.0,0.16409487465017192,-0.043619387365336194,0.9990482215818578,0.7818314824680298,0.6234898018587336,0.1314378026714416
2026-09-01T23:50:00,717460,57.92381671602488,20.72332597893168,0.0,0.10886435821500184,-0.043619387365336194,0.9990482215818578,0.7818314824680298,0.6234898018587336,0.07019115096779953
2026-09-01T23:50:00,717461,59.71143104523728,20.72332597893168,0.0,0.08136259930404177,-0.043619387365336194,0.9990482215818578,0.7818314824680298,0.6234898018587336,0.18078104238275186
2026-09-01T23:50:00,717462,52.41918580248044,20.72332597893168,1.8,0.19355098765414702,-0.043619387365336194,0.9990482215818578,0.7818314824680298,0.6234898018587336,0.12029545268635584
2026-09-01T23:50:00,717463,54.6077280509176,20.72332597893168,0.0,0.15988110690895996,-0.043619387365336194,0.9990482215818578,0.7818314824680298,0.6234898018587336,0.1700856937865677
2026-09-01T23:55:00,717447,67.86885297050392,20.80257214399097,0.0,0.0,-0.0218148850345609,0.9997620270799091,0.7818314824680298,0.6234898018587336,0.03191550668997197
2026-09-01T23:55:00,717512,70.77398788178833,20.80257214399097,0.0,0.0,-0.0218148850345609,0.9997620270799091,0.7818314824680298,0.6234898018587336,0.006493176120555925
2026-09-01T23:55:00,717446,62.85352339167587,20.80257214399097,0.0,0.03302271705114046,-0.0218148850345609,0.9997620270799091,0.7818314824680298,0.6234898018587336,0.03283373660308864
2026-09-01T23:55:00,717445,59.259213954508354,20.80257214399097,0.0,0.08831978531525608,-0.0218148850345609,0.9997620270799091,0.7818314824680298,0.6234898018587336,0.03490062746874197
2026-09-01T23:55:00,717458,54.73768713082384,20.80257214399097,0.0,0.15788173644886394,-0.0218148850345609,0.9997620270799091,0.7818314824680298,0.6234898018587336,0.05857063937956083
2026-09-01T23:55:00,717459,56.88264751494378,20.80257214399097,0.0,0.12488234592394187,-0.0218148850345609,0.9997620270799091,0.7818314824680298,0.6234898018587336,0.14405671535915696
2026-09-01T23:55:00,717460,53.62409282137469,20.80257214399097,1.8,0.17501395659423558,-0.0218148850345609,0.9997620270799091,0.7818314824680298,0.6234898018587336,0.10458763456857956
2026-09-01T23:55:00,717461,61.71227419840724,20.80257214399097,0.0,0.050580396947580875,-0.0218148850345609,0.9997620270799091,0.7818314824680298,0.6234898018587336,0.1458318346058934
2026-09-01T23:55:00,717462,58.0674294385933,20.80257214399097,0.0,0.10665493171394924,-0.0218148850345609,0.9997620270799091,0.7818314824680298,0.6234898018587336,0.15539757010222133
2026-09-01T23:55:00,717463,50.83471465566222,20.80257214399097,0.0,0.21792746683596587,-0.0218148850345609,0.9997620270799091,0.7818314824680298,0.6234898018587336,0.16821733722701615
2026-09-02T00:00:00,717447,62.69940788597813,22.0,0.0,0.0353937248311057,0.0,1.0,0.9749279121818236,-0.22252093395631434,0.03191550668997197
2026-09-02T00:00:00,717512,64.00421680773765,22.0,0.0,0.01531974141942083,0.0,1.0,0.9749279121818236,-0.22252093395631434,0.006493176120555925
2026-09-02T00:00:00,717446,65.68630697426222,22.0,0.0,0.0,0.0,1.0,0.9749279121818236,-0.22252093395631434,0.04254444384330802
2026-09-02T00:00:00,717445,62.90505513549815,22.0,0.0,0.032229920992336125,0.0,1.0,0.9749279121818236,-0.22252093395631434,0.06434055590716066
2026-09-02T00:00:00,717458,61.40070756657211,22.0,0.0,0.05537372974504451,0.0,1.0,0.9749279121818236,-0.22252093395631434,0.11119788486251547
2026-09-02T00:00:00,717459,59.60495871537955,22.0,1.8,0.08300063514800693,0.0,1.0,0.9749279121818236,-0.22252093395631434,0.14434961297993887
2026-09-02T00:00:00,717460,54.57893402323853,22.0,0.0,0.1603240919501765,0.0,1.0,0.9749279121818236,-0.22252093395631434,0.1336804715277831
2026-09-02T00:00:00,717461,56.843247628694265,22.0,0.0,0.1254884980200882,0.0,1.0,0.9749279121818236,-0.22252093395631434,0.0935796391529135
2026-09-02T00:00:00,717462,55.28031684873665,22.0,0.0,0.14953358694251306,0.0,1.0,0.9749279121818236,-0.22252093395631434,0.15445734233859454
2026-09-02T00:00:00,717463,49.98728130120702,22.0,0.0,0.2309649030583536,0.0,1.0,0.9749279121818236,-0.22252093395631434,0.2019529035118999
2026-09-02T00:05:00,717447,70.02009183844312,22.08332730530057,0.0,0.0,0.02181488503456112,0.9997620270799091,0.9749279121818236,-0.22252093395631434,0.011797908277035233
2026-09-02T00:05:00,717512,62.03164280016939,22.08332730530057,0.0,0.045667033843547866,0.02181488503456112,0.9997620270799091,0.9749279121818236,-0.22252093395631434,0.005106580473140276
2026-09-02T00:05:00,717446,58.4582038822866,22.08332730530057,0.0,0.10064301719559077,0.02181488503456112,0.9997620270799091,0.9749279121818236,-0.22252093395631434,0.041452783245931046
2026-09-02T00:05:00,717445,60.09153367546309,22.08332730530057,1.8,0.0755148665313371,0.02181488503456112,0.9997620270799091,0.9749279121818236,-0.22252093395631434,0.06202453803991707
2026-09-02T00:05:00,717458,59.42713854345257,22.08332730530057,0.0,0.08573633010072967,0.02181488503456112,0.9997620270799091,0.9749279121818236,-0.22252093395631434,0.08632345034725997
2026-09-02T00:05:00,717459,58.79109964008522,22.08332730530057,0.0,0.09552154399868895,0.02181488503456112,0.9997620270799091,0.9749279121818236,-0.22252093395631434,0.12399261857404024
2026-09-02T00:05:00,717460,56.97881224348527,22.08332730530057,1.8,0.12340288856176507,0.02181488503456112,0.9997620270799091,0.9749279121818236,-0.22252093395631434,0.14806746891980463
2026-09-02T00:05:00,717461,56.55718894113739,22.08332730530057,0.0,0.12988940090557866,0.02181488503456112,0.9997620270799091,0.9749279121818236,-0.22252093395631434,0.08581049809057029
2026-09-02T00:05:00,717462,55.84879387254191,22.08332730530057,0.0,0.14078778657627833,0.02181488503456112,0.9997620270799091,0.9749279121818236,-0.22252093395631434,0.1499131687702031
2026-09-02T00:05:00,717463,54.49348152410931,22.08332730530057,0.0,0.1616387457829337,0.02181488503456112,0.9997620270799091,0.9749279121818236,-0.22252093395631434,0.2029244922677598
2026-09-02T00:10:00,717447,66.17790234692765,22.16661844554408,0.0,0.0,0.043619387365336,0.9990482215818578,0.9749279121818236,-0.22252093395631434,0.011797908277035233
2026-09-02T00:10:00,717512,65.1607565705024,22.16661844554408,0.0,0.0,0.043619387365336,0.9990482215818578,0.9749279121818236,-0.22252093395631434,0.02032892508765623
2026-09-02T00:10:00,717446,64.03852264397956,22.16661844554408,0.0,0.01479195932339139,0.043619387365336,0.9990482215818578,0.9749279121818236,-0.22252093395631434,0.04455524474891041
2026-09-02T00:10:00,717445,63.58682358368609,22.16661844554408,0.0,0.02174117563559863,0.043619387365336,0.9990482215818578,0.9749279121818236,-0.22252093395631434,0.06535485761297644
2026-09-02T00:10:00,717458,58.122947677273366,22.16661844554408,0.0,0.10580080496502509,0.043619387365336,0.9990482215818578,0.9749279121818236,-0.22252093395631434,0.09966393209821271
2026-09-02T00:10:00,717459,57.022882175308816,22.16661844554408,0.0,0.12272488961063366,0.043619387365336,0.9990482215818578,0.9749279121818236,-0.22252093395631434,0.10113484169021258
2026-09-02T00:10:00,717460,60.90164316474737,22.16661844554408,0.0,0.06305164361927129,0.043619387365336,0.9990482215818578,0.9749279121818236,-0.22252093395631434,0.15291364570205904
2026-09-02T00:10:00,717461,55.37761967809995,22.16661844554408,0.0,0.14803662033692389,0.043619387365336,0.9990482215818578,0.9749279121818236,-0.22252093395631434,0.10198609862441592
2026-09-02T00:10:00,717462,55.02714266848744,22.16661844554408,0.0,0.15342857433096246,0.043619387365336,0.9990482215818578,0.9749279121818236,-0.22252093395631434,0.1323254350775802
2026-09-02T00:10:00,717463,53.56584731052084,22.16661844554408,0.0,0.1759100413766025,0.043619387365336,0.9990482215818578,0.9749279121818236,-0.22252093395631434,0.20351037189241772
2026-09-02T00:15:00,717447,71.82747628289901,22.24983727136952,0.0,0.0,0.06540312923014306,0.9978589232386035,0.9749279121818236,-0.22252093395631434,0.011797908277035233
2026-09-02T00:15:00,717512,61.24332607096413,22.24983727136952,0.0,0.05779498352362877,0.06540312923014306,0.9978589232386035,0.9749279121818236,-0.22252093395631434,0.02032892508765623
2026-09-02T00:15:00,717446,59.992139038990175,22.24983727136952,0.0,0.07704401478476652,0.06540312923014306,0.9978589232386035,0.9749279121818236,-0.22252093395631434,0.038478325506327384
2026-09-02T00:15:00,717445,61.36739858885118,22.24983727136952,0.0,0.05588617555613573,0.06540312923014306,0.9978589232386035,0.9749279121818236,-0.22252093395631434,0.04316198771975729
2026-09-02T00:15:00,717458,59.64756255290649,22.24983727136952,0.0,0.0823451914937463,0.06540312923014306,0.9978589232386035,0.9749279121818236,-0.22252093395631434,0.08230362160359976
2026-09-02T00:15:00,717459,55.60946381150205,22.24983727136952,0.0,0.144469787515353,0.06540312923014306,0.9978589232386035,0.9749279121818236,-0.22252093395631434,0.10041568958577651
2026-09-02T00:15:00,717460,57.5241296521433,22.24983727136952,0.0,0.11501338996702615,0.06540312923014306,0.9978589232386035,0.9749279121818236,-0.22252093395631434,0.11559287471040429
2026-09-02T00:15:00,717461,56.64807584684159,22.24983727136952,0.0,0.12849114081782165,0.06540312923014306,0.9978589232386035,0.9749279121818236,-0.22252093395631434,0.13447150642086358
2026-09-02T00:15:00,717462,53.88929114323295,22.24983727136952,0.0,0.1709339824118007,0.06540312923014306,0.9978589232386035,0.9749279121818236,-0.22252093395631434,0.1479166492832513
2026-09-02T00:15:00,717463,53.74815795606631,22.24983727136952,0.0,0.1731052622143645,0.06540312923014306,0.9978589232386035,0.9749279121818236,-0.22252093395631434,0.18950456340596325
2026-09-02T00:20:00,717447,62.7016375080921,22.33294766480124,0.0,0.03535942295242922,0.08715574274765817,0.9961946980917455,0.9749279121818236,-0.22252093395631434,0.0
2026-09-02T00:20:00,717512,60.41581233550103,22.33294766480124,0.0,0.07052596406921496,0.08715574274765817,0.9961946980917455,0.9749279121818236,-0.22252093395631434,0.03448733912239221
2026-09-02T00:20:00,717446,61.356119298208526,22.33294766480124,0.0,0.05605970310448427,0.08715574274765817,0.9961946980917455,0.9749279121818236,-0.22252093395631434,0.06415966376791622
2026-09-02T00:20:00,717445,58.4144781202264,22.33294766480124,0.0,0.10131572122728616,0.08715574274765817,0.9961946980917455,0.9749279121818236,-0.22252093395631434,0.05104740590769049
2026-09-02T00:20:00,717458,56.29523605151413,22.33294766480124,0.0,0.13391944536132105,0.08715574274765817,0.9961946980917455,0.9749279121818236,-0.22252093395631434,0.09129410885316702
2026-09-02T00:20:00,717459,53.44094455123141,22.33294766480124,1.8,0.1778316222887475,0.08715574274765817,0.9961946980917455,0.9749279121818236,-0.22252093395631434,0.12090540704155854
2026-09-02T00:20:00,717460,58.455977920196005,22.33294766480124,0.0,0.10067726276621525,0.08715574274765817,0.9961946980917455,0.9749279121818236,-0.22252093395631434,0.1004893073826875
2026-09-02T00:20:00,717461,55.26103845422108,22.33294766480124,0.0,0.14983017762736806,0.08715574274765817,0.9961946980917455,0.9749279121818236,-0.22252093395631434,0.1354723873534414
2026-09-02T00:20:00,717462,58.52129267785863,22.33294766480124,0.0,0.09967242034063639,0.08715574274765817,0.9961946980917455,0.9749279121818236,-0.22252093395631434,0.1550501144396805
2026-09-02T00:20:00,717463,48.33485368896927,22.33294766480124,0.0,0.2563868663235497,0.08715574274765817,0.9961946980917455,0.9749279121818236,-0.22252093395631434,0.1702180164579669
2026-09-02T00:25:00,717447,63.89318168277519,22.415913554924543,0.0,0.017027974111150868,0.10886687485196457,0.9940563382223196,0.9749279121818236,-0.22252093395631434,0.011786474317476406
2026-09-02T00:25:00,717512,64.44142638169276,22.415913554924543,0.0,0.008593440281649767,0.10886687485196457,0.9940563382223196,0.9749279121818236,-0.22252093395631434,0.04277364919761458
2026-09-02T00:25:00,717446,60.69377035918336,22.415913554924543,0.0,0.06624968678179444,0.10886687485196457,0.9940563382223196,0.9749279121818236,-0.22252093395631434,0.04929855907088073
2026-09-02T00:25:00,717445,61.27612193884772,22.415913554924543,0.0,0.057290431710035006,0.10886687485196457,0.9940563382223196,0.9749279121818236,-0.22252093395631434,0.05964769080634017
2026-09-02T00:25:00,717458,54.660280856456325,22.415913554924543,0.0,0.15907260220836428,0.10886687485196457,0.9940563382223196,0.9749279121818236,-0.22252093395631434,0.10735514727336415
2026-09-02T00:25:00,717459,57.71403641911997,22.415913554924543,0.0,0.1120917473981543,0.10886687485196457,0.9940563382223196,0.9749279121818236,-0.22252093395631434,0.1483420998049114
2026-09-02T00:25:00,717460,55.26069709549263,22.415913554924543,1.8,0.1498354293001134,0.10886687485196457,0.9940563382223196,0.9749279121818236,-0.22252093395631434,0.0929140987841709
2026-09-02T00:25:00,717461,59.37701662837774,22.415913554924543,0.0,0.08650743648649628,0.10886687485196457,0.9940563382223196,0.9749279121818236,-0.22252093395631434,0.1421193129273712
2026-09-02T00:25:00,717462,55.848368268859495,22.415913554924543,0.0,0.14079433432523858,0.10886687485196457,0.9940563382223196,0.9749279121818236,-0.22252093395631434,0.14134499236113318
2026-09-02T00:25:00,717463,56.51225062872594,22.415913554924543,0.0,0.13058075955806248,0.10886687485196457,0.9940563382223196,0.9749279121818236,-0.22252093395631434,0.2018007233048389
2026-09-02T00:30:00,717447,68.47951989894209,22.49869893354091,0.0,0.0,0.13052619222005157,0.9914448613738104,0.9749279121818236,-0.22252093395631434,0.01746246568786003
2026-09-02T00:30:00,717512,62.28210140281349,22.49869893354091,1.8,0.041813824572100144,0.13052619222005157,0.9914448613738104,0.9749279121818236,-0.22252093395631434,0.04563812929149783
2026-09-02T00:30:00,717446,62.921509745555845,22.49869893354091,0.0,0.03197677314529468,0.13052619222005157,0.9914448613738104,0.9749279121818236,-0.22252093395631434,0.06645113489034842
2026-09-02T00:30:00,717445,58.164461775683264,22.49869893354091,0.0,0.10516212652794976,0.13052619222005157,0.9914448613738104,0.9749279121818236,-0.22252093395631434,0.0714974428311523
2026-09-02T00:30:00,717458,61.2811801848313,22.49869893354091,0.0,0.05721261254105692,0.13052619222005157,0.9914448613738104,0.9749279121818236,-0.22252093395631434,0.12511241302114387
2026-09-02T00:30:00,717459,60.51286355992988,22.49869893354091,1.8,0.06903286830877098,0.13052619222005157,0.9914448613738104,0.9749279121818236,-0.22252093395631434,0.14479771906741826
2026-09-02T00:30:00,717460,58.67289419018938,22.49869893354091,0.0,0.0973400893817018,0.13052619222005157,0.9914448613738104,0.9749279121818236,-0.22252093395631434,0.1218420273444516
2026-09-02T00:30:00,717461,55.07897402196689,22.49869893354091,0.0,0.15263116889281703,0.13052619222005157,0.9914448613738104,0.9749279121818236,-0.22252093395631434,0.12160958497722867
2026-09-02T00:30:00,717462,60.75432511733235,22.49869893354091,1.8,0.06531807511796384,0.13052619222005157,0.9914448613738104,0.9749279121818236,-0.22252093395631434,0.13713357902589188
2026-09-02T00:30:00,717463,54.24035109363494,22.49869893354091,0.0,0.165533060097924,0.13052619222005157,0.9914448613738104,0.9749279121818236,-0.22252093395631434,0.1866909626986589
2026-09-02T00:35:00,717447,73.80697370660437,22.581267870796008,0.0,0.0,0.15212338618991672,0.9883615104677607,0.9749279121818236,-0.22252093395631434,0.01746246568786003
2026-09-02T00:35:00,717512,60.58001590295233,22.581267870796008,0.0,0.06799975533919489,0.15212338618991672,0.9883615104677607,0.9749279121818236,-0.22252093395631434,0.04031107630765496
2026-09-02T00:35:00,717446,64.40063889685385,22.581267870796008,0.0,0.009220940048402348,0.15212338618991672,0.9883615104677607,0.9749279121818236,-0.22252093395631434,0.05142872101052446
2026-09-02T00:35:00,717445,64.27379616526808,22.581267870796008,0.0,0.011172366688183333,0.15212338618991672,0.9883615104677607,0.9749279121818236,-0.22252093395631434,0.08792275982175697
2026-09-02T00:35:00,717458,57.03190759972102,22.581267870796008,0.0,0.12258603692736891,0.15212338618991672,0.9883615104677607,0.9749279121818236,-0.22252093395631434,0.11673488670358075
2026-09-02T00:35:00,717459,58.22916462425568,22.581267870796008,0.0,0.10416669808837409,0.15212338618991672,0.9883615104677607,0.9749279121818236,-0.22252093395631434,0.11965207933189093
2026-09-02T00:35:00,717460,53.60658356434813,22.581267870796008,0.0,0.17528332977925953,0.15212338618991672,0.9883615104677607,0.9749279121818236,-0.22252093395631434,0.11595092714934348
2026-09-02T00:35:00,717461,60.20772951529671,22.581267870796008,0.0,0.07372723822620442,0.15212338618991672,0.9883615104677607,0.9749279121818236,-0.22252093395631434,0.12965626100222713
2026-09-02T00:35:00,717462,55.09401584971322,22.581267870796008,0.0,0.15239975615825807,0.15212338618991672,0.9883615104677607,0.9749279121818236,-0.22252093395631434,0.10192827659461294
2026-09-02T00:35:00,717463,51.672702109242046,22.581267870796008,0.0,0.20503535216550695,0.15212338618991672,0.9883615104677607,0.9749279121818236,-0.22252093395631434,0.18416689532651206
2026-09-02T00:40:00,717447,67.91617089657852,22.66358453077366,0.0,0.0,0.17364817766693033,0.984807753012208,0.9749279121818236,-0.22252093395631434,0.005675991370383622
2026-09-02T00:40:00,717512,63.76008609322345,22.66358453077366,0.0,0.019075598565793106,0.17364817766693033,0.984807753012208,0.9749279121818236,-0.22252093395631434,0.0394690067309816
2026-09-02T00:40:00,717446,65.05811980377757,22.66358453077366,1.8,0.0,0.17364817766693033,0.984807753012208,0.9749279121818236,-0.22252093395631434,0.03581579999183049
2026-09-02T00:40:00,717445,62.67166844669132,22.66358453077366,0.0,0.03582048543551819,0.17364817766693033,0.984807753012208,0.9749279121818236,-0.22252093395631434,0.05787497497538937
2026-09-02T00:40:00,717458,57.30265210076749,22.66358453077366,0.0,0.11842073691126942,0.17364817766693033,0.984807753012208,0.9749279121818236,-0.22252093395631434,0.11295708389226337
2026-09-02T00:40:00,717459,57.384278979469485,22.66358453077366,0.0,0.11716493877739254,0.17364817766693033,0.984807753012208,0.9749279121818236,-0.22252093395631434,0.09509710459843312
2026-09-02T00:40:00,717460,55.34695280954397,22.66358453077366,1.8,0.14850841831470818,0.17364817766693033,0.984807753012208,0.9749279121818236,-0.22252093395631434,0.14081961615369157
2026-09-02T00:40:00,717461,53.1985089289403,22.66358453077366,0.0,0.18156140109322616,0.17364817766693033,0.984807753012208,0.9749279121818236,-0.22252093395631434,0.10428861453517257
2026-09-02T00:40:00,717462,50.51898523675912,22.66358453077366,0.0,0.22278484251139818,0.17364817766693033,0.984807753012208,0.9749279121818236,-0.22252093395631434,0.11950405520048683
2026-09-02T00:40:00,717463,60.26777069106781,22.66358453077366,0.0,0.07280352782972599,0.17364817766693033,0.984807753012208,0.9749279121818236,-0.22252093395631434,0.1670497239404978
2026-09-02T00:45:00,717447,65.81726418888387,22.74561318704908,0.0,0.0,0.19509032201612825,0.9807852804032304,0.9749279121818236,-0.22252093395631434,0.0
2026-09-02T00:45:00,717512,65.05239526838693,22.74561318704908,0.0,0.0,0.19509032201612825,0.9807852804032304,0.9749279121818236,-0.22252093395631434,0.04296305949236271
2026-09-02T00:45:00,717446,65.87632035087032,22.74561318704908,0.0,0.0,0.19509032201612825,0.9807852804032304,0.9749279121818236,-0.22252093395631434,0.013732571064565676
2026-09-02T00:45:00,717445,59.75628408630224,22.74561318704908,1.8,0.08067255251842709,0.19509032201612825,0.9807852804032304,0.9749279121818236,-0.22252093395631434,0.05071832621721709
2026-09-02T00:45:00,717458,56.19241278641721,22.74561318704908,0.0,0.13550134174742756,0.19509032201612825,0.9807852804032304,0.9749279121818236,-0.22252093395631434,0.09940646212656508
2026-09-02T00:45:00,717459,61.172409676866536,22.74561318704908,0.0,0.058886004971284045,0.19509032201612825,0.9807852804032304,0.9749279121818236,-0.22252093395631434,0.09678816839151254
2026-09-02T00:45:00,717460,54.2008242036524,22.74561318704908,0.0,0.1661411660976554,0.19509032201612825,0.9807852804032304,0.9749279121818236,-0.22252093395631434,0.1403772791585565
2026-09-02T00:45:00,717461,58.69675905416542,22.74561318704908,0.0,0.09697293762822434,0.19509032201612825,0.9807852804032304,0.9749279121818236,-0.22252093395631434,0.13597326940408253
2026-09-02T00:45:00,717462,50.98853134522929,22.74561318704908,0.0,0.21556105622724164,0.19509032201612825,0.9807852804032304,0.9749279121818236,-0.22252093395631434,0.14683422459587336
2026-09-02T00:45:00,717463,50.41169067182736,22.74561318704908,1.8,0.22443552812573297,0.19509032201612825,0.9807852804032304,0.9749279121818236,-0.22252093395631434,0.147790646697719
2026-09-02T00:50:00,717447,63.07675619858449,22.827318238194565,0.0,0.029588366175623215,0.21643961393810288,0.9762960071199334,0.9749279121818236,-0.22252093395631434,0.0
2026-09-02T00:50:00,717512,65.77716302993981,22.827318238194565,0.0,0.0,0.21643961393810288,0.9762960071199334,0.9749279121818236,-0.22252093395631434,0.029025117968329333
2026-09-02T00:50:00,717446,67.45636291718216,22.827318238194565,0.0,0.0,0.21643961393810288,0.9762960071199334,0.9749279121818236,-0.22252093395631434,0.0030736466828007827
2026-09-02T00:50:00,717445,62.647479886565584,22.827318238194565,0.0,0.036192617129760296,0.21643961393810288,0.9762960071199334,0.9749279121818236,-0.22252093395631434,0.042555134880709534
2026-09-02T00:50:00,717458,58.38453129138156,22.827318238194565,0.0,0.10177644167105282,0.21643961393810288,0.9762960071199334,0.9749279121818236,-0.22252093395631434,0.1255027051953553
2026-09-02T00:50:00,717459,61.73125549725627,22.827318238194565,0.0,0.050288376965288095,0.21643961393810288,0.9762960071199334,0.9749279121818236,-0.22252093395631434,0.09340588061235022
2026-09-02T00:50:00,717460,53.3115235587056,22.827318238194565,0.0,0.17982271448145226,0.21643961393810288,0.9762960071199334,0.9749279121818236,-0.22252093395631434,0.1633109713972077
2026-09-02T00:50:00,717461,53.84536349867018,22.827318238194565,0.0,0.1716097923281511,0.21643961393810288,0.9762960071199334,0.9749279121818236,-0.22252093395631434,0.1174205256492183
2026-09-02T00:50:00,717462,55.63872060302605,22.827318238194565,0.0,0.14401968303036838,0.21643961393810288,0.9762960071199334,0.9749279121818236,-0.22252093395631434,0.19691521829896597
2026-09-02T00:50:00,717463,56.47647324669039,22.827318238194565,0.0,0.13113118082014785,0.21643961393810288,0.9762960071199334,0.9749279121818236,-0.22252093395631434,0.16742480270698865
2026-09-02T00:55:00,717447,64.37399488334533,22.908664223230947,0.0,0.009630847948533305,0.23768589232617307,0.9713420698132614,0.9749279121818236,-0.22252093395631434,0.009862788725207738
2026-09-02T00:55:00,717512,62.86199465980965,22.908664223230947,0.0,0.03289238984908227,0.23768589232617307,0.9713420698132614,0.9749279121818236,-0.22252093395631434,0.006358532855264369
2026-09-02T00:55:00,717446,61.82809999515336,22.908664223230947,1.8,0.04879846161302526,0.23768589232617307,0.9713420698132614,0.9749279121818236,-0.22252093395631434,0.0
2026-09-02T00:55:00,717445,64.64633693598616,22.908664223230947,0.0,0.00544097021559764,0.23768589232617307,0.9713420698132614,0.9749279121818236,-0.22252093395631434,0.050895218361235194
2026-09-02T00:55:00,717458,57.92308790029669,22.908664223230947,0.0,0.10887557076466625,0.23768589232617307,0.9713420698132614,0.9749279121818236,-0.22252093395631434,0.11856617344324993
2026-09-02T00:55:00,717459,56.06377748807743,22.908664223230947,1.8,0.13748034633727035,0.23768589232617307,0.9713420698132614,0.9749279121818236,-0.22252093395631434,0.07544644023798823
2026-09-02T00:55:00,717460,56.98276994719566,22.908664223230947,0.0,0.12334200081237445,0.23768589232617307,0.9713420698132614,0.9749279121818236,-0.22252093395631434,0.16482409963127195
2026-09-02T00:55:00,717461,60.3011728320153,22.908664223230947,1.8,0.07228964873822619,0.23768589232617307,0.9713420698132614,0.9749279121818236,-0.22252093395631434,0.15004804368320054
2026-09-02T00:55:00,717462,53.429931960124485,22.908664223230947,0.0,0.17800104676731565,0.23768589232617307,0.9713420698132614,0.9749279121818236,-0.22252093395631434,0.1941218605896694
2026-09-02T00:55:00,717463,53.41907287319242,22.908664223230947,0.0,0.17816810964319352,0.23768589232617307,0.9713420698132614,0.9749279121818236,-0.22252093395631434,0.14279007892520226
