timestamp,sensor_id,speed,temperature,precipitation
2026-09-01T00:00:00,717447,66.49014245902548,22.0,0.0
2026-09-01T00:00:00,717512,63.385207096478226,22.0,0.0
2026-09-01T00:00:00,717446,61.897539875821785,22.0,1.8
2026-09-01T00:00:00,717445,60.69758912914424,22.0,0.0
2026-09-01T00:00:00,717458,64.93763844651396,22.0,1.8
2026-09-01T00:00:00,717459,61.30230418745052,22.0,0.0
2026-09-01T00:00:00,717460,56.391576842186936,22.0,0.0
2026-09-01T00:00:00,717461,58.22768013074968,22.0,0.0
2026-09-01T00:00:00,717462,56.125886814689885,22.0,0.0
2026-09-01T00:00:00,717463,48.460159266018394,22.0,0.0
2026-09-01T00:05:00,717447,61.96150663898228,22.08332730530057,0.0
2026-09-01T00:05:00,717512,64.74274199777136,22.08332730530057,0.0
2026-09-01T00:05:00,717446,66.9969463067502,22.08332730530057,0.0
2026-09-01T00:05:00,717445,60.72267109852594,22.08332730530057,0.0
2026-09-01T00:05:00,717458,58.56685182641,22.08332730530057,0.0
2026-09-01T00:05:00,717459,59.33276776911515,22.08332730530057,0.0
2026-09-01T00:05:00,717460,55.99808393022913,22.08332730530057,0.0
2026-09-01T00:05:00,717461,55.72491875060572,22.08332730530057,0.0
2026-09-01T00:05:00,717462,55.35950832577175,22.08332730530057,1.8
2026-09-01T00:05:00,717463,51.026867213117846,22.08332730530057,0.0
2026-09-01T00:10:00,717447,67.46763473628431,22.166618445544078,0.0
2026-09-01T00:10:00,717512,60.137469050061675,22.166618445544078,0.0
2026-09-01T00:10:00,717446,58.61544185327946,22.166618445544078,0.0
2026-09-01T00:10:00,717445,61.99058370758211,22.166618445544078,0.0
2026-09-01T00:10:00,717458,62.415399739960975,22.166618445544078,1.8
2026-09-01T00:10:00,717459,59.51410484354466,22.166618445544078,0.0
2026-09-01T00:10:00,717460,57.45305515281002,22.166618445544078,0.0
2026-09-01T00:10:00,717461,55.69668891320688,22.166618445544078,0.0
2026-09-01T00:10:00,717462,54.018083687095384,22.166618445544078,0.0
2026-09-01T00:10:00,717463,57.3713666786315,22.166618445544078,0.0
2026-09-01T00:15:00,717447,65.97225190814049,22.249837271369522,1.8
2026-09-01T00:15:00,717512,62.64475315870715,22.249837271369522,0.0
2026-09-01T00:15:00,717446,60.569233999038225,22.249837271369522,1.8
2026-09-01T00:15:00,717445,63.23502886647871,22.249837271369522,0.0
2026-09-01T00:15:00,717458,63.29299856744396,22.249837271369522,0.0
2026-09-01T00:15:00,717459,61.7938403573047,22.249837271369522,1.8
2026-09-01T00:15:00,717460,55.28234743028818,22.249837271369522,0.0
2026-09-01T00:15:00,717461,55.672362872402466,22.249837271369522,0.0
2026-09-01T00:15:00,717462,53.96247728642023,22.249837271369522,0.0
2026-09-01T00:15:00,717463,53.643023069964656,22.249837271369522,0.0
2026-09-01T00:20:00,717447,67.4375774671067,22.332947664801242,0.0
2026-09-01T00:20:00,717512,67.86872008563658,22.332947664801242,0.0
2026-09-01T00:20:00,717446,63.68490807506702,22.332947664801242,0.0
2026-09-01T00:20:00,717445,59.46464073610874,22.332947664801242,0.0
2026-09-01T00:20:00,717458,60.09252188259427,22.332947664801242,0.0
2026-09-01T00:20:00,717459,63.69393096736613,22.332947664801242,0.0
2026-09-01T00:20:00,717460,58.06114120463863,22.332947664801242,0.0
2026-09-01T00:20:00,717461,55.70297794852652,22.332947664801242,0.0
2026-09-01T00:20:00,717462,54.74098433641158,22.332947664801242,0.0
2026-09-01T00:20:00,717463,55.27133771445935,22.332947664801242,0.0
2026-09-01T00:25:00,717447,62.57451919119001,22.415913554924543,0.0
2026-09-01T00:25:00,717512,62.29472886911596,22.415913554924543,0.0
2026-09-01T00:25:00,717446,65.34620635297578,22.415913554924543,0.0
2026-09-01T00:25:00,717445,62.38625332884862,22.415913554924543,0.0
2026-09-01T00:25:00,717458,60.49123264791369,22.415913554924543,0.0
2026-09-01T00:25:00,717459,61.90593497146824,22.415913554924543,0.0
2026-09-01T00:25:00,717460,55.69384071823751,22.415913554924543,0.0
2026-09-01T00:25:00,717461,55.617013560076266,22.415913554924543,0.0
2026-09-01T00:25:00,717462,56.288360831063294,22.415913554924543,1.8
2026-09-01T00:25:00,717463,54.98316581640924,22.415913554924543,0.0
2026-09-01T00:30:00,717447,60.75388777362582,22.49869893354091,1.8
2026-09-01T00:30:00,717512,62.53806403148098,22.49869893354091,0.0
2026-09-01T00:30:00,717446,62.11614286477903,22.49869893354091,0.0
2026-09-01T00:30:00,717445,62.61215257022068,22.49869893354091,0.0
2026-09-01T00:30:00,717458,60.97265117194536,22.49869893354091,0.0
2026-09-01T00:30:00,717459,58.77666225247856,22.49869893354091,0.0
2026-09-01T00:30:00,717460,52.043686353879934,22.49869893354091,0.0
2026-09-01T00:30:00,717461,56.52045837342941,22.49869893354091,1.8
2026-09-01T00:30:00,717462,55.580690629600134,22.49869893354091,1.8
2026-09-01T00:30:00,717463,61.58972633723292,22.49869893354091,0.0
2026-09-01T00:35:00,717447,64.42291710527766,22.581267870796008,1.8
2026-09-01T00:35:00,717512,64.70464202662185,22.581267870796008,0.0
2026-09-01T00:35:00,717446,66.02846844316608,22.581267870796008,0.0
2026-09-01T00:35:00,717445,63.655799097681346,22.581267870796008,0.0
2026-09-01T00:35:00,717458,64.40838293242932,22.581267870796008,0.0
2026-09-01T00:35:00,717459,54.794446811244185,22.581267870796008,0.0
2026-09-01T00:35:00,717460,54.828391024228964,22.581267870796008,1.8
2026-09-01T00:35:00,717461,54.90110681081271,22.581267870796008,0.0
2026-09-01T00:35:00,717462,50.74800970642263,22.581267870796008,0.0
2026-09-01T00:35:00,717463,54.40568892403911,22.581267870796008,0.0
2026-09-01T00:40:00,717447,62.24172729665795,22.66358453077366,0.0
2026-09-01T00:40:00,717512,68.44980321441197,22.66358453077366,1.8
2026-09-01T00:40:00,717446,60.250240122350654,22.66358453077366,0.0
2026-09-01T00:40:00,717445,60.43381545074234,22.66358453077366,0.0
2026-09-01T00:40:00,717458,62.64055165146837,22.66358453077366,0.0
2026-09-01T00:40:00,717459,55.30740705005749,22.66358453077366,0.0
2026-09-01T00:40:00,717460,52.977550295675684,22.66358453077366,1.8
2026-09-01T00:40:00,717461,57.15390157495627,22.66358453077366,0.0
2026-09-01T00:40:00,717462,56.179648382104624,22.66358453077366,0.0
2026-09-01T00:40:00,717463,56.54546861469129,22.66358453077366,0.0
2026-09-01T00:45:00,717447,66.56582469577374,22.74561318704908,0.0
2026-09-01T00:45:00,717512,64.6909540186226,22.74561318704908,0.0
2026-09-01T00:45:00,717446,60.559925834187574,22.74561318704908,0.0
2026-09-01T00:45:00,717445,62.096761090406055,22.74561318704908,0.0
2026-09-01T00:45:00,717458,61.079217418819084,22.74561318704908,1.8
2026-09-01T00:45:00,717459,56.85694574484394,22.74561318704908,0.0
2026-09-01T00:45:00,717460,63.397323532357305,22.74561318704908,0.0
2026-09-01T00:45:00,717461,58.021498761658414,22.74561318704908,0.0
2026-09-01T00:45:00,717462,52.47595498824108,22.74561318704908,0.0
2026-09-01T00:45:00,717463,56.561253810150404,22.74561318704908,0.0
2026-09-01T00:50:00,717447,67.89012838593253,22.827318238194565,0.0
2026-09-01T00:50:00,717512,65.03834277900904,22.827318238194565,0.0
2026-09-01T00:50:00,717446,61.86383565019094,22.827318238194565,0.0
2026-09-01T00:50:00,717445,59.13879150512709,22.827318238194565,0.0
2026-09-01T00:50:00,717458,59.96869486995725,22.827318238194565,0.0
2026-09-01T00:50:00,717459,60.02345592264949,22.827318238194565,0.0
2026-09-01T00:50:00,717460,57.83900567383327,22.827318238194565,0.0
2026-09-01T00:50:00,717461,60.960602229671515,22.827318238194565,0.0
2026-09-01T00:50:00,717462,57.277002041494576,22.827318238194565,0.0
2026-09-01T00:50:00,717463,51.62852732895071,22.827318238194565,1.8
2026-09-01T00:55:00,717447,61.787322502823386,22.908664223230947,0.0
2026-09-01T00:55:00,717512,65.24741724273628,22.908664223230947,0.0
2026-09-01T00:55:00,717446,61.929611641029176,22.908664223230947,1.8
2026-09-01T00:55:00,717445,63.542001479282995,22.908664223230947,0.0
2026-09-01T00:55:00,717458,61.61971287072737,22.908664223230947,0.0
2026-09-01T00:55:00,717459,58.7815132590361,22.908664223230947,0.0
2026-09-01T00:55:00,717460,55.259618842801515,22.908664223230947,0.0
2026-09-01T00:55:00,717461,52.05545832294913,22.908664223230947,0.0
2026-09-01T00:55:00,717462,56.04228122939734,22.908664223230947,0.0
2026-09-01T00:55:00,717463,50.46278366087076,22.908664223230947,0.0
2026-09-01T01:00:00,717447,62.3484276864478,22.989615837018093,0.0
2026-09-01T01:00:00,717512,64.26117531288777,22.989615837018093,0.0
2026-09-01T01:00:00,717446,62.7746261503892,22.989615837018093,0.0
2026-09-01T01:00:00,717445,57.97108910155933,22.989615837018093,0.0
2026-09-01T01:00:00,717458,63.44915372457703,22.989615837018093,0.0
2026-09-01T01:00:00,717459,62.1614061511559,22.989615837018093,0.0
2026-09-01T01:00:00,717460,59.345105796677174,22.989615837018093,0.0
2026-09-01T01:00:00,717461,58.14135784778782,22.989615837018093,0.0
2026-09-01T01:00:00,717462,56.94514305396934,22.989615837018093,0.0
2026-09-01T01:00:00,717463,65.75819446701537,22.989615837018093,0.0
2026-09-01T01:05:00,717447,67.86200528234303,23.070137945577745,0.0
2026-09-01T01:05:00,717512,65.75417374578082,23.070137945577745,0.0
2026-09-01T01:05:00,717446,60.28152434825072,23.070137945577745,0.0
2026-09-01T01:05:00,717445,60.6895441716434,23.070137945577745,1.8
2026-09-01T01:05:00,717458,67.14397569188397,23.070137945577745,0.0
2026-09-01T01:05:00,717459,53.39820441408819,23.070137945577745,0.0
2026-09-01T01:05:00,717460,56.38420439449513,23.070137945577745,1.8
2026-09-01T01:05:00,717461,59.86685178276553,23.070137945577745,0.0
2026-09-01T01:05:00,717462,53.25408886408353,23.070137945577745,0.0
2026-09-01T01:05:00,717463,56.23879323866747,23.070137945577745,1.8
2026-09-01T01:10:00,717447,65.13671550640785,23.150195601342112,0.0
2026-09-01T01:10:00,717512,61.845198943878955,23.150195601342112,0.0
2026-09-01T01:10:00,717446,56.524572226723585,23.150195601342112,0.0
2026-09-01T01:10:00,717445,61.959362931004684,23.150195601342112,0.0
2026-09-01T01:10:00,717458,57.82243777139831,23.150195601342112,1.8
2026-09-01T01:10:00,717459,58.655790662295715,23.150195601342112,0.0
2026-09-01T01:10:00,717460,59.31496182363777,23.150195601342112,0.0
2026-09-01T01:10:00,717461,59.19726556920677,23.150195601342112,0.0
2026-09-01T01:10:00,717462,53.97516405321354,23.150195601342112,0.0
2026-09-01T01:10:00,717463,52.24001228897528,23.150195601342112,0.0
2026-09-01T01:15:00,717447,61.21734811536347,23.229754058321525,0.0
2026-09-01T01:15:00,717512,66.55358581953293,23.229754058321525,0.0
2026-09-01T01:15:00,717446,68.9664685694065,23.229754058321525,0.0
2026-09-01T01:15:00,717445,64.49739576002206,23.229754058321525,0.0
2026-09-01T01:15:00,717458,64.00073342592847,23.229754058321525,1.8
2026-09-01T01:15:00,717459,56.876991581512264,23.229754058321525,1.8
2026-09-01T01:15:00,717460,59.131458262807286,23.229754058321525,0.0
2026-09-01T01:15:00,717461,58.92390213865662,23.229754058321525,1.8
2026-09-01T01:15:00,717462,45.67619795816139,23.229754058321525,0.0
2026-09-01T01:15:00,717463,51.12683705436574,23.229754058321525,0.0
2026-09-01T01:20:00,717447,69.89723387681755,23.308778787184607,0.0
2026-09-01T01:20:00,717512,59.50957583114074,23.308778787184607,1.8
2026-09-01T01:20:00,717446,66.92381983222099,23.308778787184607,0.0
2026-09-01T01:20:00,717445,57.09241351148432,23.308778787184607,0.0
2026-09-01T01:20:00,717458,57.25547401187879,23.308778787184607,1.8
2026-09-01T01:20:00,717459,60.38631038781246,23.308778787184607,0.0
2026-09-01T01:20:00,717460,58.0094062199927,23.308778787184607,0.0
2026-09-01T01:20:00,717461,55.444059174437356,23.308778787184607,0.0
2026-09-01T01:20:00,717462,60.15805041345869,23.308778787184607,0.0
2026-09-01T01:20:00,717463,50.48655346854209,23.308778787184607,0.0
2026-09-01T01:25:00,717447,64.54464465864916,23.38723549024445,0.0
2026-09-01T01:25:00,717512,65.56495156320963,23.38723549024445,0.0
2026-09-01T01:25:00,717446,63.442975546961016,23.38723549024445,1.8
2026-09-01T01:25:00,717445,59.53190138429413,23.38723549024445,0.0
2026-09-01T01:25:00,717458,58.43190567292328,23.38723549024445,1.8
2026-09-01T01:25:00,717459,61.54880623481898,23.38723549024445,0.0
2026-09-01T01:25:00,717460,60.49879957005565,23.38723549024445,0.0
2026-09-01T01:25:00,717461,57.521898506385746,23.38723549024445,0.0
2026-09-01T01:25:00,717462,52.913014910989695,23.38723549024445,0.0
2026-09-01T01:25:00,717463,52.519456823165,23.38723549024445,0.0
2026-09-01T01:30:00,717447,64.93729512816732,23.46509011634419,0.0
2026-09-01T01:30:00,717512,64.15198205998611,23.46509011634419,0.0
2026-09-01T01:30:00,717446,64.24129205356988,23.46509011634419,0.0
2026-09-01T01:30:00,717445,60.79342195275809,23.46509011634419,0.0
2026-09-01T01:30:00,717458,62.67624895702386,23.46509011634419,1.8
2026-09-01T01:30:00,717459,61.44052881806168,23.46509011634419,0.0
2026-09-01T01:30:00,717460,61.71643633152276,23.46509011634419,0.0
2026-09-01T01:30:00,717461,56.663011434958044,23.46509011634419,0.0
2026-09-01T01:30:00,717462,56.3724989675251,23.46509011634419,0.0
2026-09-01T01:30:00,717463,53.80957074695672,23.46509011634419,0.0
2026-09-01T01:35:00,717447,62.54533780727246,23.542308875635644,0.0
2026-09-01T01:35:00,717512,70.07716168402925,23.542308875635644,0.0
2026-09-01T01:35:00,717446,66.07433247747308,23.542308875635644,0.0
2026-09-01T01:35:00,717445,63.77498793886168,23.542308875635644,0.0
2026-09-01T01:35:00,717458,60.16325953843214,23.542308875635644,1.8
2026-09-01T01:35:00,717459,56.30823674251538,23.542308875635644,0.0
2026-09-01T01:35:00,717460,60.72535905722613,23.542308875635644,0.0
2026-09-01T01:35:00,717461,56.15882771246647,23.542308875635644,1.8
2026-09-01T01:35:00,717462,56.638794219799756,23.542308875635644,0.0
2026-09-01T01:35:00,717463,52.50882619856095,23.542308875635644,1.8
2026-09-01T01:40:00,717447,65.73489948713791,23.6188582542445,1.8
2026-09-01T01:40:00,717512,62.279170247698346,23.6188582542445,0.0
2026-09-01T01:40:00,717446,61.18688485695677,23.6188582542445,1.8
2026-09-01T01:40:00,717445,62.09614958588464,23.6188582542445,0.0
2026-09-01T01:40:00,717458,55.85574674931977,23.6188582542445,0.0
2026-09-01T01:40:00,717459,54.777608450682074,23.6188582542445,0.0
2026-09-01T01:40:00,717460,55.64466711005443,23.6188582542445,0.0
2026-09-01T01:40:00,717461,55.9596583186762,23.6188582542445,0.0
2026-09-01T01:40:00,717462,57.9729786434178,23.6188582542445,1.8
2026-09-01T01:40:00,717463,53.72018418392146,23.6188582542445,0.0
2026-09-01T01:45:00,717447,64.9444602363023,23.69470502881575,1.8
2026-09-01T01:45:00,717512,62.93402372751905,23.69470502881575,1.8
2026-09-01T01:45:00,717446,63.56815532529374,23.69470502881575,0.0
2026-09-01T01:45:00,717445,58.9183068136225,23.69470502881575,0.0
2026-09-01T01:45:00,717458,59.8737191989089,23.69470502881575,0.0
2026-09-01T01:45:00,717459,60.2051348105763,23.69470502881575,0.0
2026-09-01T01:45:00,717460,58.472277089710715,23.69470502881575,1.8
2026-09-01T01:45:00,717461,56.63777684662485,23.69470502881575,0.0
2026-09-01T01:45:00,717462,55.4735301670563,23.69470502881575,0.0
2026-09-01T01:45:00,717463,55.69399451801583,23.69470502881575,0.0
2026-09-01T01:50:00,717447,71.45954681620134,23.769816280933036,0.0
2026-09-01T01:50:00,717512,61.49795675500251,23.769816280933036,0.0
2026-09-01T01:50:00,717446,69.16940824331968,23.769816280933036,0.0
2026-09-01T01:50:00,717445,58.97510458760121,23.769816280933036,0.0
2026-09-01T01:50:00,717458,53.82831227073725,23.769816280933036,0.0
2026-09-01T01:50:00,717459,57.422734378624384,23.769816280933036,1.8
2026-09-01T01:50:00,717460,58.82526737099815,23.769816280933036,0.0
2026-09-01T01:50:00,717461,62.22851196131433,23.769816280933036,0.0
2026-09-01T01:50:00,717462,52.70475542962159,23.769816280933036,0.0
2026-09-01T01:50:00,717463,55.675756958186184,23.769816280933036,0.0
2026-09-01T01:55:00,717447,61.039299513674386,23.84415941140561,0.0
2026-09-01T01:55:00,717512,69.29437543229938,23.84415941140561,0.0
2026-09-01T01:55:00,717446,66.13831949690017,23.84415941140561,0.0
2026-09-01T01:55:00,717445,59.9924721784222,23.84415941140561,0.0
2026-09-01T01:55:00,717458,55.060595547463684,23.84415941140561,0.0
2026-09-01T01:55:00,717459,63.06161625723256,23.84415941140561,0.0
2026-09-01T01:55:00,717460,57.45637959897846,23.84415941140561,0.0
2026-09-01T01:55:00,717461,60.3134480706567,23.84415941140561,0.0
2026-09-01T01:55:00,717462,55.41573023389086,23.84415941140561,0.0
2026-09-01T01:55:00,717463,54.34094091603055,23.84415941140561,0.0
2026-09-01T02:00:00,717447,63.64980224727567,23.917702154416812,0.0
2026-09-01T02:00:00,717512,65.6685484587559,23.917702154416812,1.8
2026-09-01T02:00:00,717446,62.9608855568491,23.917702154416812,0.0
2026-09-01T02:00:00,717445,62.94331516388966,23.917702154416812,0.0
2026-09-01T02:00:00,717458,55.59765614950654,23.917702154416812,1.8
2026-09-01T02:00:00,717459,62.833029127408935,23.917702154416812,0.0
2026-09-01T02:00:00,717460,62.45345458828098,23.917702154416812,0.0
2026-09-01T02:00:00,717461,56.94702256459198,23.917702154416812,0.0
2026-09-01T02:00:00,717462,61.58224243635936,23.917702154416812,0.0
2026-09-01T02:00:00,717463,59.46602118904302,23.917702154416812,0.0
2026-09-01T02:05:00,717447,66.93612579032106,23.990412591527804,0.0
2026-09-01T02:05:00,717512,67.90589261416265,23.990412591527804,0.0
2026-09-01T02:05:00,717446,65.77527140211437,23.990412591527804,0.0
2026-09-01T02:05:00,717445,56.123779482296264,23.990412591527804,0.0
2026-09-01T02:05:00,717458,59.39177743823194,23.990412591527804,0.0
2026-09-01T02:05:00,717459,61.152624708953496,23.990412591527804,0.0
2026-09-01T02:05:00,717460,62.685844578279486,23.990412591527804,0.0
2026-09-01T02:05:00,717461,52.45969356692094,23.990412591527804,0.0
2026-09-01T02:05:00,717462,50.28985062350014,23.990412591527804,0.0
2026-09-01T02:05:00,717463,54.03335484487576,23.990412591527804,0.0
2026-09-01T02:10:00,717447,58.79767055131885,24.06225916553056,0.0
2026-09-01T02:10:00,717512,63.532636732900116,24.06225916553056,0.0
2026-09-01T02:10:00,717446,63.699791589729024,24.06225916553056,0.0
2026-09-01T02:10:00,717445,58.580357492456415,24.06225916553056,0.0
2026-09-01T02:10:00,717458,60.01195955961897,24.06225916553056,0.0
2026-09-01T02:10:00,717459,61.8654238129422,24.06225916553056,0.0
2026-09-01T02:10:00,717460,56.20922399632116,24.06225916553056,0.0
2026-09-01T02:10:00,717461,54.22137835465145,24.06225916553056,1.8
2026-09-01T02:10:00,717462,55.0789057715748,24.06225916553056,0.0
2026-09-01T02:10:00,717463,51.09426988418036,24.06225916553056,0.0
2026-09-01T02:15:00,717447,70.89417060942107,24.13321069414408,1.8
2026-09-01T02:15:00,717512,63.90578586658708,24.13321069414408,0.0
2026-09-01T02:15:00,717446,60.500818686694146,24.13321069414408,0.0
2026-09-01T02:15:00,717445,62.04193494287457,24.13321069414408,0.0
2026-09-01T02:15:00,717458,59.86301106159941,24.13321069414408,0.0
2026-09-01T02:15:00,717459,58.337086412072225,24.13321069414408,0.0
2026-09-01T02:15:00,717460,56.208491767840314,24.13321069414408,0.0
2026-09-01T02:15:00,717461,54.87254048873786,24.13321069414408,0.0
2026-09-01T02:15:00,717462,50.854422024076236,24.13321069414408,0.0
2026-09-01T02:15:00,717463,58.300618013005476,24.13321069414408,0.0
2026-09-01T02:20:00,717447,66.72966364440315,24.20323638354788,0.0
2026-09-01T02:20:00,717512,64.73374321886645,24.20323638354788,0.0
2026-09-01T02:20:00,717446,62.21623998079355,24.20323638354788,0.0
2026-09-01T02:20:00,717445,58.533371433434574,24.20323638354788,0.0
2026-09-01T02:20:00,717458,57.93094051938294,24.20323638354788,1.8
2026-09-01T02:20:00,717459,54.73323162644283,24.20323638354788,0.0
2026-09-01T02:20:00,717460,55.86027410250827,24.20323638354788,1.8
2026-09-01T02:20:00,717461,53.355348744392664,24.20323638354788,0.0
2026-09-01T02:20:00,717462,60.46141766045354,24.20323638354788,0.0
2026-09-01T02:20:00,717463,56.8449120260842,24.20323638354788,0.0
2026-09-01T02:25:00,717447,65.23209402458247,24.272305841746867,0.0
2026-09-01T02:25:00,717512,61.21613649765482,24.272305841746867,0.0
2026-09-01T02:25:00,717446,59.48825063866025,24.272305841746867,0.0
2026-09-01T02:25:00,717445,60.828973067388795,24.272305841746867,0.0
2026-09-01T02:25:00,717458,62.97852174423454,24.272305841746867,0.0
2026-09-01T02:25:00,717459,64.72823902305001,24.272305841746867,0.0
2026-09-01T02:25:00,717460,53.60428638018219,24.272305841746867,1.8
2026-09-01T02:25:00,717461,58.28889681171133,24.272305841746867,0.0
2026-09-01T02:25:00,717462,53.448061394274134,24.272305841746867,0.0
2026-09-01T02:25:00,717463,52.73861295034553,24.272305841746867,0.0
2026-09-01T02:30:00,717447,65.14554858016618,24.34038909176185,0.0
2026-09-01T02:30:00,717512,61.30713334709858,24.34038909176185,0.0
2026-09-01T02:30:00,717446,61.88313955573246,24.34038909176185,0.0
2026-09-01T02:30:00,717445,58.6772927102069,24.34038909176185,0.0
2026-09-01T02:30:00,717458,58.4696697046267,24.34038909176185,0.0
2026-09-01T02:30:00,717459,61.266157373808966,24.34038909176185,0.0
2026-09-01T02:30:00,717460,58.09798061261937,24.34038909176185,0.0
2026-09-01T02:30:00,717461,58.85414506644707,24.34038909176185,0.0
2026-09-01T02:30:00,717462,53.41211241949416,24.34038909176185,0.0
2026-09-01T02:30:00,717463,55.911779702111176,24.34038909176185,0.0
2026-09-01T02:35:00,717447,60.11734843160344,24.407456584639895,1.8
2026-09-01T02:35:00,717512,63.944230585237065,24.407456584639895,0.0
2026-09-01T02:35:00,717446,64.51575312158504,24.407456584639895,0.0
2026-09-01T02:35:00,717445,56.41541555844604,24.407456584639895,0.0
2026-09-01T02:35:00,717458,58.24446742184645,24.407456584639895,0.0
2026-09-01T02:35:00,717459,59.14217175920217,24.407456584639895,1.8
2026-09-01T02:35:00,717460,60.81885417289624,24.407456584639895,0.0
2026-09-01T02:35:00,717461,54.86930013668348,24.407456584639895,0.0
2026-09-01T02:35:00,717462,56.98938827899877,24.407456584639895,0.0
2026-09-01T02:35:00,717463,58.524681607226626,24.407456584639895,0.0
2026-09-01T02:40:00,717447,66.73118049798991,24.47347921227895,0.0
2026-09-01T02:40:00,717512,63.19082795831932,24.47347921227895,0.0
2026-09-01T02:40:00,717446,63.713401736562226,24.47347921227895,0.0
2026-09-01T02:40:00,717445,59.588008556300835,24.47347921227895,0.0
2026-09-01T02:40:00,717458,60.459733478866994,24.47347921227895,0.0
2026-09-01T02:40:00,717459,58.53293241027205,24.47347921227895,0.0
2026-09-01T02:40:00,717460,58.812772102673904,24.47347921227895,0.0
2026-09-01T02:40:00,717461,55.364333218080894,24.47347921227895,0.0
2026-09-01T02:40:00,717462,56.58332054358319,24.47347921227895,0.0
2026-09-01T02:40:00,717463,52.93701067398751,24.47347921227895,0.0
2026-09-01T02:45:00,717447,67.61332131668661,24.538428320061076,0.0
2026-09-01T02:45:00,717512,62.821876609887994,24.538428320061076,0.0
2026-09-01T02:45:00,717446,56.48557360085797,24.538428320061076,0.0
2026-09-01T02:45:00,717445,58.37568827363931,24.538428320061076,0.0
2026-09-01T02:45:00,717458,60.25520234396018,24.538428320061076,0.0
2026-09-01T02:45:00,717459,64.02925914321737,24.538428320061076,0.0
2026-09-01T02:45:00,717460,60.28816394994199,24.538428320061076,0.0
2026-09-01T02:45:00,717461,49.96654127936787,24.538428320061076,0.0
2026-09-01T02:45:00,717462,50.964188469052,24.538428320061076,1.8
2026-09-01T02:45:00,717463,57.63120933601232,24.538428320061076,0.0
2026-09-01T02:50:00,717447,66.89826835613836,24.602275719288944,0.0
2026-09-01T02:50:00,717512,70.61200133123269,24.602275719288944,0.0
2026-09-01T02:50:00,717446,61.221840059198776,24.602275719288944,0.0
2026-09-01T02:50:00,717445,58.850389649425125,24.602275719288944,0.0
2026-09-01T02:50:00,717458,60.41462146947768,24.602275719288944,0.0
2026-09-01T02:50:00,717459,57.566950417524154,24.602275719288944,0.0
2026-09-01T02:50:00,717460,60.912542590593205,24.602275719288944,1.8
2026-09-01T02:50:00,717461,55.069873561255264,24.602275719288944,0.0
2026-09-01T02:50:00,717462,54.590297951939384,24.602275719288944,0.0
2026-09-01T02:50:00,717463,51.263631610472586,24.602275719288944,1.8
2026-09-01T02:55:00,717447,67.2708534632266,24.664993699420027,0.0
2026-09-01T02:55:00,717512,61.03339164075766,24.664993699420027,0.0
2026-09-01T02:55:00,717446,63.84019232296165,24.664993699420027,0.0
2026-09-01T02:55:00,717445,67.03027505096475,24.664993699420027,0.0
2026-09-01T02:55:00,717458,54.86372686657771,24.664993699420027,0.0
2026-09-01T02:55:00,717459,63.48802054775808,24.664993699420027,0.0
2026-09-01T02:55:00,717460,58.63979349224999,24.664993699420027,0.0
2026-09-01T02:55:00,717461,53.223420471395414,24.664993699420027,0.0
2026-09-01T02:55:00,717462,55.72807199710521,24.664993699420027,0.0
2026-09-01T02:55:00,717463,56.37718748498662,24.664993699420027,0.0
2026-09-01T03:00:00,717447,62.62841401790175,24.726555040093338,0.0
2026-09-01T03:00:00,717512,65.21424245564566,24.726555040093338,0.0
2026-09-01T03:00:00,717446,67.37939726415587,24.726555040093338,0.0
2026-09-01T03:00:00,717445,59.86619035494412,24.726555040093338,0.0
2026-09-01T03:00:00,717458,57.23102292346194,24.726555040093338,0.0
2026-09-01T03:00:00,717459,58.62247662393874,24.726555040093338,0.0
2026-09-01T03:00:00,717460,57.967012121103764,24.726555040093338,0.0
2026-09-01T03:00:00,717461,59.88241193965053,24.726555040093338,0.0
2026-09-01T03:00:00,717462,54.9258136885007,24.726555040093338,0.0
2026-09-01T03:00:00,717463,52.91919417439542,24.726555040093338,1.8
2026-09-01T03:05:00,717447,61.96345288406949,24.786933022943384,0.0
2026-09-01T03:05:00,717512,58.83519599425268,24.786933022943384,0.0
2026-09-01T03:05:00,717446,58.72988331062683,24.786933022943384,0.0
2026-09-01T03:05:00,717445,57.51452969365914,24.786933022943384,0.0
2026-09-01T03:05:00,717458,59.42099195575918,24.786933022943384,1.8
2026-09-01T03:05:00,717459,54.49033715049568,24.786933022943384,0.0
2026-09-01T03:05:00,717460,49.70910608102528,24.786933022943384,0.0
2026-09-01T03:05:00,717461,56.43688141029656,24.786933022943384,0.0
2026-09-01T03:05:00,717462,60.94663429468603,24.786933022943384,1.8
2026-09-01T03:05:00,717463,57.57946109849327,24.786933022943384,0.0
2026-09-01T03:10:00,717447,64.19299910188016,24.84610144319626,1.8
2026-09-01T03:10:00,717512,60.48008744731964,24.84610144319626,0.0
2026-09-01T03:10:00,717446,70.31974458329424,24.84610144319626,1.8
2026-09-01T03:10:00,717445,61.57732047558812,24.84610144319626,0.0
2026-09-01T03:10:00,717458,60.793919455848226,24.84610144319626,0.0
2026-09-01T03:10:00,717459,58.56658393777283,24.84610144319626,0.0
2026-09-01T03:10:00,717460,57.701405362896665,24.84610144319626,0.0
2026-09-01T03:10:00,717461,54.96939086014336,24.84610144319626,1.8
2026-09-01T03:10:00,717462,54.634733521282094,24.84610144319626,0.0
2026-09-01T03:10:00,717463,58.71164413929273,24.84610144319626,0.0
2026-09-01T03:15:00,717447,68.73777911446378,24.90403462104285,0.0
2026-09-01T03:15:00,717512,57.579352839746434,24.90403462104285,0.0
2026-09-01T03:15:00,717446,58.37698845281742,24.90403462104285,0.0
2026-09-01T03:15:00,717445,59.066073474198255,24.90403462104285,0.0
2026-09-01T03:15:00,717458,63.00655871641327,24.90403462104285,1.8
2026-09-01T03:15:00,717459,62.814188821953366,24.90403462104285,0.0
2026-09-01T03:15:00,717460,59.96453972910059,24.90403462104285,1.8
2026-09-01T03:15:00,717461,53.212368223319196,24.90403462104285,1.8
2026-09-01T03:15:00,717462,53.82596273813156,24.90403462104285,0.0
2026-09-01T03:15:00,717463,55.66764722065464,24.90403462104285,0.0
2026-09-01T03:20:00,717447,64.2783495478446,24.96070741278415,0.0
2026-09-01T03:20:00,717512,62.67486331967021,24.96070741278415,0.0
2026-09-01T03:20:00,717446,61.51642724486177,24.96070741278415,0.0
2026-09-01T03:20:00,717445,64.87731515241175,24.96070741278415,0.0
2026-09-01T03:20:00,717458,61.97862951622416,24.96070741278415,1.8
2026-09-01T03:20:00,717459,58.07068642437703,24.96070741278415,1.8
2026-09-01T03:20:00,717460,58.77772480904535,24.96070741278415,0.0
2026-09-01T03:20:00,717461,52.845985013163094,24.96070741278415,0.0
2026-09-01T03:20:00,717462,53.83115668076188,24.96070741278415,0.0
2026-09-01T03:20:00,717463,57.34635341982967,24.96070741278415,0.0
2026-09-01T03:25:00,717447,60.32916360257969,25.016095221743953,0.0
2026-09-01T03:25:00,717512,65.61708097718832,25.016095221743953,0.0
2026-09-01T03:25:00,717446,56.35326289950024,25.016095221743953,0.0
2026-09-01T03:25:00,717445,66.48842022802152,25.016095221743953,0.0
2026-09-01T03:25:00,717458,58.564293862724554,25.016095221743953,0.0
2026-09-01T03:25:00,717459,60.196459466207614,25.016095221743953,0.0
2026-09-01T03:25:00,717460,58.14173406913751,25.016095221743953,0.0
2026-09-01T03:25:00,717461,57.04995640753703,25.016095221743953,1.8
2026-09-01T03:25:00,717462,56.322456429827575,25.016095221743953,0.0
2026-09-01T03:25:00,717463,49.068545945181526,25.016095221743953,0.0
2026-09-01T03:30:00,717447,65.51126836643827,25.070174008944107,0.0
2026-09-01T03:30:00,717512,63.24672204299641,25.070174008944107,0.0
2026-09-01T03:30:00,717446,60.97939301112636,25.070174008944107,1.8
2026-09-01T03:30:00,717445,59.06375787584751,25.070174008944107,0.0
2026-09-01T03:30:00,717458,60.78620781734749,25.070174008944107,0.0
2026-09-01T03:30:00,717459,56.06355371920935,25.070174008944107,0.0
2026-09-01T03:30:00,717460,60.886138964031375,25.070174008944107,0.0
2026-09-01T03:30:00,717461,58.01646449929357,25.070174008944107,1.8
2026-09-01T03:30:00,717462,56.16676125499607,25.070174008944107,0.0
2026-09-01T03:30:00,717463,57.146745003890985,25.070174008944107,0.0
2026-09-01T03:35:00,717447,59.4755291462663,25.122920303537718,0.0
2026-09-01T03:35:00,717512,59.95942094005412,25.122920303537718,1.8
2026-09-01T03:35:00,717446,64.1511289016686,25.122920303537718,1.8
2026-09-01T03:35:00,717445,59.22092040080083,25.122920303537718,0.0
2026-09-01T03:35:00,717458,58.36359843128539,25.122920303537718,0.0
2026-09-01T03:35:00,717459,54.77816854971656,25.122920303537718,0.0
2026-09-01T03:35:00,717460,54.87053208132923,25.122920303537718,0.0
2026-09-01T03:35:00,717461,59.75907723008475,25.122920303537718,0.0
2026-09-01T03:35:00,717462,56.8781055429039,25.122920303537718,0.0
2026-09-01T03:35:00,717463,54.752660211345855,25.122920303537718,0.0
2026-09-01T03:40:00,717447,63.27052861156954,25.174311212995768,0.0
2026-09-01T03:40:00,717512,64.16347153421894,25.174311212995768,0.0
2026-09-01T03:40:00,717446,66.04526206913988,25.174311212995768,1.8
2026-09-01T03:40:00,717445,59.2879128149052,25.174311212995768,1.8
2026-09-01T03:40:00,717458,60.09247661879198,25.174311212995768,0.0
2026-09-01T03:40:00,717459,64.30984399718939,25.174311212995768,0.0
2026-09-01T03:40:00,717460,59.92069789664929,25.174311212995768,0.0
2026-09-01T03:40:00,717461,54.91004176260006,25.174311212995768,0.0
2026-09-01T03:40:00,717462,57.26287197693444,25.174311212995768,0.0
2026-09-01T03:40:00,717463,49.48676793061149,25.174311212995768,1.8
2026-09-01T03:45:00,717447,64.77317910064873,25.22432443304277,0.0
2026-09-01T03:45:00,717512,65.6584956806009,25.22432443304277,0.0
2026-09-01T03:45:00,717446,63.73707294096676,25.22432443304277,0.0
2026-09-01T03:45:00,717445,63.228236623800335,25.22432443304277,0.0
2026-09-01T03:45:00,717458,62.69824585159559,25.22432443304277,0.0
2026-09-01T03:45:00,717459,60.374019625634176,25.22432443304277,0.0
2026-09-01T03:45:00,717460,59.08533404534663,25.22432443304277,0.0
2026-09-01T03:45:00,717461,57.2195424494382,25.22432443304277,0.0
2026-09-01T03:45:00,717462,52.15330976672408,25.22432443304277,0.0
2026-09-01T03:45:00,717463,57.35593794794758,25.22432443304277,0.0
2026-09-01T03:50:00,717447,64.87651574417819,25.272938257337085,0.0
2026-09-01T03:50:00,717512,65.83968329786602,25.272938257337085,0.0
2026-09-01T03:50:00,717446,65.41003262367614,25.272938257337085,1.8
2026-09-01T03:50:00,717445,59.84704702109603,25.272938257337085,0.0
2026-09-01T03:50:00,717458,58.89169252345121,25.272938257337085,1.8
2026-09-01T03:50:00,717459,58.06766483534224,25.272938257337085,0.0
2026-09-01T03:50:00,717460,61.562449582468716,25.272938257337085,1.8
2026-09-01T03:50:00,717461,53.911359299089646,25.272938257337085,0.0
2026-09-01T03:50:00,717462,59.73611485880935,25.272938257337085,0.0
2026-09-01T03:50:00,717463,54.784845535282884,25.272938257337085,0.0
2026-09-01T03:55:00,717447,65.79459167349346,25.320131586891726,0.0
2026-09-01T03:55:00,717512,66.46233326275599,25.320131586891726,1.8
2026-09-01T03:55:00,717446,62.84029284371196,25.320131586891726,0.0
2026-09-01T03:55:00,717445,64.58988200108175,25.320131586891726,0.0
2026-09-01T03:55:00,717458,58.64157552558457,25.320131586891726,0.0
2026-09-01T03:55:00,717459,63.22148319644242,25.320131586891726,0.0
2026-09-01T03:55:00,717460,56.45693331168337,25.320131586891726,0.0
2026-09-01T03:55:00,717461,60.95359430723878,25.320131586891726,0.0
2026-09-01T03:55:00,717462,54.132880424598106,25.320131586891726,0.0
2026-09-01T03:55:00,717463,53.34808704930417,25.320131586891726,0.0
2026-09-01T04:00:00,717447,61.97869917995499,25.365883939231587,1.8
2026-09-01T04:00:00,717512,61.487728784898806,25.365883939231587,1.8
2026-09-01T04:00:00,717446,62.487066818050856,25.365883939231587,0.0
2026-09-01T04:00:00,717445,62.09376567782075,25.365883939231587,0.0
2026-09-01T04:00:00,717458,63.144088675640944,25.365883939231587,0.0
2026-09-01T04:00:00,717459,58.34915494753466,25.365883939231587,0.0
2026-09-01T04:00:00,717460,54.4229554155243,25.365883939231587,0.0
2026-09-01T04:00:00,717461,57.73835071876335,25.365883939231587,0.0
2026-09-01T04:00:00,717462,55.89047810485035,25.365883939231587,0.0
2026-09-01T04:00:00,717463,55.66847527223564,25.365883939231587,0.0
2026-09-01T04:05:00,717447,63.07482854388326,25.410175457283078,0.0
2026-09-01T04:05:00,717512,62.19505763163175,25.410175457283078,0.0
2026-09-01T04:05:00,717446,60.67588711471765,25.410175457283078,1.8
2026-09-01T04:05:00,717445,64.95509808995986,25.410175457283078,0.0
2026-09-01T04:05:00,717458,64.44956124060677,25.410175457283078,0.0
2026-09-01T04:05:00,717459,57.27580961538877,25.410175457283078,0.0
2026-09-01T04:05:00,717460,56.131379363794295,25.410175457283078,0.0
2026-09-01T04:05:00,717461,58.48684394990374,25.410175457283078,0.0
2026-09-01T04:05:00,717462,60.030564100627394,25.410175457283078,1.8
2026-09-01T04:05:00,717463,59.575681515923776,25.410175457283078,0.0
2026-09-01T04:10:00,717447,63.145634968204114,25.452986917992344,0.0
2026-09-01T04:10:00,717512,62.62089635984932,25.452986917992344,0.0
2026-09-01T04:10:00,717446,63.44159721183198,25.452986917992344,0.0
2026-09-01T04:10:00,717445,62.387371409618346,25.452986917992344,0.0
2026-09-01T04:10:00,717458,59.65315935717513,25.452986917992344,0.0
2026-09-01T04:10:00,717459,56.58910930604191,25.452986917992344,0.0
2026-09-01T04:10:00,717460,57.68462012103588,25.452986917992344,1.8
2026-09-01T04:10:00,717461,61.96767463021063,25.452986917992344,0.0
2026-09-01T04:10:00,717462,53.83116714254876,25.452986917992344,0.0
2026-09-01T04:10:00,717463,54.85536489457397,25.452986917992344,0.0
2026-09-01T04:15:00,717447,72.55949881585249,25.494299740668286,0.0
2026-09-01T04:15:00,717512,62.186095219470666,25.494299740668286,0.0
2026-09-01T04:15:00,717446,64.62437600711056,25.494299740668286,0.0
2026-09-01T04:15:00,717445,66.91882351543974,25.494299740668286,0.0
2026-09-01T04:15:00,717458,61.95066603030857,25.494299740668286,0.0
2026-09-01T04:15:00,717459,62.304812279980354,25.494299740668286,0.0
2026-09-01T04:15:00,717460,60.24014808182372,25.494299740668286,0.0
2026-09-01T04:15:00,717461,58.10052363155352,25.494299740668286,0.0
2026-09-01T04:15:00,717462,59.525178511344215,25.494299740668286,0.0
2026-09-01T04:15:00,717463,56.12483120100056,25.494299740668286,0.0
2026-09-01T04:20:00,717447,64.47044946907171,25.534095995046815,0.0
2026-09-01T04:20:00,717512,64.21194476932224,25.534095995046815,0.0
2026-09-01T04:20:00,717446,63.67782363664097,25.534095995046815,0.0
2026-09-01T04:20:00,717445,60.19178727304019,25.534095995046815,0.0
2026-09-01T04:20:00,717458,60.74510091408199,25.534095995046815,0.0
2026-09-01T04:20:00,717459,59.11111335449071,25.534095995046815,0.0
2026-09-01T04:20:00,717460,59.7082562534455,25.534095995046815,0.0
2026-09-01T04:20:00,717461,63.06156787993866,25.534095995046815,1.8
2026-09-01T04:20:00,717462,56.11995476115454,25.534095995046815,0.0
2026-09-01T04:20:00,717463,58.9041635493127,25.534095995046815,0.0
2026-09-01T04:25:00,717447,66.78656824847648,25.57235840907281,1.8
2026-09-01T04:25:00,717512,64.32270608879594,25.57235840907281,0.0
2026-09-01T04:25:00,717446,61.22357787567528,25.57235840907281,0.0
2026-09-01T04:25:00,717445,61.94514869802179,25.57235840907281,0.0
2026-09-01T04:25:00,717458,60.5617877417675,25.57235840907281,0.0
2026-09-01T04:25:00,717459,56.862516274509346,25.57235840907281,0.0
2026-09-01T04:25:00,717460,56.086113177512104,25.57235840907281,0.0
2026-09-01T04:25:00,717461,57.694514344520435,25.57235840907281,1.8
2026-09-01T04:25:00,717462,60.05945080702988,25.57235840907281,0.0
2026-09-01T04:25:00,717463,53.96562793610791,25.57235840907281,0.0
2026-09-01T04:30:00,717447,60.60735774851093,25.60907037639638,0.0
2026-09-01T04:30:00,717512,57.15498157989941,25.60907037639638,0.0
2026-09-01T04:30:00,717446,59.48770099836752,25.60907037639638,1.8
2026-09-01T04:30:00,717445,63.476468791657716,25.60907037639638,0.0
2026-09-01T04:30:00,717458,56.31048625374698,25.60907037639638,0.0
2026-09-01T04:30:00,717459,61.568771434600094,25.60907037639638,0.0
2026-09-01T04:30:00,717460,59.70200298363564,25.60907037639638,0.0
2026-09-01T04:30:00,717461,56.25387185842151,25.60907037639638,0.0
2026-09-01T04:30:00,717462,50.77482393698545,25.60907037639638,0.0
2026-09-01T04:30:00,717463,52.075675240115935,25.60907037639638,0.0
2026-09-01T04:35:00,717447,64.21301471078857,25.644215963580248,0.0
2026-09-01T04:35:00,717512,64.79288907390045,25.644215963580248,1.8
2026-09-01T04:35:00,717446,58.78210461178623,25.644215963580248,0.0
2026-09-01T04:35:00,717445,65.66801669657735,25.644215963580248,0.0
2026-09-01T04:35:00,717458,61.16489892349068,25.644215963580248,0.0
2026-09-01T04:35:00,717459,60.30698254181891,25.644215963580248,0.0
2026-09-01T04:35:00,717460,59.66489116396019,25.644215963580248,1.8
2026-09-01T04:35:00,717461,60.524180474754864,25.644215963580248,1.8
2026-09-01T04:35:00,717462,55.92628639346197,25.644215963580248,0.0
2026-09-01T04:35:00,717463,56.26373415712311,25.644215963580248,0.0
2026-09-01T04:40:00,717447,62.888893761489285,25.67777991701502,0.0
2026-09-01T04:40:00,717512,69.12089196639954,25.67777991701502,0.0
2026-09-01T04:40:00,717446,62.902383912399465,25.67777991701502,0.0
2026-09-01T04:40:00,717445,59.27491569524245,25.67777991701502,0.0
2026-09-01T04:40:00,717458,58.77952036802276,25.67777991701502,1.8
2026-09-01T04:40:00,717459,53.2494484748305,25.67777991701502,1.8
2026-09-01T04:40:00,717460,56.36115170991987,25.67777991701502,0.0
2026-09-01T04:40:00,717461,49.24643268778023,25.67777991701502,0.0
2026-09-01T04:40:00,717462,57.675471143619596,25.67777991701502,0.0
2026-09-01T04:40:00,717463,55.394443353022,25.67777991701502,1.8
2026-09-01T04:45:00,717447,61.99357959888389,25.70974766953947,0.0
2026-09-01T04:45:00,717512,63.55137395984559,25.70974766953947,0.0
2026-09-01T04:45:00,717446,62.48370041099982,25.70974766953947,0.0
2026-09-01T04:45:00,717445,57.8194139606939,25.70974766953947,0.0
2026-09-01T04:45:00,717458,59.431615506782535,25.70974766953947,0.0
2026-09-01T04:45:00,717459,58.97516554525512,25.70974766953947,0.0
2026-09-01T04:45:00,717460,56.952975880709744,25.70974766953947,1.8
2026-09-01T04:45:00,717461,54.448555284278136,25.70974766953947,1.8
2026-09-01T04:45:00,717462,52.28964799858678,25.70974766953947,0.0
2026-09-01T04:45:00,717463,53.25120714961366,25.70974766953947,0.0
2026-09-01T04:50:00,717447,63.15138439774008,25.740105346762842,0.0
2026-09-01T04:50:00,717512,65.38266971115695,25.740105346762842,1.8
2026-09-01T04:50:00,717446,66.66298767684647,25.740105346762842,1.8
2026-09-01T04:50:00,717445,64.03882241582679,25.740105346762842,0.0
2026-09-01T04:50:00,717458,60.243812476849,25.740105346762842,0.0
2026-09-01T04:50:00,717459,56.92411103397175,25.740105346762842,0.0
2026-09-01T04:50:00,717460,60.35050102717166,25.740105346762842,0.0
2026-09-01T04:50:00,717461,58.370436772134376,25.740105346762842,0.0
2026-09-01T04:50:00,717462,59.21710356399145,25.740105346762842,0.0
2026-09-01T04:50:00,717463,54.65772018116567,25.740105346762842,0.0
2026-09-01T04:55:00,717447,70.0358863758876,25.76883977308651,1.8
2026-09-01T04:55:00,717512,64.22172731677979,25.76883977308651,1.8
2026-09-01T04:55:00,717446,60.473740955548514,25.76883977308651,0.0
2026-09-01T04:55:00,717445,59.77633746422889,25.76883977308651,0.0
2026-09-01T04:55:00,717458,61.596501430498364,25.76883977308651,0.0
2026-09-01T04:55:00,717459,57.10689495457612,25.76883977308651,0.0
2026-09-01T04:55:00,717460,62.81062447669399,25.76883977308651,0.0
2026-09-01T04:55:00,717461,57.73696597541396,25.76883977308651,0.0
2026-09-01T04:55:00,717462,55.34200540089646,25.76883977308651,0.0
2026-09-01T04:55:00,717463,54.388088946546645,25.76883977308651,0.0
2026-09-01T05:00:00,717447,64.01005783290543,25.795938477422347,0.0
2026-09-01T05:00:00,717512,58.576435223542695,25.795938477422347,0.0
2026-09-01T05:00:00,717446,60.932628058277345,25.795938477422347,0.0
2026-09-01T05:00:00,717445,65.90414773504557,25.795938477422347,0.0
2026-09-01T05:00:00,717458,60.65554290085538,25.795938477422347,0.0
2026-09-01T05:00:00,717459,61.923482353011934,25.795938477422347,0.0
2026-09-01T05:00:00,717460,60.818229945469355,25.795938477422347,0.0
2026-09-01T05:00:00,717461,56.266662036673345,25.795938477422347,0.0
2026-09-01T05:00:00,717462,57.139156080415724,25.795938477422347,0.0
2026-09-01T05:00:00,717463,49.25301097422272,25.795938477422347,0.0
2026-09-01T05:05:00,717447,69.15532982381973,25.821389698605323,0.0
2026-09-01T05:05:00,717512,67.6659828370844,25.821389698605323,1.8
2026-09-01T05:05:00,717446,63.80779933349026,25.821389698605323,0.0
2026-09-01T05:05:00,717445,61.90773007211376,25.821389698605323,0.0
2026-09-01T05:05:00,717458,59.849046561667706,25.821389698605323,0.0
2026-09-01T05:05:00,717459,62.24389583242014,25.821389698605323,0.0
2026-09-01T05:05:00,717460,59.84080490658708,25.821389698605323,0.0
2026-09-01T05:05:00,717461,47.78008091275182,25.821389698605323,0.0
2026-09-01T05:05:00,717462,54.03838595043265,25.821389698605323,0.0
2026-09-01T05:05:00,717463,50.56669909076361,25.821389698605323,0.0
2026-09-01T05:10:00,717447,60.7724544404694,25.845182390498014,0.0
2026-09-01T05:10:00,717512,66.93897922976768,25.845182390498014,1.8
2026-09-01T05:10:00,717446,62.11573713099457,25.845182390498014,0.0
2026-09-01T05:10:00,717445,62.487621349301484,25.845182390498014,1.8
2026-09-01T05:10:00,717458,60.086964540812886,25.845182390498014,0.0
2026-09-01T05:10:00,717459,54.80752219506641,25.845182390498014,0.0
2026-09-01T05:10:00,717460,52.786753171652876,25.845182390498014,0.0
2026-09-01T05:10:00,717461,54.97215338473439,25.845182390498014,0.0
2026-09-01T05:10:00,717462,54.010542464408545,25.845182390498014,1.8
2026-09-01T05:10:00,717463,52.80872575467684,25.845182390498014,0.0
2026-09-01T05:15:00,717447,63.607303806092226,25.86730622678472,0.0
2026-09-01T05:15:00,717512,69.60245291042689,25.86730622678472,0.0
2026-09-01T05:15:00,717446,65.26305932183989,25.86730622678472,0.0
2026-09-01T05:15:00,717445,61.688576436823915,25.86730622678472,1.8
2026-09-01T05:15:00,717458,59.55740518150219,25.86730622678472,0.0
2026-09-01T05:15:00,717459,58.46054225021484,25.86730622678472,0.0
2026-09-01T05:15:00,717460,59.5701291913911,25.86730622678472,0.0
2026-09-01T05:15:00,717461,55.93005921941863,25.86730622678472,0.0
2026-09-01T05:15:00,717462,57.72119198385182,25.86730622678472,0.0
2026-09-01T05:15:00,717463,54.81167438743836,25.86730622678472,0.0
2026-09-01T05:20:00,717447,70.73531131172365,25.88775160545325,1.8
2026-09-01T05:20:00,717512,62.85141831291594,25.88775160545325,1.8
2026-09-01T05:20:00,717446,65.394735647594,25.88775160545325,0.0
2026-09-01T05:20:00,717445,57.75046941600487,25.88775160545325,0.0
2026-09-01T05:20:00,717458,57.79888031529405,25.88775160545325,0.0
2026-09-01T05:20:00,717459,64.21228125898182,25.88775160545325,0.0
2026-09-01T05:20:00,717460,59.880390389447726,25.88775160545325,0.0
2026-09-01T05:20:00,717461,57.557232861299276,25.88775160545325,0.0
2026-09-01T05:20:00,717462,62.08043395309628,25.88775160545325,0.0
2026-09-01T05:20:00,717463,53.497330806280715,25.88775160545325,0.0
2026-09-01T05:25:00,717447,67.66404782515082,25.90650965296229,0.0
2026-09-01T05:25:00,717512,66.708560942958,25.90650965296229,0.0
2026-09-01T05:25:00,717446,66.84776462318015,25.90650965296229,1.8
2026-09-01T05:25:00,717445,57.308433847220805,25.90650965296229,0.0
2026-09-01T05:25:00,717458,59.35505498649789,25.90650965296229,0.0
2026-09-01T05:25:00,717459,59.3337572571873,25.90650965296229,0.0
2026-09-01T05:25:00,717460,61.9886038334528,25.90650965296229,0.0
2026-09-01T05:25:00,717461,57.3080729308188,25.90650965296229,0.0
2026-09-01T05:25:00,717462,58.31588149305079,25.90650965296229,0.0
2026-09-01T05:25:00,717463,49.864646580865895,25.90650965296229,0.0
2026-09-01T05:30:00,717447,63.30809060833673,25.923572228092624,0.0
2026-09-01T05:30:00,717512,67.12790155835155,25.923572228092624,1.8
2026-09-01T05:30:00,717446,61.281565645565095,25.923572228092624,0.0
2026-09-01T05:30:00,717445,60.6475182611611,25.923572228092624,0.0
2026-09-01T05:30:00,717458,64.18429630809162,25.923572228092624,0.0
2026-09-01T05:30:00,717459,55.659897073461714,25.923572228092624,0.0
2026-09-01T05:30:00,717460,55.08389587534819,25.923572228092624,0.0
2026-09-01T05:30:00,717461,51.83151173819421,25.923572228092624,1.8
2026-09-01T05:30:00,717462,59.5268265988258,25.923572228092624,0.0
2026-09-01T05:30:00,717463,56.4302323864446,25.923572228092624,0.0
2026-09-01T05:35:00,717447,66.97183613022341,25.93893192548054,0.0
2026-09-01T05:35:00,717512,61.85204551872275,25.93893192548054,0.0
2026-09-01T05:35:00,717446,57.457822268957834,25.93893192548054,0.0
2026-09-01T05:35:00,717445,55.49034342837795,25.93893192548054,0.0
2026-09-01T05:35:00,717458,63.37935812478018,25.93893192548054,0.0
2026-09-01T05:35:00,717459,59.718267029405695,25.93893192548054,0.0
2026-09-01T05:35:00,717460,59.10332543860892,25.93893192548054,0.0
2026-09-01T05:35:00,717461,56.47011394115675,25.93893192548054,0.0
2026-09-01T05:35:00,717462,52.16464590264859,25.93893192548054,0.0
2026-09-01T05:35:00,717463,52.3845144386483,25.93893192548054,0.0
2026-09-01T05:40:00,717447,60.8551066018804,25.952582078831828,0.0
2026-09-01T05:40:00,717512,59.310111971685835,25.952582078831828,0.0
2026-09-01T05:40:00,717446,64.17582974134008,25.952582078831828,0.0
2026-09-01T05:40:00,717445,55.50937811246362,25.952582078831828,0.0
2026-09-01T05:40:00,717458,56.07341774271823,25.952582078831828,0.0
2026-09-01T05:40:00,717459,57.146980473342076,25.952582078831828,0.0
2026-09-01T05:40:00,717460,56.93700644177103,25.952582078831828,0.0
2026-09-01T05:40:00,717461,51.41880343857854,25.952582078831828,1.8
2026-09-01T05:40:00,717462,49.441898722738145,25.952582078831828,0.0
2026-09-01T05:40:00,717463,54.342304137214356,25.952582078831828,0.0
2026-09-01T05:45:00,717447,64.25142613004618,25.96451676381505,1.8
2026-09-01T05:45:00,717512,66.47210501777374,25.96451676381505,0.0
2026-09-01T05:45:00,717446,61.54657623694906,25.96451676381505,0.0
2026-09-01T05:45:00,717445,61.60957781496136,25.96451676381505,0.0
2026-09-01T05:45:00,717458,56.67370866443194,25.96451676381505,0.0
2026-09-01T05:45:00,717459,55.590980975199365,25.96451676381505,0.0
2026-09-01T05:45:00,717460,52.64809402167835,25.96451676381505,0.0
2026-09-01T05:45:00,717461,53.10096813446449,25.96451676381505,0.0
2026-09-01T05:45:00,717462,53.09483469297612,25.96451676381505,0.0
2026-09-01T05:45:00,717463,56.52290994587341,25.96451676381505,1.8
2026-09-01T05:50:00,717447,60.79258659378621,25.97473080063275,0.0
2026-09-01T05:50:00,717512,68.53407513688565,25.97473080063275,0.0
2026-09-01T05:50:00,717446,62.79995839636178,25.97473080063275,0.0
2026-09-01T05:50:00,717445,60.940025045919974,25.97473080063275,1.8
2026-09-01T05:50:00,717458,58.630062169502814,25.97473080063275,0.0
2026-09-01T05:50:00,717459,56.85762174868002,25.97473080063275,0.0
2026-09-01T05:50:00,717460,54.42615239854199,25.97473080063275,0.0
2026-09-01T05:50:00,717461,50.78921881482825,25.97473080063275,0.0
2026-09-01T05:50:00,717462,51.28760404965629,25.97473080063275,0.0
2026-09-01T05:50:00,717463,57.415978169897684,25.97473080063275,0.0
2026-09-01T05:55:00,717447,64.68019598594144,25.983219756269566,0.0
2026-09-01T05:55:00,717512,66.65843661777122,25.983219756269566,1.8
2026-09-01T05:55:00,717446,58.82820400653968,25.983219756269566,0.0
2026-09-01T05:55:00,717445,56.328976556307005,25.983219756269566,0.0
2026-09-01T05:55:00,717458,58.275497153163286,25.983219756269566,1.8
2026-09-01T05:55:00,717459,54.66332705520968,25.983219756269566,0.0
2026-09-01T05:55:00,717460,56.474604483757844,25.983219756269566,0.0
2026-09-01T05:55:00,717461,49.90555980977472,25.983219756269566,0.0
2026-09-01T05:55:00,717462,47.392039820671236,25.983219756269566,0.0
2026-09-01T05:55:00,717463,53.295416457928326,25.983219756269566,0.0
2026-09-01T06:00:00,717447,67.61673095076408,25.989979946416216,0.0
2026-09-01T06:00:00,717512,62.6560708183491,25.989979946416216,1.8
2026-09-01T06:00:00,717446,61.87399452781613,25.989979946416216,0.0
2026-09-01T06:00:00,717445,59.227029964488196,25.989979946416216,0.0
2026-09-01T06:00:00,717458,58.3070962623592,25.989979946416216,1.8
2026-09-01T06:00:00,717459,52.357870299536025,25.989979946416216,0.0
2026-09-01T06:00:00,717460,53.19242396248167,25.989979946416216,0.0
2026-09-01T06:00:00,717461,57.90729331588228,25.989979946416216,0.0
2026-09-01T06:00:00,717462,49.722075496233224,25.989979946416216,0.0
2026-09-01T06:00:00,717463,50.84978844116656,25.989979946416216,0.0
2026-09-01T06:05:00,717447,65.81073107940087,25.995008437068513,0.0
2026-09-01T06:05:00,717512,61.39658872038303,25.995008437068513,0.0
2026-09-01T06:05:00,717446,60.34758532893342,25.995008437068513,1.8
2026-09-01T06:05:00,717445,57.644088586855815,25.995008437068513,0.0
2026-09-01T06:05:00,717458,59.4957640095291,25.995008437068513,1.8
2026-09-01T06:05:00,717459,59.04154492984708,25.995008437068513,0.0
2026-09-01T06:05:00,717460,52.61346959793947,25.995008437068513,1.8
2026-09-01T06:05:00,717461,49.77773911878999,25.995008437068513,0.0
2026-09-01T06:05:00,717462,47.06282186015343,25.995008437068513,0.0
2026-09-01T06:05:00,717463,52.89541196020095,25.995008437068513,0.0
2026-09-01T06:10:00,717447,62.85191517270671,25.998303045800768,0.0
2026-09-01T06:10:00,717512,67.96517791141218,25.998303045800768,0.0
2026-09-01T06:10:00,717446,59.531667434756514,25.998303045800768,0.0
2026-09-01T06:10:00,717445,57.78951039954038,25.998303045800768,0.0
2026-09-01T06:10:00,717458,57.68835630132953,25.998303045800768,0.0
2026-09-01T06:10:00,717459,56.651272777701855,25.998303045800768,0.0
2026-09-01T06:10:00,717460,53.96130008902759,25.998303045800768,0.0
2026-09-01T06:10:00,717461,51.018943880635284,25.998303045800768,0.0
2026-09-01T06:10:00,717462,52.1707228312212,25.998303045800768,0.0
2026-09-01T06:10:00,717463,50.858822369181205,25.998303045800768,0.0
2026-09-01T06:15:00,717447,61.06409921052053,25.999862342712994,0.0
2026-09-01T06:15:00,717512,62.39247898435682,25.999862342712994,0.0
2026-09-01T06:15:00,717446,58.77023794628611,25.999862342712994,0.0
2026-09-01T06:15:00,717445,53.60367138970548,25.999862342712994,1.8
2026-09-01T06:15:00,717458,54.51064348027812,25.999862342712994,1.8
2026-09-01T06:15:00,717459,54.57826617779963,25.999862342712994,1.8
2026-09-01T06:15:00,717460,54.109129861447286,25.999862342712994,0.0
2026-09-01T06:15:00,717461,54.32825834982616,25.999862342712994,0.0
2026-09-01T06:15:00,717462,51.732603331186326,25.999862342712994,0.0
2026-09-01T06:15:00,717463,44.412780387694355,25.999862342712994,1.8
2026-09-01T06:20:00,717447,56.897725792649304,25.9996856510515,0.0
2026-09-01T06:20:00,717512,61.12659621116124,25.9996856510515,0.0
2026-09-01T06:20:00,717446,57.486481408382005,25.9996856510515,1.8
2026-09-01T06:20:00,717445,61.39898843172248,25.9996856510515,0.0
2026-09-01T06:20:00,717458,56.172812392778965,25.9996856510515,0.0
2026-09-01T06:20:00,717459,53.515552107818515,25.9996856510515,0.0
2026-09-01T06:20:00,717460,51.486602030549804,25.9996856510515,0.0
2026-09-01T06:20:00,717461,51.219400961708246,25.9996856510515,1.8
2026-09-01T06:20:00,717462,51.40853196432222,25.9996856510515,0.0
2026-09-01T06:20:00,717463,49.73594808163288,25.9996856510515,0.0
2026-09-01T06:25:00,717447,62.69468637063352,25.997773047502594,0.0
2026-09-01T06:25:00,717512,54.191330058959835,25.997773047502594,0.0
2026-09-01T06:25:00,717446,53.34538786906328,25.997773047502594,0.0
2026-09-01T06:25:00,717445,55.57172775863149,25.997773047502594,0.0
2026-09-01T06:25:00,717458,56.67041214892391,25.997773047502594,0.0
2026-09-01T06:25:00,717459,56.12348944521749,25.997773047502594,1.8
2026-09-01T06:25:00,717460,50.916492762129394,25.997773047502594,1.8
2026-09-01T06:25:00,717461,43.672897087874816,25.997773047502594,0.0
2026-09-01T06:25:00,717462,48.607290619552096,25.997773047502594,0.0
2026-09-01T06:25:00,717463,50.221435980517185,25.997773047502594,0.0
2026-09-01T06:30:00,717447,59.04859730113734,25.994125362159327,1.8
2026-09-01T06:30:00,717512,59.63240134745959,25.994125362159327,0.0
2026-09-01T06:30:00,717446,60.284241353649804,25.994125362159327,1.8
2026-09-01T06:30:00,717445,55.01893812957542,25.994125362159327,0.0
2026-09-01T06:30:00,717458,52.9646800950818,25.994125362159327,0.0
2026-09-01T06:30:00,717459,50.440118706575625,25.994125362159327,0.0
2026-09-01T06:30:00,717460,47.77882341986226,25.994125362159327,0.0
2026-09-01T06:30:00,717461,45.85384265502611,25.994125362159327,0.0
2026-09-01T06:30:00,717462,47.48730863267658,25.994125362159327,0.0
2026-09-01T06:30:00,717463,51.41424091084456,25.994125362159327,0.0
2026-09-01T06:35:00,717447,60.30471984512153,25.988744178161195,1.8
2026-09-01T06:35:00,717512,55.60720800666661,25.988744178161195,0.0
2026-09-01T06:35:00,717446,62.34286687090023,25.988744178161195,0.0
2026-09-01T06:35:00,717445,52.85379746209371,25.988744178161195,0.0
2026-09-01T06:35:00,717458,57.37616609930012,25.988744178161195,1.8
2026-09-01T06:35:00,717459,56.95547582128428,25.988744178161195,0.0
2026-09-01T06:35:00,717460,52.45085865992107,25.988744178161195,0.0
2026-09-01T06:35:00,717461,47.83779612184741,25.988744178161195,0.0
2026-09-01T06:35:00,717462,47.574977577167395,25.988744178161195,1.8
2026-09-01T06:35:00,717463,48.02498314869845,25.988744178161195,1.8
2026-09-01T06:40:00,717447,53.333599729988784,25.98163183100706,0.0
2026-09-01T06:40:00,717512,53.26013648304592,25.98163183100706,0.0
2026-09-01T06:40:00,717446,51.83424565053206,25.98163183100706,0.0
2026-09-01T06:40:00,717445,55.38493685615973,25.98163183100706,1.8
2026-09-01T06:40:00,717458,56.13209106256687,25.98163183100706,0.0
2026-09-01T06:40:00,717459,53.531838530573076,25.98163183100706,1.8
2026-09-01T06:40:00,717460,53.163121655995326,25.98163183100706,0.0
2026-09-01T06:40:00,717461,46.70459333286949,25.98163183100706,0.0
2026-09-01T06:40:00,717462,46.806939082051464,25.98163183100706,0.0
2026-09-01T06:40:00,717463,45.82247954921274,25.98163183100706,0.0
2026-09-01T06:45:00,717447,57.77525058178149,25.9727914075415,1.8
2026-09-01T06:45:00,717512,61.702594300239916,25.9727914075415,0.0
2026-09-01T06:45:00,717446,52.07703257439624,25.9727914075415,0.0
2026-09-01T06:45:00,717445,55.591107649780376,25.9727914075415,0.0
2026-09-01T06:45:00,717458,56.19299254477427,25.9727914075415,0.0
2026-09-01T06:45:00,717459,51.93109453440554,25.9727914075415,0.0
2026-09-01T06:45:00,717460,48.11272907690801,25.9727914075415,0.0
2026-09-01T06:45:00,717461,45.489958263519654,25.9727914075415,0.0
2026-09-01T06:45:00,717462,43.673159683473564,25.9727914075415,0.0
2026-09-01T06:45:00,717463,39.708517497408664,25.9727914075415,0.0
2026-09-01T06:50:00,717447,54.70734423586144,25.962226744615087,0.0
2026-09-01T06:50:00,717512,53.34066520695199,25.962226744615087,0.0
2026-09-01T06:50:00,717446,55.55252557169799,25.962226744615087,0.0
2026-09-01T06:50:00,717445,50.02187279091194,25.962226744615087,0.0
2026-09-01T06:50:00,717458,50.06973996525952,25.962226744615087,0.0
2026-09-01T06:50:00,717459,50.21884495808366,25.962226744615087,0.0
2026-09-01T06:50:00,717460,49.644029961533505,25.962226744615087,0.0
2026-09-01T06:50:00,717461,49.17573846476821,25.962226744615087,0.0
2026-09-01T06:50:00,717462,46.31416978272988,25.962226744615087,0.0
2026-09-01T06:50:00,717463,40.68060926275122,25.962226744615087,0.0
2026-09-01T06:55:00,717447,55.468438929827734,25.949942427419153,0.0
2026-09-01T06:55:00,717512,51.11530439319432,25.949942427419153,0.0
2026-09-01T06:55:00,717446,55.584224288870715,25.949942427419153,0.0
2026-09-01T06:55:00,717445,50.73318980477799,25.949942427419153,0.0
2026-09-01T06:55:00,717458,50.19163461303552,25.949942427419153,0.0
2026-09-01T06:55:00,717459,56.07442441711099,25.949942427419153,0.0
2026-09-01T06:55:00,717460,49.32939993788341,25.949942427419153,0.0
2026-09-01T06:55:00,717461,47.012850229218145,25.949942427419153,0.0
2026-09-01T06:55:00,717462,44.25400712261848,25.949942427419153,1.8
2026-09-01T06:55:00,717463,39.79648036570171,25.949942427419153,0.0
2026-09-01T07:00:00,717447,52.48076768072939,25.93594378749575,0.0
2026-09-01T07:00:00,717512,49.356276089959565,25.93594378749575,0.0
2026-09-01T07:00:00,717446,55.717550965641685,25.93594378749575,0.0
2026-09-01T07:00:00,717445,50.69185204205641,25.93594378749575,0.0
2026-09-01T07:00:00,717458,51.89773191252442,25.93594378749575,0.0
2026-09-01T07:00:00,717459,45.278488739629324,25.93594378749575,1.8
2026-09-01T07:00:00,717460,43.553142513340745,25.93594378749575,0.0
2026-09-01T07:00:00,717461,46.652678754119044,25.93594378749575,0.0
2026-09-01T07:00:00,717462,40.84536091918117,25.93594378749575,0.0
2026-09-01T07:00:00,717463,40.99546255161724,25.93594378749575,0.0
2026-09-01T07:05:00,717447,57.07447667299751,25.920236900423696,0.0
2026-09-01T07:05:00,717512,49.49467656245349,25.920236900423696,0.0
2026-09-01T07:05:00,717446,45.23848792049821,25.920236900423696,0.0
2026-09-01T07:05:00,717445,43.01115868335497,25.920236900423696,1.8
2026-09-01T07:05:00,717458,42.51661617558702,25.920236900423696,0.0
2026-09-01T07:05:00,717459,49.681337429578846,25.920236900423696,1.8
2026-09-01T07:05:00,717460,43.038010681619966,25.920236900423696,0.0
2026-09-01T07:05:00,717461,51.168182976302056,25.920236900423696,1.8
2026-09-01T07:05:00,717462,46.91991497700092,25.920236900423696,0.0
2026-09-01T07:05:00,717463,47.11186378377467,25.920236900423696,0.0
2026-09-01T07:10:00,717447,53.707564364496335,25.902828583181726,0.0
2026-09-01T07:10:00,717512,51.2129576346655,25.902828583181726,0.0
2026-09-01T07:10:00,717446,45.78078013679503,25.902828583181726,1.8
2026-09-01T07:10:00,717445,47.025253414829095,25.902828583181726,0.0
2026-09-01T07:10:00,717458,47.9245391294321,25.902828583181726,0.0
2026-09-01T07:10:00,717459,47.50129241277348,25.902828583181726,0.0
2026-09-01T07:10:00,717460,40.01030944466143,25.902828583181726,0.0
2026-09-01T07:10:00,717461,41.6543984092228,25.902828583181726,0.0
2026-09-01T07:10:00,717462,40.78733472953385,25.902828583181726,0.0
2026-09-01T07:10:00,717463,39.4701342619121,25.902828583181726,0.0
2026-09-01T07:15:00,717447,46.27104274283191,25.883726391189803,0.0
2026-09-01T07:15:00,717512,53.70588091482208,25.883726391189803,0.0
2026-09-01T07:15:00,717446,46.26415091927002,25.883726391189803,0.0
2026-09-01T07:15:00,717445,42.86528550564908,25.883726391189803,0.0
2026-09-01T07:15:00,717458,50.19736213362335,25.883726391189803,0.0
2026-09-01T07:15:00,717459,47.973333800636084,25.883726391189803,0.0
2026-09-01T07:15:00,717460,42.566261956553134,25.883726391189803,0.0
2026-09-01T07:15:00,717461,35.63828511913097,25.883726391189803,0.0
2026-09-01T07:15:00,717462,38.34549371021479,25.883726391189803,0.0
2026-09-01T07:15:00,717463,33.75949401401914,25.883726391189803,0.0
2026-09-01T07:20:00,717447,49.5710031102132,25.86293861503,0.0
2026-09-01T07:20:00,717512,45.23210027151831,25.86293861503,0.0
2026-09-01T07:20:00,717446,45.54765807535214,25.86293861503,0.0
2026-09-01T07:20:00,717445,49.74695758051328,25.86293861503,0.0
2026-09-01T07:20:00,717458,41.423566609418714,25.86293861503,0.0
2026-09-01T07:20:00,717459,43.43652555872912,25.86293861503,1.8
2026-09-01T07:20:00,717460,43.12844362565812,25.86293861503,0.0
2026-09-01T07:20:00,717461,43.31100246215697,25.86293861503,1.8
2026-09-01T07:20:00,717462,38.12974056106419,25.86293861503,0.0
2026-09-01T07:20:00,717463,36.619181539973155,25.86293861503,0.0
2026-09-01T07:25:00,717447,46.02908786845346,25.84047427684828,0.0
2026-09-01T07:25:00,717512,46.61062106460657,25.84047427684828,0.0
2026-09-01T07:25:00,717446,48.78659025103661,25.84047427684828,1.8
2026-09-01T07:25:00,717445,42.29515374103033,25.84047427684828,0.0
2026-09-01T07:25:00,717458,34.63580376333922,25.84047427684828,0.0
2026-09-01T07:25:00,717459,43.36066073324119,25.84047427684828,0.0
2026-09-01T07:25:00,717460,39.709496695832655,25.84047427684828,0.0
2026-09-01T07:25:00,717461,39.85634219727034,25.84047427684828,1.8
2026-09-01T07:25:00,717462,32.420886973498405,25.84047427684828,0.0
2026-09-01T07:25:00,717463,34.321366512119155,25.84047427684828,0.0
2026-09-01T07:30:00,717447,47.77593269232294,25.816343126438774,0.0
2026-09-01T07:30:00,717512,40.430270383949704,25.816343126438774,0.0
2026-09-01T07:30:00,717446,44.39242860075804,25.816343126438774,0.0
2026-09-01T07:30:00,717445,41.686214206565005,25.816343126438774,0.0
2026-09-01T07:30:00,717458,38.389363923063314,25.816343126438774,0.0
2026-09-01T07:30:00,717459,36.96238134241431,25.816343126438774,0.0
2026-09-01T07:30:00,717460,35.14567319652227,25.816343126438774,0.0
2026-09-01T07:30:00,717461,37.17817820300137,25.816343126438774,0.0
2026-09-01T07:30:00,717462,36.32246331928913,25.816343126438774,0.0
2026-09-01T07:30:00,717463,33.49205513620749,25.816343126438774,1.8
2026-09-01T07:35:00,717447,40.88317951499285,25.79055563701226,0.0
2026-09-01T07:35:00,717512,34.13554510046585,25.79055563701226,0.0
2026-09-01T07:35:00,717446,43.009275963422674,25.79055563701226,0.0
2026-09-01T07:35:00,717445,43.211401074208254,25.79055563701226,0.0
2026-09-01T07:35:00,717458,41.157059333965265,25.79055563701226,1.8
2026-09-01T07:35:00,717459,44.27208296008477,25.79055563701226,0.0
2026-09-01T07:35:00,717460,36.35090722763515,25.79055563701226,1.8
2026-09-01T07:35:00,717461,39.824225808394225,25.79055563701226,0.0
2026-09-01T07:35:00,717462,32.56170401357606,25.79055563701226,0.0
2026-09-01T07:35:00,717463,30.90202053099891,25.79055563701226,0.0
2026-09-01T07:40:00,717447,43.212155942372824,25.76312300065065,0.0
2026-09-01T07:40:00,717512,46.518180369797115,25.76312300065065,0.0
2026-09-01T07:40:00,717446,39.5687111876418,25.76312300065065,0.0
2026-09-01T07:40:00,717445,34.55457256829846,25.76312300065065,0.0
2026-09-01T07:40:00,717458,40.69347432582992,25.76312300065065,0.0
2026-09-01T07:40:00,717459,36.61063340335003,25.76312300065065,0.0
2026-09-01T07:40:00,717460,36.5404037194855,25.76312300065065,0.0
2026-09-01T07:40:00,717461,32.18877184410289,25.76312300065065,0.0
2026-09-01T07:40:00,717462,33.58395622600173,25.76312300065065,0.0
2026-09-01T07:40:00,717463,27.72931105943634,25.76312300065065,0.0
2026-09-01T07:45:00,717447,47.263293929940346,25.734057123449503,0.0
2026-09-01T07:45:00,717512,43.683544798431654,25.734057123449503,0.0
2026-09-01T07:45:00,717446,39.44696713286992,25.734057123449503,0.0
2026-09-01T07:45:00,717445,40.60172162665437,25.734057123449503,0.0
2026-09-01T07:45:00,717458,34.91275110433533,25.734057123449503,0.0
2026-09-01T07:45:00,717459,38.73328305403119,25.734057123449503,0.0
2026-09-01T07:45:00,717460,33.439074604968084,25.734057123449503,0.0
2026-09-01T07:45:00,717461,32.03245521156172,25.734057123449503,0.0
2026-09-01T07:45:00,717462,29.17803286323965,25.734057123449503,0.0
2026-09-01T07:45:00,717463,32.1141977980681,25.734057123449503,0.0
2026-09-01T07:50:00,717447,40.58665175271508,25.703370620350633,0.0
2026-09-01T07:50:00,717512,43.550655048943085,25.703370620350633,0.0
2026-09-01T07:50:00,717446,34.926812798256165,25.703370620350633,0.0
2026-09-01T07:50:00,717445,38.198914674319745,25.703370620350633,0.0
2026-09-01T07:50:00,717458,39.27615153739106,25.703370620350633,0.0
2026-09-01T07:50:00,717459,42.28268430875264,25.703370620350633,0.0
2026-09-01T07:50:00,717460,33.89714628742881,25.703370620350633,0.0
2026-09-01T07:50:00,717461,31.05449450426474,25.703370620350633,0.0
2026-09-01T07:50:00,717462,31.419376311505644,25.703370620350633,0.0
2026-09-01T07:50:00,717463,33.66678598952068,25.703370620350633,0.0
2026-09-01T07:55:00,717447,43.42353478268791,25.67107680966706,0.0
2026-09-01T07:55:00,717512,37.917983999695075,25.67107680966706,0.0
2026-09-01T07:55:00,717446,40.96317322035164,25.67107680966706,0.0
2026-09-01T07:55:00,717445,35.80358539377166,25.67107680966706,0.0
2026-09-01T07:55:00,717458,37.194049660181975,25.67107680966706,1.8
2026-09-01T07:55:00,717459,35.112390285272454,25.67107680966706,0.0
2026-09-01T07:55:00,717460,31.09691513353685,25.67107680966706,0.0
2026-09-01T07:55:00,717461,28.304959027172806,25.67107680966706,0.0
2026-09-01T07:55:00,717462,33.523665143144804,25.67107680966706,0.0
2026-09-01T07:55:00,717463,33.23613773643567,25.67107680966706,0.0
2026-09-01T08:00:00,717447,39.74469579345549,25.637189707302728,0.0
2026-09-01T08:00:00,717512,37.260918703272914,25.637189707302728,1.8
2026-09-01T08:00:00,717446,32.59638614896626,25.637189707302728,0.0
2026-09-01T08:00:00,717445,38.49654368783035,25.637189707302728,1.8
2026-09-01T08:00:00,717458,34.58336913708409,25.637189707302728,0.0
2026-09-01T08:00:00,717459,31.756790601333435,25.637189707302728,0.0
2026-09-01T08:00:00,717460,33.9473974148174,25.637189707302728,0.0
2026-09-01T08:00:00,717461,26.09556648170542,25.637189707302728,0.0
2026-09-01T08:00:00,717462,25.932511548628938,25.637189707302728,1.8
2026-09-01T08:00:00,717463,25.700270610871115,25.637189707302728,0.0
2026-09-01T08:05:00,717447,39.254048707648415,25.6017240206694,0.0
2026-09-01T08:05:00,717512,37.05107050449046,25.6017240206694,0.0
2026-09-01T08:05:00,717446,37.216489564356976,25.6017240206694,0.0
2026-09-01T08:05:00,717445,37.44142468454034,25.6017240206694,0.0
2026-09-01T08:05:00,717458,34.930046262279866,25.6017240206694,1.8
2026-09-01T08:05:00,717459,37.41197096335731,25.6017240206694,0.0
2026-09-01T08:05:00,717460,33.83356716653259,25.6017240206694,0.0
2026-09-01T08:05:00,717461,28.951181666810875,25.6017240206694,0.0
2026-09-01T08:05:00,717462,26.5063406008099,25.6017240206694,0.0
2026-09-01T08:05:00,717463,26.64072531175919,25.6017240206694,0.0
2026-09-01T08:10:00,717447,39.14988983264635,25.564695142303492,0.0
2026-09-01T08:10:00,717512,34.5150752695197,25.564695142303492,0.0
2026-09-01T08:10:00,717446,36.83796582389174,25.564695142303492,1.8
2026-09-01T08:10:00,717445,35.26763683326839,25.564695142303492,0.0
2026-09-01T08:10:00,717458,29.415218275095445,25.564695142303492,0.0
2026-09-01T08:10:00,717459,34.279480729754326,25.564695142303492,0.0
2026-09-01T08:10:00,717460,30.923396321433255,25.564695142303492,1.8
2026-09-01T08:10:00,717461,34.1360854116146,25.564695142303492,0.0
2026-09-01T08:10:00,717462,27.363275563566035,25.564695142303492,0.0
2026-09-01T08:10:00,717463,25.311995032726408,25.564695142303492,0.0
2026-09-01T08:15:00,717447,33.31113781572019,25.52611914318551,0.0
2026-09-01T08:15:00,717512,32.06877630842167,25.52611914318551,1.8
2026-09-01T08:15:00,717446,36.92310784907998,25.52611914318551,0.0
2026-09-01T08:15:00,717445,38.004025190905026,25.52611914318551,0.0
2026-09-01T08:15:00,717458,31.358837417546834,25.52611914318551,0.0
2026-09-01T08:15:00,717459,29.965719903589218,25.52611914318551,1.8
2026-09-01T08:15:00,717460,29.4823415624988,25.52611914318551,1.8
2026-09-01T08:15:00,717461,31.557819980983822,25.52611914318551,0.0
2026-09-01T08:15:00,717462,24.090125670587533,25.52611914318551,1.8
2026-09-01T08:15:00,717463,26.387292021363614,25.52611914318551,0.0
2026-09-01T08:20:00,717447,38.99879400248001,25.48601276576506,0.0
2026-09-01T08:20:00,717512,36.37648362295226,25.48601276576506,0.0
2026-09-01T08:20:00,717446,25.563504234135017,25.48601276576506,0.0
2026-09-01T08:20:00,717445,34.506827071725446,25.48601276576506,0.0
2026-09-01T08:20:00,717458,32.80680891170767,25.48601276576506,0.0
2026-09-01T08:20:00,717459,34.1941767486216,25.48601276576506,0.0
2026-09-01T08:20:00,717460,33.710035887098655,25.48601276576506,0.0
2026-09-01T08:20:00,717461,31.61794447388487,25.48601276576506,0.0
2026-09-01T08:20:00,717462,26.699502029837504,25.48601276576506,1.8
2026-09-01T08:20:00,717463,20.467303677441222,25.48601276576506,0.0
2026-09-01T08:25:00,717447,42.3439654096536,25.444393416694414,0.0
2026-09-01T08:25:00,717512,34.103479819863146,25.444393416694414,0.0
2026-09-01T08:25:00,717446,33.56194459627752,25.444393416694414,0.0
2026-09-01T08:25:00,717445,37.316290378452415,25.444393416694414,1.8
2026-09-01T08:25:00,717458,28.80372550006601,25.444393416694414,0.0
2026-09-01T08:25:00,717459,25.87106972349804,25.444393416694414,1.8
2026-09-01T08:25:00,717460,27.343230583608378,25.444393416694414,0.0
2026-09-01T08:25:00,717461,25.35387431753859,25.444393416694414,0.0
2026-09-01T08:25:00,717462,22.012184866144658,25.444393416694414,0.0
2026-09-01T08:25:00,717463,24.78182053927408,25.444393416694414,0.0
2026-09-01T08:30:00,717447,35.997319258748526,25.40127915927381,1.8
2026-09-01T08:30:00,717512,30.177345501550228,25.40127915927381,1.8
2026-09-01T08:30:00,717446,32.42237276879543,25.40127915927381,0.0
2026-09-01T08:30:00,717445,29.89353078317327,25.40127915927381,0.0
2026-09-01T08:30:00,717458,25.324482591007783,25.40127915927381,0.0
2026-09-01T08:30:00,717459,30.09507823738727,25.40127915927381,0.0
2026-09-01T08:30:00,717460,29.189589884658087,25.40127915927381,1.8
2026-09-01T08:30:00,717461,25.09409200472856,25.40127915927381,0.0
2026-09-01T08:30:00,717462,29.37802141574081,25.40127915927381,0.0
2026-09-01T08:30:00,717463,25.013934945960848,25.40127915927381,0.0
2026-09-01T08:35:00,717447,33.7059169563716,25.356688705611774,0.0
2026-09-01T08:35:00,717512,30.089994079264507,25.356688705611774,0.0
2026-09-01T08:35:00,717446,34.23251721013744,25.356688705611774,0.0
2026-09-01T08:35:00,717445,33.757312326792785,25.356688705611774,0.0
2026-09-01T08:35:00,717458,29.581954102052666,25.356688705611774,0.0
2026-09-01T08:35:00,717459,30.271516293059634,25.356688705611774,1.8
2026-09-01T08:35:00,717460,33.467799141869264,25.356688705611774,1.8
2026-09-01T08:35:00,717461,30.121655204699586,25.356688705611774,0.0
2026-09-01T08:35:00,717462,19.775691053115075,25.356688705611774,1.8
2026-09-01T08:35:00,717463,22.87367729937573,25.356688705611774,0.0
2026-09-01T08:40:00,717447,35.67943021172779,25.31064140850384,1.8
2026-09-01T08:40:00,717512,35.10375676188101,25.31064140850384,0.0
2026-09-01T08:40:00,717446,34.17916512890489,25.31064140850384,0.0
2026-09-01T08:40:00,717445,33.79902306171293,25.31064140850384,0.0
2026-09-01T08:40:00,717458,30.977436716151924,25.31064140850384,0.0
2026-09-01T08:40:00,717459,30.129749981839247,25.31064140850384,0.0
2026-09-01T08:40:00,717460,31.732611014744446,25.31064140850384,0.0
2026-09-01T08:40:00,717461,28.53457360861018,25.31064140850384,1.8
2026-09-01T08:40:00,717462,23.042022491042722,25.31064140850384,1.8
2026-09-01T08:40:00,717463,25.59888023033428,25.31064140850384,0.0
2026-09-01T08:45:00,717447,36.08657253861317,25.26315725303319,0.0
2026-09-01T08:45:00,717512,29.626637936437046,25.26315725303319,1.8
2026-09-01T08:45:00,717446,34.551754248922165,25.26315725303319,0.0
2026-09-01T08:45:00,717445,29.789159650152087,25.26315725303319,0.0
2026-09-01T08:45:00,717458,34.58055667451018,25.26315725303319,0.0
2026-09-01T08:45:00,717459,31.753768158545014,25.26315725303319,0.0
2026-09-01T08:45:00,717460,25.69127457766052,25.26315725303319,0.0
2026-09-01T08:45:00,717461,30.829647593759965,25.26315725303319,0.0
2026-09-01T08:45:00,717462,31.049580973122943,25.26315725303319,0.0
2026-09-01T08:45:00,717463,24.922045529133108,25.26315725303319,0.0
2026-09-01T08:50:00,717447,36.618608156433304,25.21425684789688,0.0
2026-09-01T08:50:00,717512,38.25395920032429,25.21425684789688,0.0
2026-09-01T08:50:00,717446,38.534555109479406,25.21425684789688,0.0
2026-09-01T08:50:00,717445,28.43405841673792,25.21425684789688,0.0
2026-09-01T08:50:00,717458,28.94863509019935,25.21425684789688,0.0
2026-09-01T08:50:00,717459,29.789091516981195,25.21425684789688,1.8
2026-09-01T08:50:00,717460,28.897431528287722,25.21425684789688,0.0
2026-09-01T08:50:00,717461,30.960515977652967,25.21425684789688,1.8
2026-09-01T08:50:00,717462,31.352460619203768,25.21425684789688,0.0
2026-09-01T08:50:00,717463,30.40858581321482,25.21425684789688,1.8
2026-09-01T08:55:00,717447,32.66201058138099,25.163961416461447,0.0
2026-09-01T08:55:00,717512,34.09471495855527,25.163961416461447,0.0
2026-09-01T08:55:00,717446,31.609278542404077,25.163961416461447,0.0
2026-09-01T08:55:00,717445,32.33493238058516,25.163961416461447,0.0
2026-09-01T08:55:00,717458,30.483514598278898,25.163961416461447,0.0
2026-09-01T08:55:00,717459,32.98450829143611,25.163961416461447,1.8
2026-09-01T08:55:00,717460,32.15117790205494,25.163961416461447,0.0
2026-09-01T08:55:00,717461,29.331591967476655,25.163961416461447,1.8
2026-09-01T08:55:00,717462,27.84723628042783,25.163961416461447,0.0
2026-09-01T08:55:00,717463,25.802292068397456,25.163961416461447,1.8
2026-09-01T09:00:00,717447,37.75711733343094,25.112292787551684,0.0
2026-09-01T09:00:00,717512,42.129447032946395,25.112292787551684,0.0
2026-09-01T09:00:00,717446,38.22436873496446,25.112292787551684,0.0
2026-09-01T09:00:00,717445,33.932047052164215,25.112292787551684,0.0
2026-09-01T09:00:00,717458,33.41159908941956,25.112292787551684,0.0
2026-09-01T09:00:00,717459,33.87665629886308,25.112292787551684,0.0
2026-09-01T09:00:00,717460,27.75173050223508,25.112292787551684,0.0
2026-09-01T09:00:00,717461,30.562334805723367,25.112292787551684,0.0
2026-09-01T09:00:00,717462,30.847658825754515,25.112292787551684,0.0
2026-09-01T09:00:00,717463,29.236038946265623,25.112292787551684,0.0
2026-09-01T09:05:00,717447,37.10883832331974,25.05927338597668,1.8
2026-09-01T09:05:00,717512,36.409646784291105,25.05927338597668,0.0
2026-09-01T09:05:00,717446,31.134290147917092,25.05927338597668,0.0
2026-09-01T09:05:00,717445,38.11592034739705,25.05927338597668,1.8
2026-09-01T09:05:00,717458,40.89443758829438,25.05927338597668,0.0
2026-09-01T09:05:00,717459,30.71403580428518,25.05927338597668,0.0
2026-09-01T09:05:00,717460,35.57506848404017,25.05927338597668,0.0
2026-09-01T09:05:00,717461,36.947231941706235,25.05927338597668,0.0
2026-09-01T09:05:00,717462,28.476258208704294,25.05927338597668,0.0
2026-09-01T09:05:00,717463,28.354344516132052,25.05927338597668,0.0
2026-09-01T09:10:00,717447,41.27521236459308,25.004926222797174,0.0
2026-09-01T09:10:00,717512,40.71707289540566,25.004926222797174,0.0
2026-09-01T09:10:00,717446,39.03814499862167,25.004926222797174,1.8
2026-09-01T09:10:00,717445,35.739047677843985,25.004926222797174,0.0
2026-09-01T09:10:00,717458,37.578709049677514,25.004926222797174,0.0
2026-09-01T09:10:00,717459,33.40516237197846,25.004926222797174,1.8
2026-09-01T09:10:00,717460,34.44529456181593,25.004926222797174,0.0
2026-09-01T09:10:00,717461,32.02620493905443,25.004926222797174,0.0
2026-09-01T09:10:00,717462,25.59489597548872,25.004926222797174,0.0
2026-09-01T09:10:00,717463,33.49975788225134,25.004926222797174,0.0
2026-09-01T09:15:00,717447,39.85641671505504,24.949274885338475,0.0
2026-09-01T09:15:00,717512,44.566714876697965,24.949274885338475,0.0
2026-09-01T09:15:00,717446,42.411571024383676,24.949274885338475,0.0
2026-09-01T09:15:00,717445,38.713117339572996,24.949274885338475,0.0
2026-09-01T09:15:00,717458,38.406767882323535,24.949274885338475,0.0
2026-09-01T09:15:00,717459,37.57904735503569,24.949274885338475,0.0
2026-09-01T09:15:00,717460,33.85138533626355,24.949274885338475,0.0
2026-09-01T09:15:00,717461,32.789580746224985,24.949274885338475,0.0
2026-09-01T09:15:00,717462,33.8240707640281,24.949274885338475,0.0
2026-09-01T09:15:00,717463,22.02223469319268,24.949274885338475,0.0
2026-09-01T09:20:00,717447,42.788018718577895,24.892343526953297,0.0
2026-09-01T09:20:00,717512,40.478589628648926,24.892343526953297,0.0
2026-09-01T09:20:00,717446,38.125511984444756,24.892343526953297,0.0
2026-09-01T09:20:00,717445,40.46530184928919,24.892343526953297,0.0
2026-09-01T09:20:00,717458,36.16399331414569,24.892343526953297,0.0
2026-09-01T09:20:00,717459,39.43132540506386,24.892343526953297,0.0
2026-09-01T09:20:00,717460,38.503520124043845,24.892343526953297,0.0
2026-09-01T09:20:00,717461,35.983401248207464,24.892343526953297,1.8
2026-09-01T09:20:00,717462,35.41943234845957,24.892343526953297,0.0
2026-09-01T09:20:00,717463,33.59267984926046,24.892343526953297,1.8
2026-09-01T09:25:00,717447,46.500825116466835,24.83415685653889,0.0
2026-09-01T09:25:00,717512,45.1624705302245,24.83415685653889,0.0
2026-09-01T09:25:00,717446,42.753941163408534,24.83415685653889,1.8
2026-09-01T09:25:00,717445,43.710047255733066,24.83415685653889,0.0
2026-09-01T09:25:00,717458,38.8103956489525,24.83415685653889,0.0
2026-09-01T09:25:00,717459,35.86488860636444,24.83415685653889,1.8
2026-09-01T09:25:00,717460,34.522336777783906,24.83415685653889,0.0
2026-09-01T09:25:00,717461,34.77571195186667,24.83415685653889,0.0
2026-09-01T09:25:00,717462,28.81875253992243,24.83415685653889,1.8
2026-09-01T09:25:00,717463,33.939477662902604,24.83415685653889,0.0
2026-09-01T09:30:00,717447,47.37087564286282,24.774740127813086,1.8
2026-09-01T09:30:00,717512,47.00584905044528,24.774740127813086,1.8
2026-09-01T09:30:00,717446,38.17045904445869,24.774740127813086,0.0
2026-09-01T09:30:00,717445,39.50496430186696,24.774740127813086,0.0
2026-09-01T09:30:00,717458,43.081563163360855,24.774740127813086,0.0
2026-09-01T09:30:00,717459,38.811660221247195,24.774740127813086,0.0
2026-09-01T09:30:00,717460,40.09939272819328,24.774740127813086,0.0
2026-09-01T09:30:00,717461,33.27536345300519,24.774740127813086,0.0
2026-09-01T09:30:00,717462,39.875114425081556,24.774740127813086,1.8
2026-09-01T09:30:00,717463,30.666677440208275,24.774740127813086,0.0
2026-09-01T09:35:00,717447,37.64998805196749,24.71411912835389,0.0
2026-09-01T09:35:00,717512,46.06007315369104,24.71411912835389,0.0
2026-09-01T09:35:00,717446,44.937502765253846,24.71411912835389,0.0
2026-09-01T09:35:00,717445,41.633615962533824,24.71411912835389,0.0
2026-09-01T09:35:00,717458,43.33759782749863,24.71411912835389,0.0
2026-09-01T09:35:00,717459,42.224934996929846,24.71411912835389,0.0
2026-09-01T09:35:00,717460,40.68577242096626,24.71411912835389,0.0
2026-09-01T09:35:00,717461,36.78163364230747,24.71411912835389,0.0
2026-09-01T09:35:00,717462,35.02438512616279,24.71411912835389,0.0
2026-09-01T09:35:00,717463,34.68067720509065,24.71411912835389,1.8
2026-09-01T09:40:00,717447,45.562942955057785,24.652320168407343,1.8
2026-09-01T09:40:00,717512,50.1932947541778,24.652320168407343,0.0
2026-09-01T09:40:00,717446,44.64651860266564,24.652320168407343,0.0
2026-09-01T09:40:00,717445,44.89577480378132,24.652320168407343,1.8
2026-09-01T09:40:00,717458,45.7054975462073,24.652320168407343,0.0
2026-09-01T09:40:00,717459,39.428812105071685,24.652320168407343,1.8
2026-09-01T09:40:00,717460,36.792589981784744,24.652320168407343,0.0
2026-09-01T09:40:00,717461,37.172429173039895,24.652320168407343,0.0
2026-09-01T09:40:00,717462,39.217886739210165,24.652320168407343,0.0
2026-09-01T09:40:00,717463,37.81097248630702,24.652320168407343,0.0
2026-09-01T09:45:00,717447,50.51499770656048,24.58937006946858,1.8
2026-09-01T09:45:00,717512,47.83393789797632,24.58937006946858,0.0
2026-09-01T09:45:00,717446,39.627151681944525,24.58937006946858,0.0
2026-09-01T09:45:00,717445,45.34076567021489,24.58937006946858,0.0
2026-09-01T09:45:00,717458,47.43979561054732,24.58937006946858,0.0
2026-09-01T09:45:00,717459,47.05199532219246,24.58937006946858,0.0
2026-09-01T09:45:00,717460,42.40957592965812,24.58937006946858,0.0
2026-09-01T09:45:00,717461,41.5355502789906,24.58937006946858,1.8
2026-09-01T09:45:00,717462,41.590916606087234,24.58937006946858,1.8
2026-09-01T09:45:00,717463,42.155256468280264,24.58937006946858,0.0
2026-09-01T09:50:00,717447,50.63696057302282,24.525296152640944,0.0
2026-09-01T09:50:00,717512,51.23899694324037,24.525296152640944,0.0
2026-09-01T09:50:00,717446,46.58376614797828,24.525296152640944,0.0
2026-09-01T09:50:00,717445,43.373239418710554,24.525296152640944,1.8
2026-09-01T09:50:00,717458,44.47563146938399,24.525296152640944,0.0
2026-09-01T09:50:00,717459,48.99277929986526,24.525296152640944,0.0
2026-09-01T09:50:00,717460,45.301998128583236,24.525296152640944,0.0
2026-09-01T09:50:00,717461,38.81887734311072,24.525296152640944,0.0
2026-09-01T09:50:00,717462,43.04681854817667,24.525296152640944,0.0
2026-09-01T09:50:00,717463,36.619804997332565,24.525296152640944,0.0
2026-09-01T09:55:00,717447,53.02281355918765,24.460126226778343,0.0
2026-09-01T09:55:00,717512,47.987430317822565,24.460126226778343,0.0
2026-09-01T09:55:00,717446,45.925349302293114,24.460126226778343,0.0
2026-09-01T09:55:00,717445,53.221603840662986,24.460126226778343,0.0
2026-09-01T09:55:00,717458,46.10772955364815,24.460126226778343,0.0
2026-09-01T09:55:00,717459,47.703147274142125,24.460126226778343,1.8
2026-09-01T09:55:00,717460,44.81634250708227,24.460126226778343,0.0
2026-09-01T09:55:00,717461,40.487022613550685,24.460126226778343,0.0
2026-09-01T09:55:00,717462,41.607785234875045,24.460126226778343,0.0
2026-09-01T09:55:00,717463,38.11053685706956,24.460126226778343,0.0
2026-09-01T10:00:00,717447,60.34568350699783,24.393888576415826,1.8
2026-09-01T10:00:00,717512,54.26165010585316,24.393888576415826,0.0
2026-09-01T10:00:00,717446,50.775234920595224,24.393888576415826,0.0
2026-09-01T10:00:00,717445,51.14919458768471,24.393888576415826,0.0
2026-09-01T10:00:00,717458,50.45398118848282,24.393888576415826,0.0
2026-09-01T10:00:00,717459,49.26239441928289,24.393888576415826,0.0
2026-09-01T10:00:00,717460,47.92642095005955,24.393888576415826,1.8
2026-09-01T10:00:00,717461,46.48327964338322,24.393888576415826,0.0
2026-09-01T10:00:00,717462,43.81340612794504,24.393888576415826,0.0
2026-09-01T10:00:00,717463,46.95489769664465,24.393888576415826,0.0
2026-09-01T10:05:00,717447,54.76365727981925,24.326611949493778,0.0
2026-09-01T10:05:00,717512,53.22203786167775,24.326611949493778,1.8
2026-09-01T10:05:00,717446,52.38939974922092,24.326611949493778,0.0
2026-09-01T10:05:00,717445,51.4012343498352,24.326611949493778,0.0
2026-09-01T10:05:00,717458,44.66666282068015,24.326611949493778,1.8
2026-09-01T10:05:00,717459,45.78388368176896,24.326611949493778,0.0
2026-09-01T10:05:00,717460,46.759610475662555,24.326611949493778,0.0
2026-09-01T10:05:00,717461,40.939808322647195,24.326611949493778,0.0
2026-09-01T10:05:00,717462,44.73203422099758,24.326611949493778,0.0
2026-09-01T10:05:00,717463,44.161477473265755,24.326611949493778,1.8
2026-09-01T10:10:00,717447,51.590610331372915,24.258325544880964,0.0
2026-09-01T10:10:00,717512,52.32202040277222,24.258325544880964,1.8
2026-09-01T10:10:00,717446,56.816036011901964,24.258325544880964,0.0
2026-09-01T10:10:00,717445,53.444177809066026,24.258325544880964,1.8
2026-09-01T10:10:00,717458,52.06576987238101,24.258325544880964,0.0
2026-09-01T10:10:00,717459,52.79155174245446,24.258325544880964,0.0
2026-09-01T10:10:00,717460,45.738532093259636,24.258325544880964,0.0
2026-09-01T10:10:00,717461,43.19837105014681,24.258325544880964,0.0
2026-09-01T10:10:00,717462,48.73310817665796,24.258325544880964,0.0
2026-09-01T10:10:00,717463,44.34325155596309,24.258325544880964,1.8
2026-09-01T10:15:00,717447,53.902157841322456,24.18905899970186,1.8
2026-09-01T10:15:00,717512,61.47620271129684,24.18905899970186,0.0
2026-09-01T10:15:00,717446,49.184603464858355,24.18905899970186,0.0
2026-09-01T10:15:00,717445,53.3618082828997,24.18905899970186,0.0
2026-09-01T10:15:00,717458,51.037469441208046,24.18905899970186,0.0
2026-09-01T10:15:00,717459,49.33525027778125,24.18905899970186,0.0
2026-09-01T10:15:00,717460,42.572000812224005,24.18905899970186,1.8
2026-09-01T10:15:00,717461,52.6078876501015,24.18905899970186,0.0
2026-09-01T10:15:00,717462,42.53571508886209,24.18905899970186,1.8
2026-09-01T10:15:00,717463,44.807629558509284,24.18905899970186,0.0
2026-09-01T10:20:00,717447,56.087244264079466,24.118842376473793,0.0
2026-09-01T10:20:00,717512,57.94063733428761,24.118842376473793,0.0
2026-09-01T10:20:00,717446,50.18060446932421,24.118842376473793,0.0
2026-09-01T10:20:00,717445,55.16149552322128,24.118842376473793,0.0
2026-09-01T10:20:00,717458,53.14409602780664,24.118842376473793,0.0
2026-09-01T10:20:00,717459,49.38903099158562,24.118842376473793,0.0
2026-09-01T10:20:00,717460,51.45263914355456,24.118842376473793,0.0
2026-09-01T10:20:00,717461,49.032420857222704,24.118842376473793,0.0
2026-09-01T10:20:00,717462,53.18802185433568,24.118842376473793,0.0
2026-09-01T10:20:00,717463,46.002266149793556,24.118842376473793,0.0
2026-09-01T10:25:00,717447,55.401631505682616,24.047706150059437,0.0
2026-09-01T10:25:00,717512,58.48815946977777,24.047706150059437,0.0
2026-09-01T10:25:00,717446,54.93176654456718,24.047706150059437,1.8
2026-09-01T10:25:00,717445,54.668814852406705,24.047706150059437,0.0
2026-09-01T10:25:00,717458,49.71971743422749,24.047706150059437,0.0
2026-09-01T10:25:00,717459,54.08448661520274,24.047706150059437,0.0
2026-09-01T10:25:00,717460,49.66081419285814,24.047706150059437,0.0
2026-09-01T10:25:00,717461,50.66857532509279,24.047706150059437,1.8
2026-09-01T10:25:00,717462,54.97010600363618,24.047706150059437,1.8
2026-09-01T10:25:00,717463,46.72986353389866,24.047706150059437,0.0
2026-09-01T10:30:00,717447,61.327100404583085,23.975681194440355,0.0
2026-09-01T10:30:00,717512,57.35085197042896,23.975681194440355,1.8
2026-09-01T10:30:00,717446,54.746405375119,23.975681194440355,0.0
2026-09-01T10:30:00,717445,59.45843658690231,23.975681194440355,0.0
2026-09-01T10:30:00,717458,48.694904636001425,23.975681194440355,0.0
2026-09-01T10:30:00,717459,56.11706555959404,23.975681194440355,0.0
2026-09-01T10:30:00,717460,45.984213036947764,23.975681194440355,0.0
2026-09-01T10:30:00,717461,53.3723165049812,23.975681194440355,0.0
2026-09-01T10:30:00,717462,49.537343693592575,23.975681194440355,0.0
2026-09-01T10:30:00,717463,45.43270623189334,23.975681194440355,1.8
2026-09-01T10:35:00,717447,58.62491155387613,23.902798769317325,0.0
2026-09-01T10:35:00,717512,60.70497586352657,23.902798769317325,0.0
2026-09-01T10:35:00,717446,63.375342246202926,23.902798769317325,0.0
2026-09-01T10:35:00,717445,51.553295657523314,23.902798769317325,0.0
2026-09-01T10:35:00,717458,52.34966834768709,23.902798769317325,0.0
2026-09-01T10:35:00,717459,49.8550796154395,23.902798769317325,0.0
2026-09-01T10:35:00,717460,52.07865932032537,23.902798769317325,0.0
2026-09-01T10:35:00,717461,54.21097082842985,23.902798769317325,0.0
2026-09-01T10:35:00,717462,45.89249342250179,23.902798769317325,0.0
2026-09-01T10:35:00,717463,49.00975364911831,23.902798769317325,0.0
2026-09-01T10:40:00,717447,63.18746710503906,23.82909050654325,0.0
2026-09-01T10:40:00,717512,58.064519553704,23.82909050654325,1.8
2026-09-01T10:40:00,717446,50.31416336486576,23.82909050654325,0.0
2026-09-01T10:40:00,717445,57.52364937513664,23.82909050654325,0.0
2026-09-01T10:40:00,717458,59.434151510213624,23.82909050654325,0.0
2026-09-01T10:40:00,717459,51.31364389580001,23.82909050654325,0.0
2026-09-01T10:40:00,717460,47.99104218272761,23.82909050654325,0.0
2026-09-01T10:40:00,717461,53.085760412504094,23.82909050654325,1.8
2026-09-01T10:40:00,717462,51.96983438536217,23.82909050654325,1.8
2026-09-01T10:40:00,717463,48.265119242406506,23.82909050654325,0.0
2026-09-01T10:45:00,717447,59.11204843141466,23.75458839639453,0.0
2026-09-01T10:45:00,717512,60.04162992136356,23.75458839639453,0.0
2026-09-01T10:45:00,717446,55.477434852311085,23.75458839639453,0.0
2026-09-01T10:45:00,717445,54.28169728224393,23.75458839639453,1.8
2026-09-01T10:45:00,717458,58.37729251776901,23.75458839639453,0.0
2026-09-01T10:45:00,717459,51.69279056342352,23.75458839639453,0.0
2026-09-01T10:45:00,717460,48.7617524825277,23.75458839639453,0.0
2026-09-01T10:45:00,717461,50.70647871189253,23.75458839639453,0.0
2026-09-01T10:45:00,717462,50.14595988197133,23.75458839639453,0.0
2026-09-01T10:45:00,717463,51.725355348655185,23.75458839639453,0.0
2026-09-01T10:50:00,717447,59.893638007076106,23.679324773686947,0.0
2026-09-01T10:50:00,717512,64.75327817624655,23.679324773686947,0.0
2026-09-01T10:50:00,717446,59.542123018846105,23.679324773686947,0.0
2026-09-01T10:50:00,717445,55.66137142622825,23.679324773686947,0.0
2026-09-01T10:50:00,717458,58.14136325381708,23.679324773686947,0.0
2026-09-01T10:50:00,717459,59.890964369990314,23.679324773686947,1.8
2026-09-01T10:50:00,717460,56.437518868759454,23.679324773686947,0.0
2026-09-01T10:50:00,717461,48.77692768587158,23.679324773686947,0.0
2026-09-01T10:50:00,717462,50.93425477529397,23.679324773686947,0.0
2026-09-01T10:50:00,717463,51.63676920990612,23.679324773686947,0.0
2026-09-01T10:55:00,717447,63.9915915980022,23.603332303741904,0.0
2026-09-01T10:55:00,717512,60.421832564432485,23.603332303741904,0.0
2026-09-01T10:55:00,717446,58.809419543922075,23.603332303741904,0.0
2026-09-01T10:55:00,717445,63.957056488330615,23.603332303741904,0.0
2026-09-01T10:55:00,717458,59.36919517675703,23.603332303741904,0.0
2026-09-01T10:55:00,717459,57.436182252437014,23.603332303741904,0.0
2026-09-01T10:55:00,717460,53.29651715875556,23.603332303741904,0.0
2026-09-01T10:55:00,717461,50.47095972167857,23.603332303741904,0.0
2026-09-01T10:55:00,717462,53.889926112454326,23.603332303741904,0.0
2026-09-01T10:55:00,717463,53.70823193113,23.603332303741904,0.0
2026-09-01T11:00:00,717447,62.582203356245735,23.526643968209328,0.0
2026-09-01T11:00:00,717512,63.40521637951041,23.526643968209328,0.0
2026-09-01T11:00:00,717446,62.28560468543021,23.526643968209328,0.0
2026-09-01T11:00:00,717445,61.54629774496231,23.526643968209328,1.8
2026-09-01T11:00:00,717458,53.24537017269044,23.526643968209328,0.0
2026-09-01T11:00:00,717459,55.52790381031304,23.526643968209328,0.0
2026-09-01T11:00:00,717460,56.9009885768765,23.526643968209328,1.8
2026-09-01T11:00:00,717461,54.34831247427575,23.526643968209328,0.0
2026-09-01T11:00:00,717462,55.09547667334048,23.526643968209328,0.0
2026-09-01T11:00:00,717463,53.061910245901046,23.526643968209328,0.0
2026-09-01T11:05:00,717447,56.51318595300176,23.4492930507532,1.8
2026-09-01T11:05:00,717512,65.06467284787658,23.4492930507532,0.0
2026-09-01T11:05:00,717446,59.13670234459028,23.4492930507532,0.0
2026-09-01T11:05:00,717445,56.78488742048613,23.4492930507532,0.0
2026-09-01T11:05:00,717458,61.35302386475536,23.4492930507532,0.0
2026-09-01T11:05:00,717459,58.82423256134558,23.4492930507532,0.0
2026-09-01T11:05:00,717460,59.40904666877469,23.4492930507532,0.0
2026-09-01T11:05:00,717461,55.35696630631706,23.4492930507532,1.8
2026-09-01T11:05:00,717462,52.265383294876884,23.4492930507532,0.0
2026-09-01T11:05:00,717463,52.60338011464225,23.4492930507532,0.0
2026-09-01T11:10:00,717447,60.210467578281815,23.371313122606082,0.0
2026-09-01T11:10:00,717512,58.04057124529742,23.371313122606082,0.0
2026-09-01T11:10:00,717446,59.010791921749664,23.371313122606082,1.8
2026-09-01T11:10:00,717445,64.29976523257753,23.371313122606082,0.0
2026-09-01T11:10:00,717458,56.89117771367114,23.371313122606082,0.0
2026-09-01T11:10:00,717459,52.17650823004919,23.371313122606082,0.0
2026-09-01T11:10:00,717460,55.63088756901803,23.371313122606082,0.0
2026-09-01T11:10:00,717461,53.253720213356225,23.371313122606082,0.0
2026-09-01T11:10:00,717462,57.050778550535405,23.371313122606082,0.0
2026-09-01T11:10:00,717463,56.844079792506804,23.371313122606082,0.0
2026-09-01T11:15:00,717447,62.33922349298678,23.292738027998748,0.0
2026-09-01T11:15:00,717512,63.16046049610527,23.292738027998748,0.0
2026-09-01T11:15:00,717446,62.21098262100627,23.292738027998748,1.8
2026-09-01T11:15:00,717445,59.83366192164526,23.292738027998748,0.0
2026-09-01T11:15:00,717458,58.088416833739316,23.292738027998748,0.0
2026-09-01T11:15:00,717459,54.8069195435517,23.292738027998748,0.0
2026-09-01T11:15:00,717460,50.841055389642335,23.292738027998748,0.0
2026-09-01T11:15:00,717461,52.39108639577938,23.292738027998748,0.0
2026-09-01T11:15:00,717462,53.72930506698553,23.292738027998748,0.0
2026-09-01T11:15:00,717463,48.43068331726103,23.292738027998748,0.0
2026-09-01T11:20:00,717447,64.44259049153614,23.213601869471425,0.0
2026-09-01T11:20:00,717512,62.82882151444805,23.213601869471425,1.8
2026-09-01T11:20:00,717446,59.780748249577506,23.213601869471425,0.0
2026-09-01T11:20:00,717445,59.40582317236114,23.213601869471425,0.0
2026-09-01T11:20:00,717458,55.12204479255651,23.213601869471425,1.8
2026-09-01T11:20:00,717459,60.30998575697683,23.213601869471425,0.0
2026-09-01T11:20:00,717460,59.05497816681408,23.213601869471425,0.0
2026-09-01T11:20:00,717461,51.975998637081446,23.213601869471425,0.0
2026-09-01T11:20:00,717462,50.85315408460606,23.213601869471425,0.0
2026-09-01T11:20:00,717463,50.26828004029651,23.213601869471425,0.0
2026-09-01T11:25:00,717447,65.68084001898427,23.133938993072853,0.0
2026-09-01T11:25:00,717512,63.84817884246719,23.133938993072853,0.0
2026-09-01T11:25:00,717446,64.76836431313004,23.133938993072853,0.0
2026-09-01T11:25:00,717445,63.93518117054902,23.133938993072853,1.8
2026-09-01T11:25:00,717458,54.63308868559854,23.133938993072853,0.0
2026-09-01T11:25:00,717459,59.569175461319205,23.133938993072853,0.0
2026-09-01T11:25:00,717460,60.199471272877204,23.133938993072853,0.0
2026-09-01T11:25:00,717461,54.62417950032588,23.133938993072853,0.0
2026-09-01T11:25:00,717462,54.355754740642986,23.133938993072853,1.8
2026-09-01T11:25:00,717463,52.703348419557194,23.133938993072853,0.0
2026-09-01T11:30:00,717447,63.806183613190356,23.053783973453683,0.0
2026-09-01T11:30:00,717512,65.47874291452987,23.053783973453683,0.0
2026-09-01T11:30:00,717446,67.04935311282162,23.053783973453683,0.0
2026-09-01T11:30:00,717445,64.74496363627682,23.053783973453683,0.0
2026-09-01T11:30:00,717458,57.89167708855133,23.053783973453683,0.0
2026-09-01T11:30:00,717459,58.99106304619853,23.053783973453683,0.0
2026-09-01T11:30:00,717460,54.649304403446166,23.053783973453683,0.0
2026-09-01T11:30:00,717461,53.728978243256584,23.053783973453683,0.0
2026-09-01T11:30:00,717462,54.39906653005729,23.053783973453683,0.0
2026-09-01T11:30:00,717463,51.25332143287311,23.053783973453683,0.0
2026-09-01T11:35:00,717447,62.60706006512136,22.97317159886068,0.0
2026-09-01T11:35:00,717512,63.865433290837615,22.97317159886068,0.0
2026-09-01T11:35:00,717446,63.44627512014029,22.97317159886068,0.0
2026-09-01T11:35:00,717445,62.163226601989315,22.97317159886068,0.0
2026-09-01T11:35:00,717458,60.99396664727347,22.97317159886068,0.0
2026-09-01T11:35:00,717459,54.6342325222496,22.97317159886068,0.0
2026-09-01T11:35:00,717460,54.85736147669574,22.97317159886068,0.0
2026-09-01T11:35:00,717461,56.0610332955743,22.97317159886068,0.0
2026-09-01T11:35:00,717462,57.966153932529515,22.97317159886068,0.0
2026-09-01T11:35:00,717463,60.63883727308958,22.97317159886068,0.0
2026-09-01T11:40:00,717447,65.38129616710047,22.892136856038192,0.0
2026-09-01T11:40:00,717512,65.43452789566427,22.892136856038192,0.0
2026-09-01T11:40:00,717446,58.0540229811161,22.892136856038192,0.0
2026-09-01T11:40:00,717445,62.94859624938068,22.892136856038192,0.0
2026-09-01T11:40:00,717458,65.6473864397902,22.892136856038192,0.0
2026-09-01T11:40:00,717459,56.1698706169358,22.892136856038192,1.8
2026-09-01T11:40:00,717460,55.6211689725601,22.892136856038192,0.0
2026-09-01T11:40:00,717461,58.64860404122525,22.892136856038192,1.8
2026-09-01T11:40:00,717462,54.94600564191307,22.892136856038192,1.8
2026-09-01T11:40:00,717463,47.91082091169288,22.892136856038192,0.0
2026-09-01T11:45:00,717447,63.09236204011162,22.81071491504347,0.0
2026-09-01T11:45:00,717512,67.70262651771738,22.81071491504347,0.0
2026-09-01T11:45:00,717446,61.33484171631551,22.81071491504347,1.8
2026-09-01T11:45:00,717445,60.13245000182343,22.81071491504347,0.0
2026-09-01T11:45:00,717458,62.14284619546606,22.81071491504347,0.0
2026-09-01T11:45:00,717459,59.5918843910176,22.81071491504347,0.0
2026-09-01T11:45:00,717460,56.37780535776096,22.81071491504347,0.0
2026-09-01T11:45:00,717461,54.33502030378768,22.81071491504347,0.0
2026-09-01T11:45:00,717462,63.819013783237104,22.81071491504347,0.0
2026-09-01T11:45:00,717463,57.50576924952129,22.81071491504347,0.0
2026-09-01T11:50:00,717447,66.10144005120459,22.728941113982454,0.0
2026-09-01T11:50:00,717512,65.09763625818302,22.728941113982454,0.0
2026-09-01T11:50:00,717446,61.87947908604041,22.728941113982454,0.0
2026-09-01T11:50:00,717445,62.039480438527185,22.728941113982454,0.0
2026-09-01T11:50:00,717458,59.16644297432354,22.728941113982454,0.0
2026-09-01T11:50:00,717459,56.10162256326817,22.728941113982454,0.0
2026-09-01T11:50:00,717460,58.55828686247203,22.728941113982454,0.0
2026-09-01T11:50:00,717461,55.31525280753193,22.728941113982454,0.0
2026-09-01T11:50:00,717462,56.316125337404635,22.728941113982454,0.0
2026-09-01T11:50:00,717463,55.67639364569614,22.728941113982454,0.0
2026-09-01T11:55:00,717447,66.14570699038534,22.64685094367261,0.0
2026-09-01T11:55:00,717512,60.74566737000635,22.64685094367261,0.0
2026-09-01T11:55:00,717446,61.072710319135716,22.64685094367261,0.0
2026-09-01T11:55:00,717445,60.23954101723725,22.64685094367261,1.8
2026-09-01T11:55:00,717458,62.852260917985106,22.64685094367261,0.0
2026-09-01T11:55:00,717459,61.48017409177821,22.64685094367261,0.0
2026-09-01T11:55:00,717460,55.396071195703456,22.64685094367261,1.8
2026-09-01T11:55:00,717461,52.54929602792497,22.64685094367261,0.0
2026-09-01T11:55:00,717462,62.40496021898753,22.64685094367261,0.0
2026-09-01T11:55:00,717463,55.223690236033065,22.64685094367261,1.8
2026-09-01T12:00:00,717447,60.64811317182252,22.56448003223947,0.0
2026-09-01T12:00:00,717512,61.88664366157241,22.56448003223947,0.0
2026-09-01T12:00:00,717446,65.44511556037342,22.56448003223947,0.0
2026-09-01T12:00:00,717445,67.44629399269502,22.56448003223947,0.0
2026-09-01T12:00:00,717458,65.59386120020059,22.56448003223947,0.0
2026-09-01T12:00:00,717459,59.94980820619794,22.56448003223947,0.0
2026-09-01T12:00:00,717460,49.6737224570346,22.56448003223947,0.0
2026-09-01T12:00:00,717461,56.39109219387672,22.56448003223947,0.0
2026-09-01T12:00:00,717462,52.13927781720762,22.56448003223947,0.0
2026-09-01T12:00:00,717463,54.238027158295324,22.56448003223947,1.8
2026-09-01T12:05:00,717447,62.14030142747657,22.48186412965361,0.0
2026-09-01T12:05:00,717512,62.402037877084986,22.48186412965361,0.0
2026-09-01T12:05:00,717446,65.00169374453564,22.48186412965361,0.0
2026-09-01T12:05:00,717445,60.522478684693404,22.48186412965361,0.0
2026-09-01T12:05:00,717458,59.12731045054529,22.48186412965361,0.0
2026-09-01T12:05:00,717459,58.67572654344042,22.48186412965361,1.8
2026-09-01T12:05:00,717460,65.48871966765557,22.48186412965361,0.0
2026-09-01T12:05:00,717461,53.09043931724316,22.48186412965361,0.0
2026-09-01T12:05:00,717462,56.06824960803606,22.48186412965361,0.0
2026-09-01T12:05:00,717463,59.30220184715105,22.48186412965361,0.0
2026-09-01T12:10:00,717447,64.70332906952802,22.399039092214725,0.0
2026-09-01T12:10:00,717512,67.33339767583654,22.399039092214725,0.0
2026-09-01T12:10:00,717446,58.50494944478435,22.399039092214725,0.0
2026-09-01T12:10:00,717445,60.653749116393676,22.399039092214725,0.0
2026-09-01T12:10:00,717458,57.66257533538772,22.399039092214725,0.0
2026-09-01T12:10:00,717459,58.672117304734584,22.399039092214725,0.0
2026-09-01T12:10:00,717460,57.53422088464593,22.399039092214725,1.8
2026-09-01T12:10:00,717461,56.63675923300584,22.399039092214725,0.0
2026-09-01T12:10:00,717462,57.8079836751965,22.399039092214725,0.0
2026-09-01T12:10:00,717463,47.322023026626844,22.399039092214725,1.8
2026-09-01T12:15:00,717447,63.07141456708474,22.31604086698956,0.0
2026-09-01T12:15:00,717512,64.32536652821904,22.31604086698956,0.0
2026-09-01T12:15:00,717446,56.86185733325501,22.31604086698956,0.0
2026-09-01T12:15:00,717445,63.150649789279036,22.31604086698956,0.0
2026-09-01T12:15:00,717458,58.218479282240956,22.31604086698956,0.0
2026-09-01T12:15:00,717459,58.33793937841308,22.31604086698956,0.0
2026-09-01T12:15:00,717460,60.382714042042025,22.31604086698956,0.0
2026-09-01T12:15:00,717461,60.3161405752168,22.31604086698956,1.8
2026-09-01T12:15:00,717462,57.24608142539915,22.31604086698956,0.0
2026-09-01T12:15:00,717463,50.67845844010618,22.31604086698956,1.8
2026-09-01T12:20:00,717447,66.71045706567499,22.232905476210455,0.0
2026-09-01T12:20:00,717512,65.7190953631435,22.232905476210455,1.8
2026-09-01T12:20:00,717446,63.88591511083498,22.232905476210455,0.0
2026-09-01T12:20:00,717445,65.68154086342956,22.232905476210455,0.0
2026-09-01T12:20:00,717458,60.36555378077733,22.232905476210455,1.8
2026-09-01T12:20:00,717459,63.14545133259976,22.232905476210455,0.0
2026-09-01T12:20:00,717460,61.92418380736483,22.232905476210455,0.0
2026-09-01T12:20:00,717461,58.607783714606335,22.232905476210455,0.0
2026-09-01T12:20:00,717462,56.20380053241154,22.232905476210455,0.0
2026-09-01T12:20:00,717463,55.50362828279201,22.232905476210455,0.0
2026-09-01T12:25:00,717447,70.0312817303197,22.149669001641254,0.0
2026-09-01T12:25:00,717512,66.94603906329522,22.149669001641254,0.0
2026-09-01T12:25:00,717446,59.433837896007944,22.149669001641254,0.0
2026-09-01T12:25:00,717445,62.525190756430995,22.149669001641254,0.0
2026-09-01T12:25:00,717458,57.58850782073331,22.149669001641254,0.0
2026-09-01T12:25:00,717459,56.97514294081138,22.149669001641254,0.0
2026-09-01T12:25:00,717460,56.61988531082048,22.149669001641254,0.0
2026-09-01T12:25:00,717461,52.314708549054636,22.149669001641254,0.0
2026-09-01T12:25:00,717462,52.6081410661498,22.149669001641254,0.0
2026-09-01T12:25:00,717463,58.68926137751588,22.149669001641254,0.0
2026-09-01T12:30:00,717447,62.970864981017975,22.066367568917393,0.0
2026-09-01T12:30:00,717512,66.30794432377424,22.066367568917393,0.0
2026-09-01T12:30:00,717446,63.059886661954984,22.066367568917393,0.0
2026-09-01T12:30:00,717445,63.004122302528735,22.066367568917393,0.0
2026-09-01T12:30:00,717458,61.93605329733455,22.066367568917393,0.0
2026-09-01T12:30:00,717459,56.09932462990179,22.066367568917393,0.0
2026-09-01T12:30:00,717460,60.28889128057439,22.066367568917393,0.0
2026-09-01T12:30:00,717461,52.84679869826886,22.066367568917393,0.0
2026-09-01T12:30:00,717462,53.25405318728566,22.066367568917393,1.8
2026-09-01T12:30:00,717463,55.89044834382857,22.066367568917393,0.0
2026-09-01T12:35:00,717447,61.92795410746591,21.98303733186692,1.8
2026-09-01T12:35:00,717512,57.865741084676785,21.98303733186692,0.0
2026-09-01T12:35:00,717446,63.602568301593614,21.98303733186692,1.8
2026-09-01T12:35:00,717445,56.65920984560836,21.98303733186692,0.0
2026-09-01T12:35:00,717458,62.191046486009114,21.98303733186692,0.0
2026-09-01T12:35:00,717459,58.047481661224936,21.98303733186692,0.0
2026-09-01T12:35:00,717460,58.75879224694688,21.98303733186692,0.0
2026-09-01T12:35:00,717461,57.50208603124286,21.98303733186692,0.0
2026-09-01T12:35:00,717462,57.623984199655474,21.98303733186692,0.0
2026-09-01T12:35:00,717463,55.99102454173534,21.98303733186692,0.0
2026-09-01T12:40:00,717447,61.90961320699728,21.899714456819325,1.8
2026-09-01T12:40:00,717512,63.02742117170416,21.899714456819325,0.0
2026-09-01T12:40:00,717446,63.56124249243238,21.899714456819325,0.0
2026-09-01T12:40:00,717445,65.65376293822032,21.899714456819325,0.0
2026-09-01T12:40:00,717458,62.025872563644924,21.899714456819325,0.0
2026-09-01T12:40:00,717459,62.946462551333,21.899714456819325,1.8
2026-09-01T12:40:00,717460,58.92008815479437,21.899714456819325,0.0
2026-09-01T12:40:00,717461,59.83260386828467,21.899714456819325,0.0
2026-09-01T12:40:00,717462,56.10758837965195,21.899714456819325,0.0
2026-09-01T12:40:00,717463,57.29492801498104,21.899714456819325,0.0
2026-09-01T12:45:00,717447,63.90861466251623,21.81643510690888,0.0
2026-09-01T12:45:00,717512,68.45309744615375,21.81643510690888,0.0
2026-09-01T12:45:00,717446,64.06244974087853,21.81643510690888,0.0
2026-09-01T12:45:00,717445,57.164938845251605,21.81643510690888,0.0
2026-09-01T12:45:00,717458,61.26580524863169,21.81643510690888,0.0
2026-09-01T12:45:00,717459,52.662777846702554,21.81643510690888,0.0
2026-09-01T12:45:00,717460,59.63938142015053,21.81643510690888,0.0
2026-09-01T12:45:00,717461,59.2185518186244,21.81643510690888,1.8
2026-09-01T12:45:00,717462,61.22532967090829,21.81643510690888,0.0
2026-09-01T12:45:00,717463,52.64561725687162,21.81643510690888,0.0
2026-09-01T12:50:00,717447,70.8511814615571,21.73323542637944,0.0
2026-09-01T12:50:00,717512,63.77450690550826,21.73323542637944,0.0
2026-09-01T12:50:00,717446,60.33596719234958,21.73323542637944,0.0
2026-09-01T12:50:00,717445,59.90750238386112,21.73323542637944,0.0
2026-09-01T12:50:00,717458,61.852062470487795,21.73323542637944,0.0
2026-09-01T12:50:00,717459,56.323976829458566,21.73323542637944,0.0
2026-09-01T12:50:00,717460,56.758006546450375,21.73323542637944,1.8
2026-09-01T12:50:00,717461,57.59043339343359,21.73323542637944,0.0
2026-09-01T12:50:00,717462,60.02590115210905,21.73323542637944,0.0
2026-09-01T12:50:00,717463,56.725347819621405,21.73323542637944,0.0
2026-09-01T12:55:00,717447,65.09198162567768,21.65015152489738,0.0
2026-09-01T12:55:00,717512,65.43585616330279,21.65015152489738,0.0
2026-09-01T12:55:00,717446,63.28540342449762,21.65015152489738,0.0
2026-09-01T12:55:00,717445,57.90839536888875,21.65015152489738,0.0
2026-09-01T12:55:00,717458,65.42786471469374,21.65015152489738,0.0
2026-09-01T12:55:00,717459,63.680496795391846,21.65015152489738,1.8
2026-09-01T12:55:00,717460,57.53959492292209,21.65015152489738,1.8
2026-09-01T12:55:00,717461,55.20645919126841,21.65015152489738,0.0
2026-09-01T12:55:00,717462,51.96959161493469,21.65015152489738,0.0
2026-09-01T12:55:00,717463,56.02957129144808,21.65015152489738,0.0
2026-09-01T13:00:00,717447,66.84546200396848,21.567219461879567,0.0
2026-09-01T13:00:00,717512,61.34392597232307,21.567219461879567,0.0
2026-09-01T13:00:00,717446,63.31636896541699,21.567219461879567,0.0
2026-09-01T13:00:00,717445,63.81790528914042,21.567219461879567,0.0
2026-09-01T13:00:00,717458,58.60758431964034,21.567219461879567,0.0
2026-09-01T13:00:00,717459,58.367473501018765,21.567219461879567,0.0
2026-09-01T13:00:00,717460,57.13929495866202,21.567219461879567,1.8
2026-09-01T13:00:00,717461,54.317138211682334,21.567219461879567,0.0
2026-09-01T13:00:00,717462,54.82655076195571,21.567219461879567,0.0
2026-09-01T13:00:00,717463,49.511018354711815,21.567219461879567,1.8
2026-09-01T13:05:00,717447,64.18102769963913,21.484475230843138,0.0
2026-09-01T13:05:00,717512,63.025074619512935,21.484475230843138,0.0
2026-09-01T13:05:00,717446,62.36427435754488,21.484475230843138,0.0
2026-09-01T13:05:00,717445,62.78789151138346,21.484475230843138,0.0
2026-09-01T13:05:00,717458,56.53996439095784,21.484475230843138,0.0
2026-09-01T13:05:00,717459,55.82343372039596,21.484475230843138,1.8
2026-09-01T13:05:00,717460,55.4395787585329,21.484475230843138,0.0
2026-09-01T13:05:00,717461,52.66121696437559,21.484475230843138,1.8
2026-09-01T13:05:00,717462,57.13465535463197,21.484475230843138,1.8
2026-09-01T13:05:00,717463,52.47729779780031,21.484475230843138,0.0
2026-09-01T13:10:00,717447,64.84491832940579,21.40195474378389,0.0
2026-09-01T13:10:00,717512,61.19394993795767,21.40195474378389,0.0
2026-09-01T13:10:00,717446,61.46034682317273,21.40195474378389,0.0
2026-09-01T13:10:00,717445,62.242557858105336,21.40195474378389,0.0
2026-09-01T13:10:00,717458,61.18863591423384,21.40195474378389,0.0
2026-09-01T13:10:00,717459,55.927072050004085,21.40195474378389,0.0
2026-09-01T13:10:00,717460,57.49743659263983,21.40195474378389,0.0
2026-09-01T13:10:00,717461,54.04006766952784,21.40195474378389,0.0
2026-09-01T13:10:00,717462,54.98893809314438,21.40195474378389,0.0
2026-09-01T13:10:00,717463,52.23256231631691,21.40195474378389,0.0
2026-09-01T13:15:00,717447,70.4231418812589,21.31969381559002,0.0
2026-09-01T13:15:00,717512,66.16792603717609,21.31969381559002,0.0
2026-09-01T13:15:00,717446,63.706862645470046,21.31969381559002,0.0
2026-09-01T13:15:00,717445,55.542453012784456,21.31969381559002,0.0
2026-09-01T13:15:00,717458,59.28882056836902,21.31969381559002,0.0
2026-09-01T13:15:00,717459,61.46094466437425,21.31969381559002,0.0
2026-09-01T13:15:00,717460,57.56825739908888,21.31969381559002,0.0
2026-09-01T13:15:00,717461,61.637787299587764,21.31969381559002,0.0
2026-09-01T13:15:00,717462,58.179818581995555,21.31969381559002,0.0
2026-09-01T13:15:00,717463,53.02594968971714,21.31969381559002,0.0
2026-09-01T13:20:00,717447,69.59639699900724,21.237728148498057,1.8
2026-09-01T13:20:00,717512,62.885751447994735,21.237728148498057,0.0
2026-09-01T13:20:00,717446,68.22014046220167,21.237728148498057,0.0
2026-09-01T13:20:00,717445,66.18560743956884,21.237728148498057,0.0
2026-09-01T13:20:00,717458,60.994604159723934,21.237728148498057,0.0
2026-09-01T13:20:00,717459,54.35780304522027,21.237728148498057,0.0
2026-09-01T13:20:00,717460,58.35805738477053,21.237728148498057,0.0
2026-09-01T13:20:00,717461,53.21582311058412,21.237728148498057,0.0
2026-09-01T13:20:00,717462,53.48410491145519,21.237728148498057,0.0
2026-09-01T13:20:00,717463,52.490362584035715,21.237728148498057,0.0
2026-09-01T13:25:00,717447,61.57074674927997,21.156093316597634,0.0
2026-09-01T13:25:00,717512,64.34695940950913,21.156093316597634,0.0
2026-09-01T13:25:00,717446,60.331578456224726,21.156093316597634,0.0
2026-09-01T13:25:00,717445,60.593761252926775,21.156093316597634,0.0
2026-09-01T13:25:00,717458,58.49169224464474,21.156093316597634,0.0
2026-09-01T13:25:00,717459,60.336965082031654,21.156093316597634,0.0
2026-09-01T13:25:00,717460,58.91115705157283,21.156093316597634,0.0
2026-09-01T13:25:00,717461,55.56190971505088,21.156093316597634,0.0
2026-09-01T13:25:00,717462,56.88978713750526,21.156093316597634,0.0
2026-09-01T13:25:00,717463,57.772276635934716,21.156093316597634,0.0
2026-09-01T13:30:00,717447,58.596373458928674,21.07482475039191,1.8
2026-09-01T13:30:00,717512,61.90360132276328,21.07482475039191,0.0
2026-09-01T13:30:00,717446,59.647935390366094,21.07482475039191,0.0
2026-09-01T13:30:00,717445,59.25411584532822,21.07482475039191,0.0
2026-09-01T13:30:00,717458,53.34276081475997,21.07482475039191,0.0
2026-09-01T13:30:00,717459,52.49535405682968,21.07482475039191,0.0
2026-09-01T13:30:00,717460,49.414939986559176,21.07482475039191,0.0
2026-09-01T13:30:00,717461,54.958263986279995,21.07482475039191,0.0
2026-09-01T13:30:00,717462,53.678710945182615,21.07482475039191,0.0
2026-09-01T13:30:00,717463,58.22246784936023,21.07482475039191,0.0
2026-09-01T13:35:00,717447,65.24687094877761,20.993957721420326,0.0
2026-09-01T13:35:00,717512,57.231400089093626,20.993957721420326,0.0
2026-09-01T13:35:00,717446,63.94790544753899,20.993957721420326,1.8
2026-09-01T13:35:00,717445,73.00181264782421,20.993957721420326,1.8
2026-09-01T13:35:00,717458,53.770760710019466,20.993957721420326,0.0
2026-09-01T13:35:00,717459,63.99718947779856,20.993957721420326,0.0
2026-09-01T13:35:00,717460,57.486562792611494,20.993957721420326,0.0
2026-09-01T13:35:00,717461,55.1503905283211,20.993957721420326,1.8
2026-09-01T13:35:00,717462,53.51360074379895,20.993957721420326,0.0
2026-09-01T13:35:00,717463,55.01162573523426,20.993957721420326,0.0
2026-09-01T13:40:00,717447,63.53252624254673,20.913527326950295,0.0
2026-09-01T13:40:00,717512,60.19090144008141,20.913527326950295,0.0
2026-09-01T13:40:00,717446,60.77510419615382,20.913527326950295,0.0
2026-09-01T13:40:00,717445,62.25647031183134,20.913527326950295,0.0
2026-09-01T13:40:00,717458,62.0376326735731,20.913527326950295,0.0
2026-09-01T13:40:00,717459,64.32693595709172,20.913527326950295,0.0
2026-09-01T13:40:00,717460,57.87531207581932,20.913527326950295,0.0
2026-09-01T13:40:00,717461,60.26872480279153,20.913527326950295,0.0
2026-09-01T13:40:00,717462,54.59701756885244,20.913527326950295,0.0
2026-09-01T13:40:00,717463,53.788544925877005,20.913527326950295,0.0
2026-09-01T13:45:00,717447,64.38145322068895,20.833568474744588,0.0
2026-09-01T13:45:00,717512,64.1742798995664,20.833568474744588,0.0
2026-09-01T13:45:00,717446,64.93760412754551,20.833568474744588,0.0
2026-09-01T13:45:00,717445,59.763521771983214,20.833568474744588,0.0
2026-09-01T13:45:00,717458,57.262417865369855,20.833568474744588,0.0
2026-09-01T13:45:00,717459,61.59604202476808,20.833568474744588,0.0
2026-09-01T13:45:00,717460,60.15828072764421,20.833568474744588,0.0
2026-09-01T13:45:00,717461,60.74815237730777,20.833568474744588,0.0
2026-09-01T13:45:00,717462,53.31819847214714,20.833568474744588,0.0
2026-09-01T13:45:00,717463,53.24149438397379,20.833568474744588,0.0
2026-09-01T13:50:00,717447,67.65836512147001,20.75411586791094,0.0
2026-09-01T13:50:00,717512,62.06916745204708,20.75411586791094,0.0
2026-09-01T13:50:00,717446,64.19009297533414,20.75411586791094,1.8
2026-09-01T13:50:00,717445,60.49714427173824,20.75411586791094,1.8
2026-09-01T13:50:00,717458,60.84082467439636,20.75411586791094,0.0
2026-09-01T13:50:00,717459,55.225579420284674,20.75411586791094,0.0
2026-09-01T13:50:00,717460,57.72428193863338,20.75411586791094,0.0
2026-09-01T13:50:00,717461,47.295245677029506,20.75411586791094,0.0
2026-09-01T13:50:00,717462,58.68663713937212,20.75411586791094,0.0
2026-09-01T13:50:00,717463,56.20087564802522,20.75411586791094,0.0
2026-09-01T13:55:00,717447,61.74815607015347,20.675203989840483,0.0
2026-09-01T13:55:00,717512,68.63699522637465,20.675203989840483,0.0
2026-09-01T13:55:00,717446,65.60176607417681,20.675203989840483,0.0
2026-09-01T13:55:00,717445,57.67602509539308,20.675203989840483,0.0
2026-09-01T13:55:00,717458,58.207972508435944,20.675203989840483,0.0
2026-09-01T13:55:00,717459,55.42523270434722,20.675203989840483,0.0
2026-09-01T13:55:00,717460,58.452420537698615,20.675203989840483,0.0
2026-09-01T13:55:00,717461,54.48385153338695,20.675203989840483,0.0
2026-09-01T13:55:00,717462,49.25814070636865,20.675203989840483,0.0
2026-09-01T13:55:00,717463,53.58900349437158,20.675203989840483,0.0
2026-09-01T14:00:00,717447,67.24102791390838,20.59686708924152,0.0
2026-09-01T14:00:00,717512,63.624201121198666,20.59686708924152,0.0
2026-09-01T14:00:00,717446,63.73737788339451,20.59686708924152,0.0
2026-09-01T14:00:00,717445,61.506371048540366,20.59686708924152,0.0
2026-09-01T14:00:00,717458,61.90441605572363,20.59686708924152,0.0
2026-09-01T14:00:00,717459,59.3731107358593,20.59686708924152,0.0
2026-09-01T14:00:00,717460,56.938812946597054,20.59686708924152,0.0
2026-09-01T14:00:00,717461,56.387056870214174,20.59686708924152,0.0
2026-09-01T14:00:00,717462,59.45612191314495,20.59686708924152,1.8
2026-09-01T14:00:00,717463,55.51329470856167,20.59686708924152,0.0
2026-09-01T14:05:00,717447,61.54682527510537,20.5191391652752,0.0
2026-09-01T14:05:00,717512,63.43502221072866,20.5191391652752,0.0
2026-09-01T14:05:00,717446,63.00510990690676,20.5191391652752,0.0
2026-09-01T14:05:00,717445,60.33680350869783,20.5191391652752,0.0
2026-09-01T14:05:00,717458,53.879157981539905,20.5191391652752,1.8
2026-09-01T14:05:00,717459,55.821425622833566,20.5191391652752,1.8
2026-09-01T14:05:00,717460,55.961764054907135,20.5191391652752,0.0
2026-09-01T14:05:00,717461,61.665643627192644,20.5191391652752,0.0
2026-09-01T14:05:00,717462,56.26068952342498,20.5191391652752,0.0
2026-09-01T14:05:00,717463,48.96066868835698,20.5191391652752,0.0
2026-09-01T14:10:00,717447,63.99852447052988,20.442053952799448,0.0
2026-09-01T14:10:00,717512,67.05682297937396,20.442053952799448,0.0
2026-09-01T14:10:00,717446,60.12863505770938,20.442053952799448,0.0
2026-09-01T14:10:00,717445,63.79456958980534,20.442053952799448,1.8
2026-09-01T14:10:00,717458,54.92139481031687,20.442053952799448,0.0
2026-09-01T14:10:00,717459,49.78296624241568,20.442053952799448,0.0
2026-09-01T14:10:00,717460,60.680218285963875,20.442053952799448,0.0
2026-09-01T14:10:00,717461,54.4899489504912,20.442053952799448,0.0
2026-09-01T14:10:00,717462,49.07020793766113,20.442053952799448,0.0
2026-09-01T14:10:00,717463,52.31387071119837,20.442053952799448,1.8
2026-09-01T14:15:00,717447,64.7061565832023,20.365644907727642,0.0
2026-09-01T14:15:00,717512,64.28254107728223,20.365644907727642,1.8
2026-09-01T14:15:00,717446,54.269902853188164,20.365644907727642,0.0
2026-09-01T14:15:00,717445,58.560139676425585,20.365644907727642,0.0
2026-09-01T14:15:00,717458,59.51183757819592,20.365644907727642,0.0
2026-09-01T14:15:00,717459,59.47550241583522,20.365644907727642,1.8
2026-09-01T14:15:00,717460,54.04668721757329,20.365644907727642,0.0
2026-09-01T14:15:00,717461,55.11505107433899,20.365644907727642,0.0
2026-09-01T14:15:00,717462,52.775291104735324,20.365644907727642,0.0
2026-09-01T14:15:00,717463,54.007534126299504,20.365644907727642,0.0
2026-09-01T14:20:00,717447,67.44333912005453,20.28994519250834,0.0
2026-09-01T14:20:00,717512,61.75735270914361,20.28994519250834,0.0
2026-09-01T14:20:00,717446,57.45109583349544,20.28994519250834,1.8
2026-09-01T14:20:00,717445,58.23779391790419,20.28994519250834,0.0
2026-09-01T14:20:00,717458,64.37092665269726,20.28994519250834,0.0
2026-09-01T14:20:00,717459,55.39580064370645,20.28994519250834,1.8
2026-09-01T14:20:00,717460,53.15966834695857,20.28994519250834,0.0
2026-09-01T14:20:00,717461,54.37907478991804,20.28994519250834,0.0
2026-09-01T14:20:00,717462,54.08595634848699,20.28994519250834,0.0
2026-09-01T14:20:00,717463,51.578120587841724,20.28994519250834,0.0
2026-09-01T14:25:00,717447,59.226707584365656,20.214987661732376,0.0
2026-09-01T14:25:00,717512,63.534898145925666,20.214987661732376,0.0
2026-09-01T14:25:00,717446,62.04591086365061,20.214987661732376,0.0
2026-09-01T14:25:00,717445,62.248286777258535,20.214987661732376,0.0
2026-09-01T14:25:00,717458,59.57710490117637,20.214987661732376,0.0
2026-09-01T14:25:00,717459,62.665689209175284,20.214987661732376,0.0
2026-09-01T14:25:00,717460,58.89558499401231,20.214987661732376,1.8
2026-09-01T14:25:00,717461,57.02923876946503,20.214987661732376,0.0
2026-09-01T14:25:00,717462,57.77171348732957,20.214987661732376,0.0
2026-09-01T14:25:00,717463,53.391198121452106,20.214987661732376,0.0
2026-09-01T14:30:00,717447,62.98617468999343,20.140804847873564,0.0
2026-09-01T14:30:00,717512,63.27370889606834,20.140804847873564,0.0
2026-09-01T14:30:00,717446,55.290406354455804,20.140804847873564,0.0
2026-09-01T14:30:00,717445,60.37447575608716,20.140804847873564,0.0
2026-09-01T14:30:00,717458,58.46033580324567,20.140804847873564,0.0
2026-09-01T14:30:00,717459,58.802541862644034,20.140804847873564,0.0
2026-09-01T14:30:00,717460,59.46888593874823,20.140804847873564,0.0
2026-09-01T14:30:00,717461,56.894344855607336,20.140804847873564,0.0
2026-09-01T14:30:00,717462,51.82303424260963,20.140804847873564,0.0
2026-09-01T14:30:00,717463,55.31037892363382,20.140804847873564,1.8
2026-09-01T14:35:00,717447,68.23202774867315,20.067428947169226,0.0
2026-09-01T14:35:00,717512,65.29541674563893,20.067428947169226,1.8
2026-09-01T14:35:00,717446,57.00416043442544,20.067428947169226,0.0
2026-09-01T14:35:00,717445,61.4007559992284,20.067428947169226,0.0
2026-09-01T14:35:00,717458,54.998233533964296,20.067428947169226,0.0
2026-09-01T14:35:00,717459,56.43416837547008,20.067428947169226,0.0
2026-09-01T14:35:00,717460,57.250521253757924,20.067428947169226,1.8
2026-09-01T14:35:00,717461,55.63800589252292,20.067428947169226,0.0
2026-09-01T14:35:00,717462,56.829706444951064,20.067428947169226,0.0
2026-09-01T14:35:00,717463,57.44980640496627,20.067428947169226,0.0
2026-09-01T14:40:00,717447,64.45995638380313,19.99489180564662,0.0
2026-09-01T14:40:00,717512,60.712245248326184,19.99489180564662,0.0
2026-09-01T14:40:00,717446,54.858265125045264,19.99489180564662,1.8
2026-09-01T14:40:00,717445,63.341240362125156,19.99489180564662,0.0
2026-09-01T14:40:00,717458,57.9186309249028,19.99489180564662,0.0
2026-09-01T14:40:00,717459,56.8736214526287,19.99489180564662,0.0
2026-09-01T14:40:00,717460,55.910310284378994,19.99489180564662,0.0
2026-09-01T14:40:00,717461,55.915339778909264,19.99489180564662,0.0
2026-09-01T14:40:00,717462,54.80674908467282,19.99489180564662,0.0
2026-09-01T14:40:00,717463,51.38341011487076,19.99489180564662,0.0
2026-09-01T14:45:00,717447,62.35122919849784,19.923224905301396,0.0
2026-09-01T14:45:00,717512,59.640050131869764,19.923224905301396,0.0
2026-09-01T14:45:00,717446,58.125634414755574,19.923224905301396,0.0
2026-09-01T14:45:00,717445,56.91199050669351,19.923224905301396,0.0
2026-09-01T14:45:00,717458,57.51651599354966,19.923224905301396,0.0
2026-09-01T14:45:00,717459,53.958585417276026,19.923224905301396,0.0
2026-09-01T14:45:00,717460,46.72754744125672,19.923224905301396,0.0
2026-09-01T14:45:00,717461,53.12404592935623,19.923224905301396,0.0
2026-09-01T14:45:00,717462,49.33623218455393,19.923224905301396,0.0
2026-09-01T14:45:00,717463,52.176737514720564,19.923224905301396,0.0
2026-09-01T14:50:00,717447,60.447187963510714,19.85245935043401,1.8
2026-09-01T14:50:00,717512,62.43441071367004,19.85245935043401,0.0
2026-09-01T14:50:00,717446,56.40361012345898,19.85245935043401,0.0
2026-09-01T14:50:00,717445,53.41121170790277,19.85245935043401,1.8
2026-09-01T14:50:00,717458,57.176827118113266,19.85245935043401,0.0
2026-09-01T14:50:00,717459,55.01879734431586,19.85245935043401,0.0
2026-09-01T14:50:00,717460,51.11530236831818,19.85245935043401,0.0
2026-09-01T14:50:00,717461,56.19478186968836,19.85245935043401,0.0
2026-09-01T14:50:00,717462,49.66004707137776,19.85245935043401,0.0
2026-09-01T14:50:00,717463,49.20939241609883,19.85245935043401,0.0
2026-09-01T14:55:00,717447,64.76349957016484,19.782625854150105,0.0
2026-09-01T14:55:00,717512,62.184446460062766,19.782625854150105,0.0
2026-09-01T14:55:00,717446,56.126552709139794,19.782625854150105,0.0
2026-09-01T14:55:00,717445,57.245194521748225,19.782625854150105,0.0
2026-09-01T14:55:00,717458,53.44719625545197,19.782625854150105,1.8
2026-09-01T14:55:00,717459,58.518655262898235,19.782625854150105,0.0
2026-09-01T14:55:00,717460,57.3164238050572,19.782625854150105,0.0
2026-09-01T14:55:00,717461,58.92642279987917,19.782625854150105,0.0
2026-09-01T14:55:00,717462,59.08251770434743,19.782625854150105,0.0
2026-09-01T14:55:00,717463,49.184637163929814,19.782625854150105,0.0
2026-09-01T15:00:00,717447,63.4960864585568,19.713754725030626,0.0
2026-09-01T15:00:00,717512,54.50849974779706,19.713754725030626,0.0
2026-09-01T15:00:00,717446,59.51347698246256,19.713754725030626,0.0
2026-09-01T15:00:00,717445,59.03428496452533,19.713754725030626,0.0
2026-09-01T15:00:00,717458,53.70100122975642,19.713754725030626,0.0
2026-09-01T15:00:00,717459,53.326964956597216,19.713754725030626,0.0
2026-09-01T15:00:00,717460,56.85914613715801,19.713754725030626,0.0
2026-09-01T15:00:00,717461,54.31162632992834,19.713754725030626,0.0
2026-09-01T15:00:00,717462,56.759622706626224,19.713754725030626,0.0
2026-09-01T15:00:00,717463,55.127666237109594,19.713754725030626,0.0
2026-09-01T15:05:00,717447,55.855104644845525,19.645875853977554,0.0
2026-09-01T15:05:00,717512,58.05162985909089,19.645875853977554,0.0
2026-09-01T15:05:00,717446,55.274552049072405,19.645875853977554,0.0
2026-09-01T15:05:00,717445,59.497459715891296,19.645875853977554,0.0
2026-09-01T15:05:00,717458,56.87622733886335,19.645875853977554,0.0
2026-09-01T15:05:00,717459,51.8613542451766,19.645875853977554,1.8
2026-09-01T15:05:00,717460,51.08442136950275,19.645875853977554,0.0
2026-09-01T15:05:00,717461,56.173830983768845,19.645875853977554,0.0
2026-09-01T15:05:00,717462,49.97124563058117,19.645875853977554,1.8
2026-09-01T15:05:00,717463,43.94755064854472,19.645875853977554,1.8
2026-09-01T15:10:00,717447,57.02355124685435,19.579018701240884,0.0
2026-09-01T15:10:00,717512,64.77036576432684,19.579018701240884,0.0
2026-09-01T15:10:00,717446,60.85844042249327,19.579018701240884,0.0
2026-09-01T15:10:00,717445,52.87134049890079,19.579018701240884,1.8
2026-09-01T15:10:00,717458,55.99023992725092,19.579018701240884,0.0
2026-09-01T15:10:00,717459,57.049855115439634,19.579018701240884,0.0
2026-09-01T15:10:00,717460,48.030310726273086,19.579018701240884,0.0
2026-09-01T15:10:00,717461,55.01229409255931,19.579018701240884,0.0
2026-09-01T15:10:00,717462,51.96002995800541,19.579018701240884,0.0
2026-09-01T15:10:00,717463,47.23663991157768,19.579018701240884,0.0
2026-09-01T15:15:00,717447,61.399036198705,19.51321228363251,0.0
2026-09-01T15:15:00,717512,59.28376909496239,19.51321228363251,0.0
2026-09-01T15:15:00,717446,58.29215321761995,19.51321228363251,0.0
2026-09-01T15:15:00,717445,56.433561956385645,19.51321228363251,1.8
2026-09-01T15:15:00,717458,52.14608868700694,19.51321228363251,0.0
2026-09-01T15:15:00,717459,51.452631406043665,19.51321228363251,0.0
2026-09-01T15:15:00,717460,51.67496238805465,19.51321228363251,0.0
2026-09-01T15:15:00,717461,51.32730193875064,19.51321228363251,0.0
2026-09-01T15:15:00,717462,51.98554416806615,19.51321228363251,0.0
2026-09-01T15:15:00,717463,54.61294600638206,19.51321228363251,1.8
2026-09-01T15:20:00,717447,59.57738049112544,19.44848516193259,1.8
2026-09-01T15:20:00,717512,59.62251133672603,19.44848516193259,0.0
2026-09-01T15:20:00,717446,59.12726531031944,19.44848516193259,1.8
2026-09-01T15:20:00,717445,57.44644881118546,19.44848516193259,1.8
2026-09-01T15:20:00,717458,51.334220421857545,19.44848516193259,0.0
2026-09-01T15:20:00,717459,56.94937112686521,19.44848516193259,1.8
2026-09-01T15:20:00,717460,55.19363885113853,19.44848516193259,0.0
2026-09-01T15:20:00,717461,50.8859322152921,19.44848516193259,0.0
2026-09-01T15:20:00,717462,46.69793351277994,19.44848516193259,0.0
2026-09-01T15:20:00,717463,48.17313716104097,19.44848516193259,0.0
2026-09-01T15:25:00,717447,53.43206788595743,19.384865428493836,0.0
2026-09-01T15:25:00,717512,61.42680703857,19.384865428493836,1.8
2026-09-01T15:25:00,717446,53.83334583502949,19.384865428493836,0.0
2026-09-01T15:25:00,717445,53.652430931516776,19.384865428493836,0.0
2026-09-01T15:25:00,717458,57.57214158872712,19.384865428493836,0.0
2026-09-01T15:25:00,717459,44.653121583677766,19.384865428493836,0.0
2026-09-01T15:25:00,717460,54.747443711547575,19.384865428493836,0.0
2026-09-01T15:25:00,717461,50.73061799658813,19.384865428493836,0.0
2026-09-01T15:25:00,717462,53.545726634907616,19.384865428493836,0.0
2026-09-01T15:25:00,717463,44.480026913454815,19.384865428493836,0.0
2026-09-01T15:30:00,717447,58.305442249032495,19.322380695049056,1.8
2026-09-01T15:30:00,717512,53.276006890565554,19.322380695049056,0.0
2026-09-01T15:30:00,717446,58.19224781544257,19.322380695049056,0.0
2026-09-01T15:30:00,717445,56.873896514794154,19.322380695049056,0.0
2026-09-01T15:30:00,717458,57.77334799477688,19.322380695049056,0.0
2026-09-01T15:30:00,717459,51.28884260233943,19.322380695049056,0.0
2026-09-01T15:30:00,717460,56.3479247687861,19.322380695049056,0.0
2026-09-01T15:30:00,717461,45.8455051406172,19.322380695049056,0.0
2026-09-01T15:30:00,717462,47.52806907315753,19.322380695049056,0.0
2026-09-01T15:30:00,717463,43.54287287904281,19.322380695049056,0.0
2026-09-01T15:35:00,717447,56.9920026965375,19.26105808072736,0.0
2026-09-01T15:35:00,717512,52.49140345025777,19.26105808072736,0.0
2026-09-01T15:35:00,717446,57.31524034941455,19.26105808072736,1.8
2026-09-01T15:35:00,717445,54.22911155895192,19.26105808072736,0.0
2026-09-01T15:35:00,717458,48.327117421311506,19.26105808072736,0.0
2026-09-01T15:35:00,717459,52.90786229844042,19.26105808072736,0.0
2026-09-01T15:35:00,717460,53.973125254007826,19.26105808072736,0.0
2026-09-01T15:35:00,717461,49.72582198214778,19.26105808072736,0.0
2026-09-01T15:35:00,717462,42.70613585321946,19.26105808072736,0.0
2026-09-01T15:35:00,717463,45.156700390163884,19.26105808072736,0.0
2026-09-01T15:40:00,717447,57.578086757026355,19.200924200284124,1.8
2026-09-01T15:40:00,717512,53.53180618514486,19.200924200284124,0.0
2026-09-01T15:40:00,717446,49.98074239258329,19.200924200284124,0.0
2026-09-01T15:40:00,717445,55.549851733738414,19.200924200284124,0.0
2026-09-01T15:40:00,717458,49.80669606676144,19.200924200284124,0.0
2026-09-01T15:40:00,717459,54.231596233434516,19.200924200284124,0.0
2026-09-01T15:40:00,717460,46.70166090010258,19.200924200284124,0.0
2026-09-01T15:40:00,717461,46.03712638354273,19.200924200284124,0.0
2026-09-01T15:40:00,717462,44.078415791374844,19.200924200284124,0.0
2026-09-01T15:40:00,717463,44.16295578462807,19.200924200284124,0.0
2026-09-01T15:45:00,717447,55.835888163063615,19.142005152549853,0.0
2026-09-01T15:45:00,717512,50.322220144547096,19.142005152549853,0.0
2026-09-01T15:45:00,717446,48.601386609080286,19.142005152549853,1.8
2026-09-01T15:45:00,717445,45.79935077736539,19.142005152549853,0.0
2026-09-01T15:45:00,717458,44.279706325093855,19.142005152549853,0.0
2026-09-01T15:45:00,717459,44.39504130936065,19.142005152549853,0.0
2026-09-01T15:45:00,717460,45.683744791011904,19.142005152549853,0.0
2026-09-01T15:45:00,717461,46.594634137501615,19.142005152549853,0.0
2026-09-01T15:45:00,717462,46.062827978216504,19.142005152549853,0.0
2026-09-01T15:45:00,717463,44.05457937734507,19.142005152549853,0.0
2026-09-01T15:50:00,717447,57.76497304578362,19.084326509102986,0.0
2026-09-01T15:50:00,717512,57.63378033185963,19.084326509102986,0.0
2026-09-01T15:50:00,717446,50.17275937381496,19.084326509102986,0.0
2026-09-01T15:50:00,717445,46.91857701621541,19.084326509102986,0.0
2026-09-01T15:50:00,717458,55.10735860436579,19.084326509102986,0.0
2026-09-01T15:50:00,717459,50.98383618397677,19.084326509102986,0.0
2026-09-01T15:50:00,717460,49.529891674017904,19.084326509102986,0.0
2026-09-01T15:50:00,717461,43.320347936771256,19.084326509102986,1.8
2026-09-01T15:50:00,717462,46.39709877443981,19.084326509102986,0.0
2026-09-01T15:50:00,717463,43.02937159690624,19.084326509102986,0.0
2026-09-01T15:55:00,717447,52.09547569110168,19.027913303171523,0.0
2026-09-01T15:55:00,717512,50.890397468907324,19.027913303171523,0.0
2026-09-01T15:55:00,717446,51.434162007392445,19.027913303171523,0.0
2026-09-01T15:55:00,717445,53.184733606869685,19.027913303171523,1.8
2026-09-01T15:55:00,717458,54.3317435181532,19.027913303171523,0.0
2026-09-01T15:55:00,717459,45.104202012332934,19.027913303171523,0.0
2026-09-01T15:55:00,717460,45.70383947654469,19.027913303171523,1.8
2026-09-01T15:55:00,717461,43.6208586781669,19.027913303171523,0.0
2026-09-01T15:55:00,717462,44.02532045038495,19.027913303171523,0.0
2026-09-01T15:55:00,717463,33.920656026225764,19.027913303171523,0.0
2026-09-01T16:00:00,717447,50.51585363704172,18.972790018768286,0.0
2026-09-01T16:00:00,717512,56.12386491453519,18.972790018768286,0.0
2026-09-01T16:00:00,717446,46.75847627100487,18.972790018768286,0.0
2026-09-01T16:00:00,717445,46.37405036018143,18.972790018768286,0.0
2026-09-01T16:00:00,717458,44.73293247856691,18.972790018768286,0.0
2026-09-01T16:00:00,717459,44.74220205708397,18.972790018768286,0.0
2026-09-01T16:00:00,717460,40.10540228591974,18.972790018768286,0.0
2026-09-01T16:00:00,717461,41.186772637994956,18.972790018768286,1.8
2026-09-01T16:00:00,717462,42.86080930326601,18.972790018768286,0.0
2026-09-01T16:00:00,717463,41.63789559504044,18.972790018768286,0.0
2026-09-01T16:05:00,717447,50.77497821724406,18.918980580064577,0.0
2026-09-01T16:05:00,717512,52.97086782203591,18.918980580064577,0.0
2026-09-01T16:05:00,717446,49.01690761360457,18.918980580064577,0.0
2026-09-01T16:05:00,717445,50.45594894786244,18.918980580064577,0.0
2026-09-01T16:05:00,717458,52.03457584059484,18.918980580064577,0.0
2026-09-01T16:05:00,717459,46.68438304609387,18.918980580064577,0.0
2026-09-01T16:05:00,717460,38.952348826863584,18.918980580064577,1.8
2026-09-01T16:05:00,717461,42.495418125679755,18.918980580064577,0.0
2026-09-01T16:05:00,717462,40.84021977809037,18.918980580064577,0.0
2026-09-01T16:05:00,717463,43.98315246338498,18.918980580064577,0.0
2026-09-01T16:10:00,717447,48.49338247936573,18.866508341006796,0.0
2026-09-01T16:10:00,717512,45.21300951823687,18.866508341006796,0.0
2026-09-01T16:10:00,717446,44.994972212982546,18.866508341006796,1.8
2026-09-01T16:10:00,717445,41.46250284487437,18.866508341006796,0.0
2026-09-01T16:10:00,717458,35.23956289078776,18.866508341006796,0.0
2026-09-01T16:10:00,717459,48.98682503429955,18.866508341006796,0.0
2026-09-01T16:10:00,717460,41.684366110016356,18.866508341006796,1.8
2026-09-01T16:10:00,717461,36.91294591884188,18.866508341006796,1.8
2026-09-01T16:10:00,717462,44.315077594227155,18.866508341006796,0.0
2026-09-01T16:10:00,717463,43.7197750451139,18.866508341006796,0.0
2026-09-01T16:15:00,717447,48.150619709530986,18.815396075180537,0.0
2026-09-01T16:15:00,717512,42.41458305610142,18.815396075180537,1.8
2026-09-01T16:15:00,717446,43.861116216498885,18.815396075180537,0.0
2026-09-01T16:15:00,717445,43.36879954042411,18.815396075180537,1.8
2026-09-01T16:15:00,717458,42.98153484422167,18.815396075180537,0.0
2026-09-01T16:15:00,717459,38.442944173539416,18.815396075180537,0.0
2026-09-01T16:15:00,717460,43.35820602178782,18.815396075180537,1.8
2026-09-01T16:15:00,717461,32.907818547208244,18.815396075180537,1.8
2026-09-01T16:15:00,717462,41.48553040267999,18.815396075180537,0.0
2026-09-01T16:15:00,717463,40.98380756451775,18.815396075180537,0.0
2026-09-01T16:20:00,717447,45.3343935001639,18.76566596592659,0.0
2026-09-01T16:20:00,717512,45.02577270219931,18.76566596592659,0.0
2026-09-01T16:20:00,717446,48.608910782655826,18.76566596592659,0.0
2026-09-01T16:20:00,717445,44.813106672970996,18.76566596592659,0.0
2026-09-01T16:20:00,717458,40.63727323323646,18.76566596592659,0.0
2026-09-01T16:20:00,717459,39.77795484801446,18.76566596592659,0.0
2026-09-01T16:20:00,717460,40.75282391215136,18.76566596592659,0.0
2026-09-01T16:20:00,717461,43.82378730624646,18.76566596592659,0.0
2026-09-01T16:20:00,717462,36.268873772905884,18.76566596592659,0.0
2026-09-01T16:20:00,717463,34.54830578352616,18.76566596592659,0.0
2026-09-01T16:25:00,717447,45.35557825045637,18.717339596713092,0.0
2026-09-01T16:25:00,717512,44.17350382909967,18.717339596713092,0.0
2026-09-01T16:25:00,717446,43.78883363430943,18.717339596713092,0.0
2026-09-01T16:25:00,717445,41.43689820789027,18.717339596713092,0.0
2026-09-01T16:25:00,717458,44.08237401989557,18.717339596713092,0.0
2026-09-01T16:25:00,717459,36.589588779820886,18.717339596713092,0.0
2026-09-01T16:25:00,717460,39.3242203171271,18.717339596713092,0.0
2026-09-01T16:25:00,717461,38.246202171036295,18.717339596713092,1.8
2026-09-01T16:25:00,717462,33.23323891963378,18.717339596713092,0.0
2026-09-01T16:25:00,717463,35.69309193703946,18.717339596713092,0.0
2026-09-01T16:30:00,717447,45.54969358796616,18.67043794176805,0.0
2026-09-01T16:30:00,717512,35.361646704503485,18.67043794176805,1.8
2026-09-01T16:30:00,717446,38.744464754924095,18.67043794176805,1.8
2026-09-01T16:30:00,717445,45.32895826019655,18.67043794176805,0.0
2026-09-01T16:30:00,717458,37.49611306531756,18.67043794176805,0.0
2026-09-01T16:30:00,717459,34.5198192722668,18.67043794176805,0.0
2026-09-01T16:30:00,717460,31.346412423875645,18.67043794176805,0.0
2026-09-01T16:30:00,717461,32.487529430575684,18.67043794176805,0.0
2026-09-01T16:30:00,717462,34.13116549262287,18.67043794176805,0.0
2026-09-01T16:30:00,717463,29.524301057913796,18.67043794176805,0.0
2026-09-01T16:35:00,717447,44.93221334511447,18.624981356976267,1.8
2026-09-01T16:35:00,717512,39.258165335015505,18.624981356976267,0.0
2026-09-01T16:35:00,717446,41.487926295674505,18.624981356976267,0.0
2026-09-01T16:35:00,717445,43.648376696221774,18.624981356976267,0.0
2026-09-01T16:35:00,717458,42.224861731886385,18.624981356976267,0.0
2026-09-01T16:35:00,717459,37.834768801867234,18.624981356976267,0.0
2026-09-01T16:35:00,717460,32.36063163328711,18.624981356976267,0.0
2026-09-01T16:35:00,717461,34.38789564570838,18.624981356976267,0.0
2026-09-01T16:35:00,717462,34.335502314642525,18.624981356976267,0.0
2026-09-01T16:35:00,717463,39.630042036581045,18.624981356976267,1.8
2026-09-01T16:40:00,717447,36.274063191668084,18.58098957104464,0.0
2026-09-01T16:40:00,717512,40.49745459203693,18.58098957104464,1.8
2026-09-01T16:40:00,717446,41.31592523040967,18.58098957104464,0.0
2026-09-01T16:40:00,717445,38.56353103015389,18.58098957104464,0.0
2026-09-01T16:40:00,717458,37.69265665400584,18.58098957104464,0.0
2026-09-01T16:40:00,717459,33.524004494137564,18.58098957104464,0.0
2026-09-01T16:40:00,717460,37.46945388471147,18.58098957104464,0.0
2026-09-01T16:40:00,717461,33.549279355738584,18.58098957104464,1.8
2026-09-01T16:40:00,717462,32.88152048980245,18.58098957104464,0.0
2026-09-01T16:40:00,717463,34.21725046333203,18.58098957104464,0.0
2026-09-01T16:45:00,717447,39.85845169055784,18.53848167693967,0.0
2026-09-01T16:45:00,717512,43.48684950890123,18.53848167693967,0.0
2026-09-01T16:45:00,717446,34.5407150270433,18.53848167693967,0.0
2026-09-01T16:45:00,717445,38.011765856084516,18.53848167693967,0.0
2026-09-01T16:45:00,717458,33.50477140823103,18.53848167693967,0.0
2026-09-01T16:45:00,717459,31.552193497481717,18.53848167693967,0.0
2026-09-01T16:45:00,717460,39.31200079961218,18.53848167693967,1.8
2026-09-01T16:45:00,717461,28.6822132345127,18.53848167693967,1.8
2026-09-01T16:45:00,717462,31.364659542912065,18.53848167693967,0.0
2026-09-01T16:45:00,717463,26.070375417567107,18.53848167693967,0.0
2026-09-01T16:50:00,717447,43.49637883192662,18.497476123600883,1.8
2026-09-01T16:50:00,717512,37.38893777829666,18.497476123600883,0.0
2026-09-01T16:50:00,717446,40.58276481368399,18.497476123600883,0.0
2026-09-01T16:50:00,717445,37.98998948136749,18.497476123600883,1.8
2026-09-01T16:50:00,717458,41.888543068916306,18.497476123600883,0.0
2026-09-01T16:50:00,717459,29.33929414318277,18.497476123600883,0.0
2026-09-01T16:50:00,717460,29.657490298520838,18.497476123600883,0.0
2026-09-01T16:50:00,717461,34.39902682202142,18.497476123600883,1.8
2026-09-01T16:50:00,717462,31.18606170168062,18.497476123600883,0.0
2026-09-01T16:50:00,717463,28.295198032741716,18.497476123600883,0.0
2026-09-01T16:55:00,717447,45.03590427825206,18.45799070793376,0.0
2026-09-01T16:55:00,717512,37.68851644776673,18.45799070793376,0.0
2026-09-01T16:55:00,717446,34.14690915222937,18.45799070793376,0.0
2026-09-01T16:55:00,717445,38.53242241864411,18.45799070793376,0.0
2026-09-01T16:55:00,717458,34.18855022411098,18.45799070793376,0.0
2026-09-01T16:55:00,717459,33.22058579641444,18.45799070793376,0.0
2026-09-01T16:55:00,717460,33.76503525834772,18.45799070793376,0.0
2026-09-01T16:55:00,717461,32.690380627272276,18.45799070793376,0.0
2026-09-01T16:55:00,717462,26.3290565648908,18.45799070793376,0.0
2026-09-01T16:55:00,717463,27.23400269710789,18.45799070793376,0.0
2026-09-01T17:00:00,717447,33.970122517640874,18.420042567085666,0.0
2026-09-01T17:00:00,717512,37.94314057314067,18.420042567085666,0.0
2026-09-01T17:00:00,717446,41.382001922322,18.420042567085666,0.0
2026-09-01T17:00:00,717445,31.645022720277105,18.420042567085666,0.0
2026-09-01T17:00:00,717458,28.66029632645513,18.420042567085666,0.0
2026-09-01T17:00:00,717459,30.19043578242895,18.420042567085666,0.0
2026-09-01T17:00:00,717460,30.180790910451154,18.420042567085666,0.0
2026-09-01T17:00:00,717461,31.921258003029173,18.420042567085666,0.0
2026-09-01T17:00:00,717462,27.47133403427395,18.420042567085666,0.0
2026-09-01T17:00:00,717463,28.398884217890938,18.420042567085666,0.0
2026-09-01T17:05:00,717447,35.903864724146544,18.383648171008137,0.0
2026-09-01T17:05:00,717512,35.64695387636185,18.383648171008137,1.8
2026-09-01T17:05:00,717446,32.56165820861394,18.383648171008137,0.0
2026-09-01T17:05:00,717445,30.452521449014498,18.383648171008137,0.0
2026-09-01T17:05:00,717458,34.9432820043462,18.383648171008137,0.0
2026-09-01T17:05:00,717459,30.10128409077518,18.383648171008137,0.0
2026-09-01T17:05:00,717460,31.528982222995264,18.383648171008137,0.0
2026-09-01T17:05:00,717461,26.51769975109405,18.383648171008137,0.0
2026-09-01T17:05:00,717462,27.816196200224304,18.383648171008137,0.0
2026-09-01T17:05:00,717463,20.335227824387225,18.383648171008137,0.0
2026-09-01T17:10:00,717447,35.733399197913805,18.348823315308692,0.0
2026-09-01T17:10:00,717512,33.429285710618785,18.348823315308692,0.0
2026-09-01T17:10:00,717446,37.991722500434,18.348823315308692,0.0
2026-09-01T17:10:00,717445,29.43991253645809,18.348823315308692,0.0
2026-09-01T17:10:00,717458,31.587077393363113,18.348823315308692,0.0
2026-09-01T17:10:00,717459,31.82957895794982,18.348823315308692,1.8
2026-09-01T17:10:00,717460,32.70188944897983,18.348823315308692,0.0
2026-09-01T17:10:00,717461,31.030463144270108,18.348823315308692,0.0
2026-09-01T17:10:00,717462,27.0194511890872,18.348823315308692,1.8
2026-09-01T17:10:00,717463,26.232139298231303,18.348823315308692,0.0
2026-09-01T17:15:00,717447,39.928193687380954,18.31558311439539,0.0
2026-09-01T17:15:00,717512,34.90191731651212,18.31558311439539,0.0
2026-09-01T17:15:00,717446,34.48915534649119,18.31558311439539,0.0
2026-09-01T17:15:00,717445,36.44071554895091,18.31558311439539,0.0
2026-09-01T17:15:00,717458,39.008640946096435,18.31558311439539,0.0
2026-09-01T17:15:00,717459,31.147397128993696,18.31558311439539,0.0
2026-09-01T17:15:00,717460,30.753148930176106,18.31558311439539,1.8
2026-09-01T17:15:00,717461,30.471476709614976,18.31558311439539,0.0
2026-09-01T17:15:00,717462,30.407655331322523,18.31558311439539,0.0
2026-09-01T17:15:00,717463,28.725176112194433,18.31558311439539,0.0
2026-09-01T17:20:00,717447,34.30434521043021,18.28394199491695,0.0
2026-09-01T17:20:00,717512,35.817405867270985,18.28394199491695,0.0
2026-09-01T17:20:00,717446,36.81509923344156,18.28394199491695,0.0
2026-09-01T17:20:00,717445,36.777433572756934,18.28394199491695,0.0
2026-09-01T17:20:00,717458,30.798458159582385,18.28394199491695,0.0
2026-09-01T17:20:00,717459,30.942421340865984,18.28394199491695,0.0
2026-09-01T17:20:00,717460,30.091783920853754,18.28394199491695,0.0
2026-09-01T17:20:00,717461,27.737924481020613,18.28394199491695,0.0
2026-09-01T17:20:00,717462,27.262611087143817,18.28394199491695,0.0
2026-09-01T17:20:00,717463,18.82179645783389,18.28394199491695,0.0
2026-09-01T17:25:00,717447,45.54690893642325,18.253913689501445,1.8
2026-09-01T17:25:00,717512,41.54137877948738,18.253913689501445,0.0
2026-09-01T17:25:00,717446,32.87328281989651,18.253913689501445,0.0
2026-09-01T17:25:00,717445,31.89861902004511,18.253913689501445,0.0
2026-09-01T17:25:00,717458,26.103542855331003,18.253913689501445,0.0
2026-09-01T17:25:00,717459,24.458503631574995,18.253913689501445,0.0
2026-09-01T17:25:00,717460,30.108250799161848,18.253913689501445,0.0
2026-09-01T17:25:00,717461,30.62694439259061,18.253913689501445,0.0
2026-09-01T17:25:00,717462,28.791672613545487,18.253913689501445,0.0
2026-09-01T17:25:00,717463,22.533041208743356,18.253913689501445,0.0
2026-09-01T17:30:00,717447,38.12952706465579,18.22551123079615,0.0
2026-09-01T17:30:00,717512,34.183828603635924,18.22551123079615,1.8
2026-09-01T17:30:00,717446,32.238251712797414,18.22551123079615,0.0
2026-09-01T17:30:00,717445,28.10585866417926,18.22551123079615,1.8
2026-09-01T17:30:00,717458,28.805957969028466,18.22551123079615,1.8
2026-09-01T17:30:00,717459,31.313839715041205,18.22551123079615,1.8
2026-09-01T17:30:00,717460,29.515035624129258,18.22551123079615,0.0
2026-09-01T17:30:00,717461,27.85417941790022,18.22551123079615,1.8
2026-09-01T17:30:00,717462,19.618804860671197,18.22551123079615,0.0
2026-09-01T17:30:00,717463,25.485429991655927,18.22551123079615,0.0
2026-09-01T17:35:00,717447,34.059847007686095,18.19874694581124,1.8
2026-09-01T17:35:00,717512,35.604950363769746,18.19874694581124,0.0
2026-09-01T17:35:00,717446,37.17615793092181,18.19874694581124,0.0
2026-09-01T17:35:00,717445,30.87295617873891,18.19874694581124,0.0
2026-09-01T17:35:00,717458,31.32794441556368,18.19874694581124,0.0
2026-09-01T17:35:00,717459,35.94385814807059,18.19874694581124,0.0
2026-09-01T17:35:00,717460,29.44970541353339,18.19874694581124,0.0
2026-09-01T17:35:00,717461,27.350793090088224,18.19874694581124,0.0
2026-09-01T17:35:00,717462,23.77858691085897,18.19874694581124,0.0
2026-09-01T17:35:00,717463,27.487469774672476,18.19874694581124,0.0
2026-09-01T17:40:00,717447,33.09348525446438,18.173632450569702,1.8
2026-09-01T17:40:00,717512,38.73010713210341,18.173632450569702,0.0
2026-09-01T17:40:00,717446,35.613691572298464,18.173632450569702,0.0
2026-09-01T17:40:00,717445,30.760820824197225,18.173632450569702,0.0
2026-09-01T17:40:00,717458,28.87357285876602,18.173632450569702,1.8
2026-09-01T17:40:00,717459,27.740473983858273,18.173632450569702,0.0
2026-09-01T17:40:00,717460,23.506377677034862,18.173632450569702,0.0
2026-09-01T17:40:00,717461,29.034210477553756,18.173632450569702,0.0
2026-09-01T17:40:00,717462,20.192819309063538,18.173632450569702,1.8
2026-09-01T17:40:00,717463,24.961374257926458,18.173632450569702,0.0
2026-09-01T17:45:00,717447,35.902109815245566,18.150178645065843,0.0
2026-09-01T17:45:00,717512,34.172982556502085,18.150178645065843,0.0
2026-09-01T17:45:00,717446,35.346180786700906,18.150178645065843,1.8
2026-09-01T17:45:00,717445,31.101415400935714,18.150178645065843,0.0
2026-09-01T17:45:00,717458,32.09625942437443,18.150178645065843,1.8
2026-09-01T17:45:00,717459,34.26290530800937,18.150178645065843,0.0
2026-09-01T17:45:00,717460,30.911568597239533,18.150178645065843,0.0
2026-09-01T17:45:00,717461,26.71582974141174,18.150178645065843,0.0
2026-09-01T17:45:00,717462,26.77671175014536,18.150178645065843,0.0
2026-09-01T17:45:00,717463,24.576238039615674,18.150178645065843,0.0
2026-09-01T17:50:00,717447,36.32051138653117,18.128395708534566,0.0
2026-09-01T17:50:00,717512,36.24979706340987,18.128395708534566,0.0
2026-09-01T17:50:00,717446,30.247889342693718,18.128395708534566,0.0
2026-09-01T17:50:00,717445,28.412703690676217,18.128395708534566,0.0
2026-09-01T17:50:00,717458,29.335154457711692,18.128395708534566,0.0
2026-09-01T17:50:00,717459,32.35436039688064,18.128395708534566,0.0
2026-09-01T17:50:00,717460,31.57844375685242,18.128395708534566,0.0
2026-09-01T17:50:00,717461,30.845912940962478,18.128395708534566,0.0
2026-09-01T17:50:00,717462,24.64402229195975,18.128395708534566,0.0
2026-09-01T17:50:00,717463,26.306528134432355,18.128395708534566,0.0
2026-09-01T17:55:00,717447,36.24620923066622,18.10829309503346,0.0
2026-09-01T17:55:00,717512,35.823473960680616,18.10829309503346,0.0
2026-09-01T17:55:00,717446,33.79496361311172,18.10829309503346,0.0
2026-09-01T17:55:00,717445,34.602545057247326,18.10829309503346,0.0
2026-09-01T17:55:00,717458,30.584315198142423,18.10829309503346,0.0
2026-09-01T17:55:00,717459,34.9098145436536,18.10829309503346,0.0
2026-09-01T17:55:00,717460,33.740334078385004,18.10829309503346,1.8
2026-09-01T17:55:00,717461,30.437385077751813,18.10829309503346,0.0
2026-09-01T17:55:00,717462,30.902923752643893,18.10829309503346,0.0
2026-09-01T17:55:00,717463,22.32573602372011,18.10829309503346,1.8
2026-09-01T18:00:00,717447,41.801662144628274,18.089879529339612,0.0
2026-09-01T18:00:00,717512,38.028003780214966,18.089879529339612,1.8
2026-09-01T18:00:00,717446,33.8457314398034,18.089879529339612,0.0
2026-09-01T18:00:00,717445,32.35933389539168,18.089879529339612,0.0
2026-09-01T18:00:00,717458,38.115043439295405,18.089879529339612,0.0
2026-09-01T18:00:00,717459,34.57338994264615,18.089879529339612,0.0
2026-09-01T18:00:00,717460,30.438878714854955,18.089879529339612,0.0
2026-09-01T18:00:00,717461,25.389245428518144,18.089879529339612,0.0
2026-09-01T18:00:00,717462,32.37689005743647,18.089879529339612,1.8
2026-09-01T18:00:00,717463,23.96723042168493,18.089879529339612,0.0
2026-09-01T18:05:00,717447,37.789950179952946,18.073163003162968,0.0
2026-09-01T18:05:00,717512,37.232570330211175,18.073163003162968,0.0
2026-09-01T18:05:00,717446,34.31449699568092,18.073163003162968,1.8
2026-09-01T18:05:00,717445,34.700296937377665,18.073163003162968,0.0
2026-09-01T18:05:00,717458,34.06533303446708,18.073163003162968,1.8
2026-09-01T18:05:00,717459,32.23963925520467,18.073163003162968,0.0
2026-09-01T18:05:00,717460,32.645042003257615,18.073163003162968,0.0
2026-09-01T18:05:00,717461,35.4473197963856,18.073163003162968,0.0
2026-09-01T18:05:00,717462,25.115802215448355,18.073163003162968,0.0
2026-09-01T18:05:00,717463,28.559752308790053,18.073163003162968,0.0
2026-09-01T18:10:00,717447,36.48552185571399,18.058150771677813,0.0
2026-09-01T18:10:00,717512,34.14685203003148,18.058150771677813,0.0
2026-09-01T18:10:00,717446,40.22767429863613,18.058150771677813,1.8
2026-09-01T18:10:00,717445,36.906640978790385,18.058150771677813,0.0
2026-09-01T18:10:00,717458,30.379525132957394,18.058150771677813,0.0
2026-09-01T18:10:00,717459,33.18878485846338,18.058150771677813,0.0
2026-09-01T18:10:00,717460,27.046246062184952,18.058150771677813,0.0
2026-09-01T18:10:00,717461,28.706673268567577,18.058150771677813,0.0
2026-09-01T18:10:00,717462,23.589243349327347,18.058150771677813,0.0
2026-09-01T18:10:00,717463,28.49125488618762,18.058150771677813,0.0
2026-09-01T18:15:00,717447,42.8294710459356,18.04484935037396,0.0
2026-09-01T18:15:00,717512,41.2986122496497,18.04484935037396,0.0
2026-09-01T18:15:00,717446,37.17174002203909,18.04484935037396,0.0
2026-09-01T18:15:00,717445,40.155793768848966,18.04484935037396,0.0
2026-09-01T18:15:00,717458,40.13126187579658,18.04484935037396,0.0
2026-09-01T18:15:00,717459,36.88254560011664,18.04484935037396,0.0
2026-09-01T18:15:00,717460,31.882542052940945,18.04484935037396,0.0
2026-09-01T18:15:00,717461,31.96071741256243,18.04484935037396,0.0
2026-09-01T18:15:00,717462,35.99523466535284,18.04484935037396,0.0
2026-09-01T18:15:00,717463,28.98481382974711,18.04484935037396,0.0
2026-09-01T18:20:00,717447,43.55200902875517,18.033264512228925,0.0
2026-09-01T18:20:00,717512,38.38398601741835,18.033264512228925,0.0
2026-09-01T18:20:00,717446,42.42271179104913,18.033264512228925,0.0
2026-09-01T18:20:00,717445,35.65947210948073,18.033264512228925,0.0
2026-09-01T18:20:00,717458,36.731990438929685,18.033264512228925,0.0
2026-09-01T18:20:00,717459,37.43925530792472,18.033264512228925,0.0
2026-09-01T18:20:00,717460,40.16080636964401,18.033264512228925,0.0
2026-09-01T18:20:00,717461,34.0670006588671,18.033264512228925,0.0
2026-09-01T18:20:00,717462,31.40631786431272,18.033264512228925,1.8
2026-09-01T18:20:00,717463,29.98513558902782,18.033264512228925,1.8
2026-09-01T18:25:00,717447,45.776286770802606,18.023401285202407,0.0
2026-09-01T18:25:00,717512,43.082823254158754,18.023401285202407,0.0
2026-09-01T18:25:00,717446,42.50996589714536,18.023401285202407,0.0
2026-09-01T18:25:00,717445,43.87946646012169,18.023401285202407,0.0
2026-09-01T18:25:00,717458,38.27563036580369,18.023401285202407,0.0
2026-09-01T18:25:00,717459,38.06030839822854,18.023401285202407,0.0
2026-09-01T18:25:00,717460,34.647054400307326,18.023401285202407,0.0
2026-09-01T18:25:00,717461,32.17766613568948,18.023401285202407,0.0
2026-09-01T18:25:00,717462,31.504449521794974,18.023401285202407,0.0
2026-09-01T18:25:00,717463,24.924459279549886,18.023401285202407,0.0
2026-09-01T18:30:00,717447,45.654348874566296,18.015263950054084,0.0
2026-09-01T18:30:00,717512,44.12601790914839,18.015263950054084,0.0
2026-09-01T18:30:00,717446,43.18734213059006,18.015263950054084,0.0
2026-09-01T18:30:00,717445,37.93861373561278,18.015263950054084,0.0
2026-09-01T18:30:00,717458,37.49951425805481,18.015263950054084,1.8
2026-09-01T18:30:00,717459,36.207303423550776,18.015263950054084,0.0
2026-09-01T18:30:00,717460,40.19196049230652,18.015263950054084,0.0
2026-09-01T18:30:00,717461,36.2007076749488,18.015263950054084,0.0
2026-09-01T18:30:00,717462,34.589384160277326,18.015263950054084,0.0
2026-09-01T18:30:00,717463,35.54797819362335,18.015263950054084,1.8
2026-09-01T18:35:00,717447,43.395230601501105,18.0088560384857,0.0
2026-09-01T18:35:00,717512,45.10925700706895,18.0088560384857,0.0
2026-09-01T18:35:00,717446,48.865735455217305,18.0088560384857,0.0
2026-09-01T18:35:00,717445,45.491843506603026,18.0088560384857,0.0
2026-09-01T18:35:00,717458,41.46259496524604,18.0088560384857,0.0
2026-09-01T18:35:00,717459,39.48000322207857,18.0088560384857,0.0
2026-09-01T18:35:00,717460,39.538633091753155,18.0088560384857,0.0
2026-09-01T18:35:00,717461,41.16182722201081,18.0088560384857,0.0
2026-09-01T18:35:00,717462,39.70759868197274,18.0088560384857,0.0
2026-09-01T18:35:00,717463,39.34175381430025,18.0088560384857,0.0
2026-09-01T18:40:00,717447,47.146971226157234,18.004180331608286,0.0
2026-09-01T18:40:00,717512,38.972029077139446,18.004180331608286,0.0
2026-09-01T18:40:00,717446,49.78866257118127,18.004180331608286,0.0
2026-09-01T18:40:00,717445,40.49448027665066,18.004180331608286,0.0
2026-09-01T18:40:00,717458,35.691861873055004,18.004180331608286,0.0
2026-09-01T18:40:00,717459,42.67162355022834,18.004180331608286,0.0
2026-09-01T18:40:00,717460,33.02307604793745,18.004180331608286,0.0
2026-09-01T18:40:00,717461,38.10369793025589,18.004180331608286,1.8
2026-09-01T18:40:00,717462,30.58488972713782,18.004180331608286,0.0
2026-09-01T18:40:00,717463,34.65743177309649,18.004180331608286,1.8
2026-09-01T18:45:00,717447,52.55489384121978,18.001238858735107,0.0
2026-09-01T18:45:00,717512,47.50670304811356,18.001238858735107,1.8
2026-09-01T18:45:00,717446,45.27880998993952,18.001238858735107,0.0
2026-09-01T18:45:00,717445,45.442650411336395,18.001238858735107,0.0
2026-09-01T18:45:00,717458,34.71158447899786,18.001238858735107,1.8
2026-09-01T18:45:00,717459,39.73510571671475,18.001238858735107,1.8
2026-09-01T18:45:00,717460,38.95993784645154,18.001238858735107,0.0
2026-09-01T18:45:00,717461,41.12473985201989,18.001238858735107,0.0
2026-09-01T18:45:00,717462,35.06977999635513,18.001238858735107,1.8
2026-09-01T18:45:00,717463,37.4207994024484,18.001238858735107,1.8
2026-09-01T18:50:00,717447,48.59070693700134,18.00003289650092,0.0
2026-09-01T18:50:00,717512,45.890536633687766,18.00003289650092,0.0
2026-09-01T18:50:00,717446,44.874831243987366,18.00003289650092,0.0
2026-09-01T18:50:00,717445,44.96363523050779,18.00003289650092,0.0
2026-09-01T18:50:00,717458,38.47238076787104,18.00003289650092,0.0
2026-09-01T18:50:00,717459,45.17867795699083,18.00003289650092,1.8
2026-09-01T18:50:00,717460,39.28443982820167,18.00003289650092,0.0
2026-09-01T18:50:00,717461,39.648508540292475,18.00003289650092,0.0
2026-09-01T18:50:00,717462,44.02352329888404,18.00003289650092,0.0
2026-09-01T18:50:00,717463,40.43429433844937,18.00003289650092,0.0
2026-09-01T18:55:00,717447,46.56381047258886,18.000562968307904,0.0
2026-09-01T18:55:00,717512,40.30003570379118,18.000562968307904,0.0
2026-09-01T18:55:00,717446,49.16811122949258,18.000562968307904,1.8
2026-09-01T18:55:00,717445,45.75273189339109,18.000562968307904,0.0
2026-09-01T18:55:00,717458,45.83154832945282,18.000562968307904,0.0
2026-09-01T18:55:00,717459,46.31490652068931,18.000562968307904,0.0
2026-09-01T18:55:00,717460,45.614576295111476,18.000562968307904,0.0
2026-09-01T18:55:00,717461,40.37197081535736,18.000562968307904,0.0
2026-09-01T18:55:00,717462,40.10424330328679,18.000562968307904,0.0
2026-09-01T18:55:00,717463,40.39719283226344,18.000562968307904,1.8
2026-09-01T19:00:00,717447,52.56409320727223,18.002828844098488,0.0
2026-09-01T19:00:00,717512,50.567805353135725,18.002828844098488,1.8
2026-09-01T19:00:00,717446,53.16986614847823,18.002828844098488,0.0
2026-09-01T19:00:00,717445,48.9291856258689,18.002828844098488,0.0
2026-09-01T19:00:00,717458,48.63297905059645,18.002828844098488,0.0
2026-09-01T19:00:00,717459,46.021081846974894,18.002828844098488,1.8
2026-09-01T19:00:00,717460,41.00818834200439,18.002828844098488,0.0
2026-09-01T19:00:00,717461,40.88463750767094,18.002828844098488,0.0
2026-09-01T19:00:00,717462,38.01558093709393,18.002828844098488,0.0
2026-09-01T19:00:00,717463,43.545235645873944,18.002828844098488,0.0
2026-09-01T19:05:00,717447,47.704639900673826,18.006829540455215,0.0
2026-09-01T19:05:00,717512,50.68268055277706,18.006829540455215,1.8
2026-09-01T19:05:00,717446,48.82804430655466,18.006829540455215,1.8
2026-09-01T19:05:00,717445,42.695023707786326,18.006829540455215,0.0
2026-09-01T19:05:00,717458,46.35235347511788,18.006829540455215,0.0
2026-09-01T19:05:00,717459,45.40053695681642,18.006829540455215,0.0
2026-09-01T19:05:00,717460,50.15341831013906,18.006829540455215,1.8
2026-09-01T19:05:00,717461,38.18247263806609,18.006829540455215,1.8
2026-09-01T19:05:00,717462,46.650896783429225,18.006829540455215,0.0
2026-09-01T19:05:00,717463,40.844437377387045,18.006829540455215,1.8
2026-09-01T19:10:00,717447,55.99094503128026,18.01256332102753,0.0
2026-09-01T19:10:00,717512,52.45159486642579,18.01256332102753,0.0
2026-09-01T19:10:00,717446,47.716329138716155,18.01256332102753,0.0
2026-09-01T19:10:00,717445,54.07370327606278,18.01256332102753,0.0
2026-09-01T19:10:00,717458,52.31644615638398,18.01256332102753,0.0
2026-09-01T19:10:00,717459,44.316324687966286,18.01256332102753,0.0
2026-09-01T19:10:00,717460,47.99866310716736,18.01256332102753,0.0
2026-09-01T19:10:00,717461,43.242506144860926,18.01256332102753,1.8
2026-09-01T19:10:00,717462,39.311524829908784,18.01256332102753,0.0
2026-09-01T19:10:00,717463,40.27567928578829,18.01256332102753,0.0
2026-09-01T19:15:00,717447,58.51460251756832,18.02002769728541,0.0
2026-09-01T19:15:00,717512,55.91995740608329,18.02002769728541,0.0
2026-09-01T19:15:00,717446,51.17865632341954,18.02002769728541,0.0
2026-09-01T19:15:00,717445,54.93113399781285,18.02002769728541,0.0
2026-09-01T19:15:00,717458,53.0994742727551,18.02002769728541,0.0
2026-09-01T19:15:00,717459,46.12926938579119,18.02002769728541,0.0
2026-09-01T19:15:00,717460,52.1503102336673,18.02002769728541,0.0
2026-09-01T19:15:00,717461,44.943357088472986,18.02002769728541,1.8
2026-09-01T19:15:00,717462,44.13328759685306,18.02002769728541,0.0
2026-09-01T19:15:00,717463,37.99135332678008,18.02002769728541,0.0
2026-09-01T19:20:00,717447,53.636911014437885,18.02921942959939,0.0
2026-09-01T19:20:00,717512,53.84791715319166,18.02921942959939,0.0
2026-09-01T19:20:00,717446,53.98288001076165,18.02921942959939,0.0
2026-09-01T19:20:00,717445,48.573291884021614,18.02921942959939,0.0
2026-09-01T19:20:00,717458,48.45424694626856,18.02921942959939,0.0
2026-09-01T19:20:00,717459,54.428474806730186,18.02921942959939,1.8
2026-09-01T19:20:00,717460,51.47094553124809,18.02921942959939,1.8
2026-09-01T19:20:00,717461,50.875527316374274,18.02921942959939,0.0
2026-09-01T19:20:00,717462,45.69208870499166,18.02921942959939,0.0
2026-09-01T19:20:00,717463,45.67372263525466,18.02921942959939,0.0
2026-09-01T19:25:00,717447,58.26026726977935,18.04013452864661,0.0
2026-09-01T19:25:00,717512,60.1186875725227,18.04013452864661,0.0
2026-09-01T19:25:00,717446,49.446875900439686,18.04013452864661,0.0
2026-09-01T19:25:00,717445,44.9114179652227,18.04013452864661,0.0
2026-09-01T19:25:00,717458,50.059260350965666,18.04013452864661,0.0
2026-09-01T19:25:00,717459,51.13419898826892,18.04013452864661,0.0
2026-09-01T19:25:00,717460,49.461940980486816,18.04013452864661,0.0
2026-09-01T19:25:00,717461,45.762838520499386,18.04013452864661,0.0
2026-09-01T19:25:00,717462,48.383218426726806,18.04013452864661,0.0
2026-09-01T19:25:00,717463,44.171376257131485,18.04013452864661,1.8
2026-09-01T19:30:00,717447,57.32826964074604,18.052768257142237,0.0
2026-09-01T19:30:00,717512,57.52926481621549,18.052768257142237,0.0
2026-09-01T19:30:00,717446,53.59146205934982,18.052768257142237,0.0
2026-09-01T19:30:00,717445,56.07123911154643,18.052768257142237,1.8
2026-09-01T19:30:00,717458,55.448913227832804,18.052768257142237,0.0
2026-09-01T19:30:00,717459,49.15386402833822,18.052768257142237,0.0
2026-09-01T19:30:00,717460,48.63726185636878,18.052768257142237,0.0
2026-09-01T19:30:00,717461,45.99104475085523,18.052768257142237,0.0
2026-09-01T19:30:00,717462,47.66191802541154,18.052768257142237,0.0
2026-09-01T19:30:00,717463,47.4107269281737,18.052768257142237,0.0
2026-09-01T19:35:00,717447,63.55677079185638,18.067115131895488,0.0
2026-09-01T19:35:00,717512,55.88791111163742,18.067115131895488,1.8
2026-09-01T19:35:00,717446,56.551593600244125,18.067115131895488,0.0
2026-09-01T19:35:00,717445,52.98890760851271,18.067115131895488,0.0
2026-09-01T19:35:00,717458,51.880271981745054,18.067115131895488,0.0
2026-09-01T19:35:00,717459,53.194975088951495,18.067115131895488,0.0
2026-09-01T19:35:00,717460,49.66667177946373,18.067115131895488,0.0
2026-09-01T19:35:00,717461,49.52717865697637,18.067115131895488,1.8
2026-09-01T19:35:00,717462,49.703944242439356,18.067115131895488,0.0
2026-09-01T19:35:00,717463,48.10720013217447,18.067115131895488,0.0
2026-09-01T19:40:00,717447,51.722253339149965,18.08316892618942,0.0
2026-09-01T19:40:00,717512,56.19540843370653,18.08316892618942,0.0
2026-09-01T19:40:00,717446,59.77494351236811,18.08316892618942,0.0
2026-09-01T19:40:00,717445,50.58609885492019,18.08316892618942,0.0
2026-09-01T19:40:00,717458,45.060145930655715,18.08316892618942,0.0
2026-09-01T19:40:00,717459,54.59658116839461,18.08316892618942,0.0
2026-09-01T19:40:00,717460,52.41401462084512,18.08316892618942,0.0
2026-09-01T19:40:00,717461,47.212417729338696,18.08316892618942,0.0
2026-09-01T19:40:00,717462,49.6146489021588,18.08316892618942,1.8
2026-09-01T19:40:00,717463,46.204097121187964,18.08316892618942,0.0
2026-09-01T19:45:00,717447,61.071485809637906,18.100922672483378,0.0
2026-09-01T19:45:00,717512,49.82541406399817,18.100922672483378,0.0
2026-09-01T19:45:00,717446,56.42027201759387,18.100922672483378,0.0
2026-09-01T19:45:00,717445,54.375150777240925,18.100922672483378,0.0
2026-09-01T19:45:00,717458,57.18282539239865,18.100922672483378,0.0
2026-09-01T19:45:00,717459,48.011283737731176,18.100922672483378,1.8
2026-09-01T19:45:00,717460,52.52576848170361,18.100922672483378,1.8
2026-09-01T19:45:00,717461,52.864303322346466,18.100922672483378,0.0
2026-09-01T19:45:00,717462,55.55923636239721,18.100922672483378,0.0
2026-09-01T19:45:00,717463,47.34399613943092,18.100922672483378,0.0
2026-09-01T19:50:00,717447,61.209484872298546,18.12036866543702,0.0
2026-09-01T19:50:00,717512,53.624520681553896,18.12036866543702,0.0
2026-09-01T19:50:00,717446,57.81942817829678,18.12036866543702,0.0
2026-09-01T19:50:00,717445,60.17164712863626,18.12036866543702,0.0
2026-09-01T19:50:00,717458,61.042562580872556,18.12036866543702,0.0
2026-09-01T19:50:00,717459,55.495225884312795,18.12036866543702,0.0
2026-09-01T19:50:00,717460,48.323464687863265,18.12036866543702,0.0
2026-09-01T19:50:00,717461,55.90282786637204,18.12036866543702,0.0
2026-09-01T19:50:00,717462,45.94700613952723,18.12036866543702,0.0
2026-09-01T19:50:00,717463,45.89773006571766,18.12036866543702,0.0
2026-09-01T19:55:00,717447,65.18480156127018,18.141498465254497,0.0
2026-09-01T19:55:00,717512,59.39028315596699,18.141498465254497,0.0
2026-09-01T19:55:00,717446,56.65529817987572,18.141498465254497,0.0
2026-09-01T19:55:00,717445,59.32104157369367,18.141498465254497,0.0
2026-09-01T19:55:00,717458,56.51785942925425,18.141498465254497,0.0
2026-09-01T19:55:00,717459,61.41364455960094,18.141498465254497,0.0
2026-09-01T19:55:00,717460,56.85100533901324,18.141498465254497,1.8
2026-09-01T19:55:00,717461,53.05698052875188,18.141498465254497,0.0
2026-09-01T19:55:00,717462,51.92651921051134,18.141498465254497,0.0
2026-09-01T19:55:00,717463,53.13130538239338,18.141498465254497,0.0
2026-09-01T20:00:00,717447,61.082833637824024,18.164302901347448,0.0
2026-09-01T20:00:00,717512,57.49464317564377,18.164302901347448,0.0
2026-09-01T20:00:00,717446,61.236496372717724,18.164302901347448,0.0
2026-09-01T20:00:00,717445,56.882675813483786,18.164302901347448,0.0
2026-09-01T20:00:00,717458,57.43064288302942,18.164302901347448,0.0
2026-09-01T20:00:00,717459,49.37135636890419,18.164302901347448,0.0
2026-09-01T20:00:00,717460,53.76154194355476,18.164302901347448,0.0
2026-09-01T20:00:00,717461,51.38675780194514,18.164302901347448,0.0
2026-09-01T20:00:00,717462,45.692555790373554,18.164302901347448,0.0
2026-09-01T20:00:00,717463,50.2541095541548,18.164302901347448,0.0
2026-09-01T20:05:00,717447,61.63319397766141,18.18877207631514,0.0
2026-09-01T20:05:00,717512,61.72947614572349,18.18877207631514,0.0
2026-09-01T20:05:00,717446,62.91570738306684,18.18877207631514,0.0
2026-09-01T20:05:00,717445,61.15686893621049,18.18877207631514,1.8
2026-09-01T20:05:00,717458,55.66466450515243,18.18877207631514,0.0
2026-09-01T20:05:00,717459,56.39462999442149,18.18877207631514,0.0
2026-09-01T20:05:00,717460,56.16338937286561,18.18877207631514,1.8
2026-09-01T20:05:00,717461,52.14663629330135,18.18877207631514,0.0
2026-09-01T20:05:00,717462,47.785394258392266,18.18877207631514,1.8
2026-09-01T20:05:00,717463,50.412159621544056,18.18877207631514,0.0
2026-09-01T20:10:00,717447,65.88652574131122,18.214895370240054,0.0
2026-09-01T20:10:00,717512,56.48519770695052,18.214895370240054,1.8
2026-09-01T20:10:00,717446,56.91273692217768,18.214895370240054,0.0
2026-09-01T20:10:00,717445,56.28913093537383,18.214895370240054,0.0
2026-09-01T20:10:00,717458,54.544335738070366,18.214895370240054,0.0
2026-09-01T20:10:00,717459,58.37698502708139,18.214895370240054,0.0
2026-09-01T20:10:00,717460,53.176626338117785,18.214895370240054,1.8
2026-09-01T20:10:00,717461,56.062567784249005,18.214895370240054,0.0
2026-09-01T20:10:00,717462,52.799777669266284,18.214895370240054,0.0
2026-09-01T20:10:00,717463,46.22957897814051,18.214895370240054,0.0
2026-09-01T20:15:00,717447,61.42059146626259,18.242661445297074,0.0
2026-09-01T20:15:00,717512,64.466290423939,18.242661445297074,0.0
2026-09-01T20:15:00,717446,60.711997885335514,18.242661445297074,1.8
2026-09-01T20:15:00,717445,58.038859118915234,18.242661445297074,0.0
2026-09-01T20:15:00,717458,61.50936557780291,18.242661445297074,0.0
2026-09-01T20:15:00,717459,53.41847950613672,18.242661445297074,0.0
2026-09-01T20:15:00,717460,53.661912082998185,18.242661445297074,0.0
2026-09-01T20:15:00,717461,56.95011612054453,18.242661445297074,0.0
2026-09-01T20:15:00,717462,55.09260386827567,18.242661445297074,0.0
2026-09-01T20:15:00,717463,48.38744004453019,18.242661445297074,0.0
2026-09-01T20:20:00,717447,64.40545547881192,18.272058250674213,0.0
2026-09-01T20:20:00,717512,59.84962441622509,18.272058250674213,0.0
2026-09-01T20:20:00,717446,54.396131174892915,18.272058250674213,0.0
2026-09-01T20:20:00,717445,58.43428915560367,18.272058250674213,0.0
2026-09-01T20:20:00,717458,64.03136856670072,18.272058250674213,0.0
2026-09-01T20:20:00,717459,60.061668090076594,18.272058250674213,1.8
2026-09-01T20:20:00,717460,55.644228524697965,18.272058250674213,0.0
2026-09-01T20:20:00,717461,49.8398103422929,18.272058250674213,0.0
2026-09-01T20:20:00,717462,47.27767912376347,18.272058250674213,0.0
2026-09-01T20:20:00,717463,52.32882103708621,18.272058250674213,0.0
2026-09-01T20:25:00,717447,64.49623455989375,18.30307302780284,1.8
2026-09-01T20:25:00,717512,64.23121419813464,18.30307302780284,0.0
2026-09-01T20:25:00,717446,62.65792241931732,18.30307302780284,1.8
2026-09-01T20:25:00,717445,61.72425704549183,18.30307302780284,0.0
2026-09-01T20:25:00,717458,59.31339826059531,18.30307302780284,0.0
2026-09-01T20:25:00,717459,60.870037916538195,18.30307302780284,0.0
2026-09-01T20:25:00,717460,54.50670316210561,18.30307302780284,0.0
2026-09-01T20:25:00,717461,54.98081700408217,18.30307302780284,1.8
2026-09-01T20:25:00,717462,48.45693088615593,18.30307302780284,0.0
2026-09-01T20:25:00,717463,50.8454705676116,18.30307302780284,1.8
2026-09-01T20:30:00,717447,66.5270703767667,18.335692315895024,0.0
2026-09-01T20:30:00,717512,64.28174681158363,18.335692315895024,1.8
2026-09-01T20:30:00,717446,54.028750167663304,18.335692315895024,1.8
2026-09-01T20:30:00,717445,66.06993720902362,18.335692315895024,0.0
2026-09-01T20:30:00,717458,59.21511200721281,18.335692315895024,0.0
2026-09-01T20:30:00,717459,58.07229771774806,18.335692315895024,1.8
2026-09-01T20:30:00,717460,54.52131138737906,18.335692315895024,0.0
2026-09-01T20:30:00,717461,53.93064227216991,18.335692315895024,0.0
2026-09-01T20:30:00,717462,54.38123766088613,18.335692315895024,0.0
2026-09-01T20:30:00,717463,54.49962655978899,18.335692315895024,0.0
2026-09-01T20:35:00,717447,64.74316339669963,18.369901957785714,0.0
2026-09-01T20:35:00,717512,60.971966272004316,18.369901957785714,0.0
2026-09-01T20:35:00,717446,58.66812861911759,18.369901957785714,0.0
2026-09-01T20:35:00,717445,57.27754255238529,18.369901957785714,1.8
2026-09-01T20:35:00,717458,62.21031094407296,18.369901957785714,0.0
2026-09-01T20:35:00,717459,60.59850830907526,18.369901957785714,0.0
2026-09-01T20:35:00,717460,58.03205847779,18.369901957785714,0.0
2026-09-01T20:35:00,717461,58.585932362290414,18.369901957785714,1.8
2026-09-01T20:35:00,717462,53.794619481505535,18.369901957785714,1.8
2026-09-01T20:35:00,717463,55.51078907830977,18.369901957785714,0.0
2026-09-01T20:40:00,717447,65.58887836442152,18.40568710607708,0.0
2026-09-01T20:40:00,717512,65.39466031031223,18.40568710607708,1.8
2026-09-01T20:40:00,717446,58.39083090781359,18.40568710607708,0.0
2026-09-01T20:40:00,717445,52.87196975625972,18.40568710607708,0.0
2026-09-01T20:40:00,717458,59.95235323599873,18.40568710607708,1.8
2026-09-01T20:40:00,717459,52.11746765547544,18.40568710607708,0.0
2026-09-01T20:40:00,717460,55.713604518509115,18.40568710607708,0.0
2026-09-01T20:40:00,717461,48.9111095285853,18.40568710607708,0.0
2026-09-01T20:40:00,717462,58.132363637118225,18.40568710607708,0.0
2026-09-01T20:40:00,717463,56.00376173979099,18.40568710607708,0.0
2026-09-01T20:45:00,717447,65.18604835619462,18.443032229582496,1.8
2026-09-01T20:45:00,717512,60.40196559548639,18.443032229582496,0.0
2026-09-01T20:45:00,717446,56.3914624636387,18.443032229582496,1.8
2026-09-01T20:45:00,717445,53.84353364966223,18.443032229582496,0.0
2026-09-01T20:45:00,717458,57.67566825629321,18.443032229582496,0.0
2026-09-01T20:45:00,717459,60.22252922431696,18.443032229582496,0.0
2026-09-01T20:45:00,717460,55.913141586306025,18.443032229582496,0.0
2026-09-01T20:45:00,717461,57.23536680637725,18.443032229582496,0.0
2026-09-01T20:45:00,717462,56.190595622502066,18.443032229582496,1.8
2026-09-01T20:45:00,717463,55.3756283322885,18.443032229582496,0.0
2026-09-01T20:50:00,717447,58.46925217142049,18.48192112006724,0.0
2026-09-01T20:50:00,717512,60.795444469501064,18.48192112006724,1.8
2026-09-01T20:50:00,717446,63.32174401823185,18.48192112006724,0.0
2026-09-01T20:50:00,717445,65.16964150126584,18.48192112006724,0.0
2026-09-01T20:50:00,717458,62.92852633556413,18.48192112006724,1.8
2026-09-01T20:50:00,717459,59.169241094518796,18.48192112006724,1.8
2026-09-01T20:50:00,717460,60.882464812491804,18.48192112006724,0.0
2026-09-01T20:50:00,717461,56.7456942879574,18.48192112006724,0.0
2026-09-01T20:50:00,717462,50.0249735317511,18.48192112006724,1.8
2026-09-01T20:50:00,717463,55.465665783203306,18.48192112006724,0.0
2026-09-01T20:55:00,717447,67.96848351114255,18.522336899283083,0.0
2026-09-01T20:55:00,717512,68.75077946604067,18.522336899283083,0.0
2026-09-01T20:55:00,717446,60.26264404392048,18.522336899283083,1.8
2026-09-01T20:55:00,717445,57.33344559164996,18.522336899283083,1.8
2026-09-01T20:55:00,717458,62.1529310391342,18.522336899283083,0.0
2026-09-01T20:55:00,717459,59.65573529859974,18.522336899283083,0.0
2026-09-01T20:55:00,717460,58.172249489256146,18.522336899283083,0.0
2026-09-01T20:55:00,717461,59.85414362144221,18.522336899283083,0.0
2026-09-01T20:55:00,717462,57.340101659570315,18.522336899283083,1.8
2026-09-01T20:55:00,717463,55.14488069915586,18.522336899283083,0.0
2026-09-01T21:00:00,717447,63.123593167042685,18.564262026293633,0.0
2026-09-01T21:00:00,717512,65.57679638788596,18.564262026293633,0.0
2026-09-01T21:00:00,717446,58.52353354384844,18.564262026293633,0.0
2026-09-01T21:00:00,717445,61.76451222353074,18.564262026293633,0.0
2026-09-01T21:00:00,717458,59.605326685362826,18.564262026293633,0.0
2026-09-01T21:00:00,717459,53.722834488656545,18.564262026293633,0.0
2026-09-01T21:00:00,717460,58.56920125620198,18.564262026293633,0.0
2026-09-01T21:00:00,717461,54.373340032648414,18.564262026293633,0.0
2026-09-01T21:00:00,717462,56.09336531931066,18.564262026293633,0.0
2026-09-01T21:00:00,717463,50.83439549810091,18.564262026293633,0.0
2026-09-01T21:05:00,717447,67.16524706350567,18.607678305087322,0.0
2026-09-01T21:05:00,717512,68.42727088619448,18.607678305087322,0.0
2026-09-01T21:05:00,717446,55.686107369600904,18.607678305087322,0.0
2026-09-01T21:05:00,717445,57.412571419501134,18.607678305087322,0.0
2026-09-01T21:05:00,717458,56.91880425421768,18.607678305087322,0.0
2026-09-01T21:05:00,717459,54.53761355445584,18.607678305087322,0.0
2026-09-01T21:05:00,717460,56.75293652959442,18.607678305087322,0.0
2026-09-01T21:05:00,717461,57.33335581559334,18.607678305087322,1.8
2026-09-01T21:05:00,717462,57.06655768114255,18.607678305087322,0.0
2026-09-01T21:05:00,717463,54.59199060229561,18.607678305087322,0.0
2026-09-01T21:10:00,717447,66.64227794463815,18.652566892474706,0.0
2026-09-01T21:10:00,717512,63.260391557460224,18.652566892474706,0.0
2026-09-01T21:10:00,717446,60.501652017843654,18.652566892474706,1.8
2026-09-01T21:10:00,717445,58.26219951989975,18.652566892474706,1.8
2026-09-01T21:10:00,717458,59.335234788773846,18.652566892474706,0.0
2026-09-01T21:10:00,717459,55.93055565829749,18.652566892474706,1.8
2026-09-01T21:10:00,717460,58.514013633925416,18.652566892474706,0.0
2026-09-01T21:10:00,717461,53.57549821691015,18.652566892474706,1.8
2026-09-01T21:10:00,717462,53.605872297340795,18.652566892474706,0.0
2026-09-01T21:10:00,717463,57.09198743049777,18.652566892474706,0.0
2026-09-01T21:15:00,717447,68.27100133430851,18.698908306266617,0.0
2026-09-01T21:15:00,717512,66.96349601876373,18.698908306266617,0.0
2026-09-01T21:15:00,717446,62.17129640799319,18.698908306266617,0.0
2026-09-01T21:15:00,717445,59.47767140246918,18.698908306266617,0.0
2026-09-01T21:15:00,717458,61.43311158609656,18.698908306266617,0.0
2026-09-01T21:15:00,717459,56.095195409057744,18.698908306266617,0.0
2026-09-01T21:15:00,717460,59.75799355386178,18.698908306266617,1.8
2026-09-01T21:15:00,717461,54.41785418685604,18.698908306266617,0.0
2026-09-01T21:15:00,717462,54.47401805787705,18.698908306266617,0.0
2026-09-01T21:15:00,717463,56.22934573820545,18.698908306266617,0.0
2026-09-01T21:20:00,717447,59.318525507,18.74668243372968,0.0
2026-09-01T21:20:00,717512,61.788780665118914,18.74668243372968,0.0
2026-09-01T21:20:00,717446,63.49241938470872,18.74668243372968,0.0
2026-09-01T21:20:00,717445,62.93472621418942,18.74668243372968,1.8
2026-09-01T21:20:00,717458,61.21343397086635,18.74668243372968,0.0
2026-09-01T21:20:00,717459,58.08857528251045,18.74668243372968,0.0
2026-09-01T21:20:00,717460,60.200256767900385,18.74668243372968,1.8
2026-09-01T21:20:00,717461,53.48331354477224,18.74668243372968,0.0
2026-09-01T21:20:00,717462,52.16497958781509,18.74668243372968,0.0
2026-09-01T21:20:00,717463,55.06227626672079,18.74668243372968,0.0
2026-09-01T21:25:00,717447,61.61347371668083,18.79586854031548,0.0
2026-09-01T21:25:00,717512,68.78117024388929,18.79586854031548,1.8
2026-09-01T21:25:00,717446,64.79962633652802,18.79586854031548,0.0
2026-09-01T21:25:00,717445,59.51212711476349,18.79586854031548,0.0
2026-09-01T21:25:00,717458,62.581454335662684,18.79586854031548,0.0
2026-09-01T21:25:00,717459,55.136497611962575,18.79586854031548,0.0
2026-09-01T21:25:00,717460,61.980401502911505,18.79586854031548,1.8
2026-09-01T21:25:00,717461,56.4664962002611,18.79586854031548,0.0
2026-09-01T21:25:00,717462,53.434814181457185,18.79586854031548,0.0
2026-09-01T21:25:00,717463,53.12650308808153,18.79586854031548,0.0
2026-09-01T21:30:00,717447,62.610709394412105,18.846445278659615,0.0
2026-09-01T21:30:00,717512,62.99417266992923,18.846445278659615,0.0
2026-09-01T21:30:00,717446,58.927896124370534,18.846445278659615,0.0
2026-09-01T21:30:00,717445,66.72041418650589,18.846445278659615,0.0
2026-09-01T21:30:00,717458,58.35959868903627,18.846445278659615,1.8
2026-09-01T21:30:00,717459,61.35363282122165,18.846445278659615,1.8
2026-09-01T21:30:00,717460,58.28719271362375,18.846445278659615,0.0
2026-09-01T21:30:00,717461,53.50518031123453,18.846445278659615,0.0
2026-09-01T21:30:00,717462,54.69399845742152,18.846445278659615,0.0
2026-09-01T21:30:00,717463,57.63812130023352,18.846445278659615,0.0
2026-09-01T21:35:00,717447,63.50821297138731,18.898390697846683,0.0
2026-09-01T21:35:00,717512,60.447655944861836,18.898390697846683,1.8
2026-09-01T21:35:00,717446,64.12454342880336,18.898390697846683,0.0
2026-09-01T21:35:00,717445,54.77246907392496,18.898390697846683,0.0
2026-09-01T21:35:00,717458,59.25455051925965,18.898390697846683,0.0
2026-09-01T21:35:00,717459,62.76100480525393,18.898390697846683,0.0
2026-09-01T21:35:00,717460,57.0393017271556,18.898390697846683,0.0
2026-09-01T21:35:00,717461,59.299615765727076,18.898390697846683,0.0
2026-09-01T21:35:00,717462,52.0107585079201,18.898390697846683,1.8
2026-09-01T21:35:00,717463,53.326155055579164,18.898390697846683,1.8
2026-09-01T21:40:00,717447,63.8747944868504,18.951682252937278,0.0
2026-09-01T21:40:00,717512,65.17805220842877,18.951682252937278,0.0
2026-09-01T21:40:00,717446,62.71380414495061,18.951682252937278,0.0
2026-09-01T21:40:00,717445,55.25050660673138,18.951682252937278,0.0
2026-09-01T21:40:00,717458,64.43612362060546,18.951682252937278,1.8
2026-09-01T21:40:00,717459,57.373165881169705,18.951682252937278,1.8
2026-09-01T21:40:00,717460,57.87788042273327,18.951682252937278,0.0
2026-09-01T21:40:00,717461,55.58133946123561,18.951682252937278,0.0
2026-09-01T21:40:00,717462,55.26045757622206,18.951682252937278,0.0
2026-09-01T21:40:00,717463,53.7928323307067,18.951682252937278,0.0
2026-09-01T21:45:00,717447,62.26700298630511,19.006296814752748,0.0
2026-09-01T21:45:00,717512,66.04437989457941,19.006296814752748,0.0
2026-09-01T21:45:00,717446,60.52742410853991,19.006296814752748,0.0
2026-09-01T21:45:00,717445,59.130084665501144,19.006296814752748,0.0
2026-09-01T21:45:00,717458,55.49417932284215,19.006296814752748,0.0
2026-09-01T21:45:00,717459,57.31107631948261,19.006296814752748,0.0
2026-09-01T21:45:00,717460,55.691299403293556,19.006296814752748,0.0
2026-09-01T21:45:00,717461,47.7862233934216,19.006296814752748,0.0
2026-09-01T21:45:00,717462,49.276974968505186,19.006296814752748,0.0
2026-09-01T21:45:00,717463,45.63201358792,19.006296814752748,0.0
2026-09-01T21:50:00,717447,64.26708549264521,19.062210679913537,0.0
2026-09-01T21:50:00,717512,67.91112772367025,19.062210679913537,0.0
2026-09-01T21:50:00,717446,58.36584821828097,19.062210679913537,0.0
2026-09-01T21:50:00,717445,61.24040276292008,19.062210679913537,0.0
2026-09-01T21:50:00,717458,59.39820707348193,19.062210679913537,0.0
2026-09-01T21:50:00,717459,60.82389554657118,19.062210679913537,0.0
2026-09-01T21:50:00,717460,59.85437503419864,19.062210679913537,1.8
2026-09-01T21:50:00,717461,63.008840666931384,19.062210679913537,0.0
2026-09-01T21:50:00,717462,56.082305480731186,19.062210679913537,0.0
2026-09-01T21:50:00,717463,51.73721455336334,19.062210679913537,0.0
2026-09-01T21:55:00,717447,63.259396977617605,19.11939958112675,0.0
2026-09-01T21:55:00,717512,62.34217891778622,19.11939958112675,0.0
2026-09-01T21:55:00,717446,60.63112562084843,19.11939958112675,0.0
2026-09-01T21:55:00,717445,66.35218183411017,19.11939958112675,1.8
2026-09-01T21:55:00,717458,62.11304453607026,19.11939958112675,1.8
2026-09-01T21:55:00,717459,54.06212074998835,19.11939958112675,0.0
2026-09-01T21:55:00,717460,59.19690758545735,19.11939958112675,0.0
2026-09-01T21:55:00,717461,53.390803054798226,19.11939958112675,0.0
2026-09-01T21:55:00,717462,57.43443317678615,19.11939958112675,0.0
2026-09-01T21:55:00,717463,57.47362528012371,19.11939958112675,0.0
2026-09-01T22:00:00,717447,64.27184894230277,19.177838697718432,0.0
2026-09-01T22:00:00,717512,62.03649304208732,19.177838697718432,0.0
2026-09-01T22:00:00,717446,66.97885584354316,19.177838697718432,0.0
2026-09-01T22:00:00,717445,59.26726611058893,19.177838697718432,0.0
2026-09-01T22:00:00,717458,57.77734136153238,19.177838697718432,0.0
2026-09-01T22:00:00,717459,56.11556127869348,19.177838697718432,0.0
2026-09-01T22:00:00,717460,57.51760669940238,19.177838697718432,0.0
2026-09-01T22:00:00,717461,57.295026954073954,19.177838697718432,1.8
2026-09-01T22:00:00,717462,58.21967050399031,19.177838697718432,1.8
2026-09-01T22:00:00,717463,55.74644554208925,19.177838697718432,0.0
2026-09-01T22:05:00,717447,66.50386152985561,19.23750266640606,1.8
2026-09-01T22:05:00,717512,67.59109961189577,19.23750266640606,0.0
2026-09-01T22:05:00,717446,59.59479111985343,19.23750266640606,0.0
2026-09-01T22:05:00,717445,57.03777332987339,19.23750266640606,0.0
2026-09-01T22:05:00,717458,61.90547969843006,19.23750266640606,0.0
2026-09-01T22:05:00,717459,58.5874107840539,19.23750266640606,0.0
2026-09-01T22:05:00,717460,60.63919683473168,19.23750266640606,0.0
2026-09-01T22:05:00,717461,56.457160438141436,19.23750266640606,1.8
2026-09-01T22:05:00,717462,53.548336829072056,19.23750266640606,0.0
2026-09-01T22:05:00,717463,55.95098004506336,19.23750266640606,0.0
2026-09-01T22:10:00,717447,65.22325411647606,19.298365592306503,1.8
2026-09-01T22:10:00,717512,63.66573960515696,19.298365592306503,1.8
2026-09-01T22:10:00,717446,69.74453482891876,19.298365592306503,0.0
2026-09-01T22:10:00,717445,64.93218878589597,19.298365592306503,1.8
2026-09-01T22:10:00,717458,62.34789953526399,19.298365592306503,0.0
2026-09-01T22:10:00,717459,59.314816324917615,19.298365592306503,0.0
2026-09-01T22:10:00,717460,57.858033108629556,19.298365592306503,0.0
2026-09-01T22:10:00,717461,55.66872587450971,19.298365592306503,0.0
2026-09-01T22:10:00,717462,56.011221368200374,19.298365592306503,0.0
2026-09-01T22:10:00,717463,52.71399060997638,19.298365592306503,0.0
2026-09-01T22:15:00,717447,61.41726557282091,19.360401060174713,0.0
2026-09-01T22:15:00,717512,63.63451536904144,19.360401060174713,0.0
2026-09-01T22:15:00,717446,63.45699792444426,19.360401060174713,0.0
2026-09-01T22:15:00,717445,64.2576747247506,19.360401060174713,0.0
2026-09-01T22:15:00,717458,57.811510456342106,19.360401060174713,0.0
2026-09-01T22:15:00,717459,59.08618012011024,19.360401060174713,0.0
2026-09-01T22:15:00,717460,59.34076937274615,19.360401060174713,0.0
2026-09-01T22:15:00,717461,58.071570894508504,19.360401060174713,0.0
2026-09-01T22:15:00,717462,60.19717315635159,19.360401060174713,1.8
2026-09-01T22:15:00,717463,53.328873060299756,19.360401060174713,0.0
2026-09-01T22:20:00,717447,62.383075997909486,19.423582145868274,0.0
2026-09-01T22:20:00,717512,64.0812987619844,19.423582145868274,0.0
2026-09-01T22:20:00,717446,61.88010929476811,19.423582145868274,0.0
2026-09-01T22:20:00,717445,60.16720314919136,19.423582145868274,1.8
2026-09-01T22:20:00,717458,58.58358887017152,19.423582145868274,0.0
2026-09-01T22:20:00,717459,59.872773249830956,19.423582145868274,0.0
2026-09-01T22:20:00,717460,55.7915919883161,19.423582145868274,0.0
2026-09-01T22:20:00,717461,58.75356933901892,19.423582145868274,0.0
2026-09-01T22:20:00,717462,57.40369270614797,19.423582145868274,1.8
2026-09-01T22:20:00,717463,55.34046509872218,19.423582145868274,0.0
2026-09-01T22:25:00,717447,62.007453874968284,19.487881428032786,0.0
2026-09-01T22:25:00,717512,64.53938400916189,19.487881428032786,0.0
2026-09-01T22:25:00,717446,65.67897874323363,19.487881428032786,1.8
2026-09-01T22:25:00,717445,63.78084522157989,19.487881428032786,0.0
2026-09-01T22:25:00,717458,62.12750257689025,19.487881428032786,0.0
2026-09-01T22:25:00,717459,59.048883153461745,19.487881428032786,0.0
2026-09-01T22:25:00,717460,57.71804093875858,19.487881428032786,0.0
2026-09-01T22:25:00,717461,60.19809318431688,19.487881428032786,0.0
2026-09-01T22:25:00,717462,56.22799101540321,19.487881428032786,0.0
2026-09-01T22:25:00,717463,55.06543047041359,19.487881428032786,0.0
2026-09-01T22:30:00,717447,73.25862242397443,19.553271000003072,0.0
2026-09-01T22:30:00,717512,62.87613735035332,19.553271000003072,0.0
2026-09-01T22:30:00,717446,56.322060496255254,19.553271000003072,1.8
2026-09-01T22:30:00,717445,60.88219445242701,19.553271000003072,0.0
2026-09-01T22:30:00,717458,59.84904668629555,19.553271000003072,0.0
2026-09-01T22:30:00,717459,59.78577400775164,19.553271000003072,0.0
2026-09-01T22:30:00,717460,59.25152356750054,19.553271000003072,0.0
2026-09-01T22:30:00,717461,50.74485392684746,19.553271000003072,0.0
2026-09-01T22:30:00,717462,56.9140300092208,19.553271000003072,0.0
2026-09-01T22:30:00,717463,54.02078309759263,19.553271000003072,0.0
2026-09-01T22:35:00,717447,64.20644647917348,19.61972248191502,0.0
2026-09-01T22:35:00,717512,59.00700481651066,19.61972248191502,0.0
2026-09-01T22:35:00,717446,66.87660281510064,19.61972248191502,0.0
2026-09-01T22:35:00,717445,60.136382464257345,19.61972248191502,0.0
2026-09-01T22:35:00,717458,62.17304044557383,19.61972248191502,1.8
2026-09-01T22:35:00,717459,56.582841478050554,19.61972248191502,0.0
2026-09-01T22:35:00,717460,58.71672357235691,19.61972248191502,0.0
2026-09-01T22:35:00,717461,55.851429467513874,19.61972248191502,0.0
2026-09-01T22:35:00,717462,57.27750561491849,19.61972248191502,1.8
2026-09-01T22:35:00,717463,53.3561643323434,19.61972248191502,0.0
2026-09-01T22:40:00,717447,62.45898391583983,19.687207033022766,0.0
2026-09-01T22:40:00,717512,63.753706331602146,19.687207033022766,0.0
2026-09-01T22:40:00,717446,62.408058562956704,19.687207033022766,0.0
2026-09-01T22:40:00,717445,62.11972397454236,19.687207033022766,0.0
2026-09-01T22:40:00,717458,62.96652907746427,19.687207033022766,0.0
2026-09-01T22:40:00,717459,55.84413326383876,19.687207033022766,0.0
2026-09-01T22:40:00,717460,60.40232073109448,19.687207033022766,1.8
2026-09-01T22:40:00,717461,53.036993947992606,19.687207033022766,1.8
2026-09-01T22:40:00,717462,57.15957089373537,19.687207033022766,0.0
2026-09-01T22:40:00,717463,56.055219583430784,19.687207033022766,0.0
2026-09-01T22:45:00,717447,63.59151908302813,19.75569536421593,0.0
2026-09-01T22:45:00,717512,61.52071164930295,19.75569536421593,0.0
2026-09-01T22:45:00,717446,60.177876635754934,19.75569536421593,1.8
2026-09-01T22:45:00,717445,61.62409224312436,19.75569536421593,1.8
2026-09-01T22:45:00,717458,62.25377666200434,19.75569536421593,0.0
2026-09-01T22:45:00,717459,58.57206166507871,19.75569536421593,0.0
2026-09-01T22:45:00,717460,51.262373463914784,19.75569536421593,1.8
2026-09-01T22:45:00,717461,55.00860653258806,19.75569536421593,0.0
2026-09-01T22:45:00,717462,53.711481125053986,19.75569536421593,0.0
2026-09-01T22:45:00,717463,55.635090283397346,19.75569536421593,0.0
2026-09-01T22:50:00,717447,66.59084794617482,19.825157750731474,0.0
2026-09-01T22:50:00,717512,64.24440007324526,19.825157750731474,0.0
2026-09-01T22:50:00,717446,65.21000959525739,19.825157750731474,1.8
2026-09-01T22:50:00,717445,64.24420895090705,19.825157750731474,0.0
2026-09-01T22:50:00,717458,58.77038332947748,19.825157750731474,0.0
2026-09-01T22:50:00,717459,56.519433686348556,19.825157750731474,0.0
2026-09-01T22:50:00,717460,57.57015530943711,19.825157750731474,0.0
2026-09-01T22:50:00,717461,51.543766929813025,19.825157750731474,0.0
2026-09-01T22:50:00,717462,55.83857555665225,19.825157750731474,1.8
2026-09-01T22:50:00,717463,52.631374951432214,19.825157750731474,0.0
2026-09-01T22:55:00,717447,74.22892653871531,19.895564045054563,0.0
2026-09-01T22:55:00,717512,67.87869312871474,19.895564045054563,0.0
2026-09-01T22:55:00,717446,60.77432699936184,19.895564045054563,0.0
2026-09-01T22:55:00,717445,58.35490624805156,19.895564045054563,0.0
2026-09-01T22:55:00,717458,58.15420472296509,19.895564045054563,1.8
2026-09-01T22:55:00,717459,61.90182350024942,19.895564045054563,1.8
2026-09-01T22:55:00,717460,60.779692071765126,19.895564045054563,0.0
2026-09-01T22:55:00,717461,60.720088583808156,19.895564045054563,0.0
2026-09-01T22:55:00,717462,52.84118512995149,19.895564045054563,0.0
2026-09-01T22:55:00,717463,55.624442260249836,19.895564045054563,0.0
2026-09-01T23:00:00,717447,62.68346235673115,19.966883690002966,0.0
2026-09-01T23:00:00,717512,68.62734022623769,19.966883690002966,0.0
2026-09-01T23:00:00,717446,60.13255019342599,19.966883690002966,0.0
2026-09-01T23:00:00,717445,57.740924829343186,19.966883690002966,1.8
2026-09-01T23:00:00,717458,57.00611820845773,19.966883690002966,0.0
2026-09-01T23:00:00,717459,58.969243802958616,19.966883690002966,0.0
2026-09-01T23:00:00,717460,59.811511973740394,19.966883690002966,0.0
2026-09-01T23:00:00,717461,58.41014978974345,19.966883690002966,0.0
2026-09-01T23:00:00,717462,52.316567574331735,19.966883690002966,0.0
2026-09-01T23:00:00,717463,53.07897349108583,19.966883690002966,0.0
2026-09-01T23:05:00,717447,63.50950677886302,20.039085731989267,1.8
2026-09-01T23:05:00,717512,60.33862470735457,20.039085731989267,0.0
2026-09-01T23:05:00,717446,61.04434406872532,20.039085731989267,0.0
2026-09-01T23:05:00,717445,65.37493025662005,20.039085731989267,0.0
2026-09-01T23:05:00,717458,56.38334498197076,20.039085731989267,0.0
2026-09-01T23:05:00,717459,59.6332916877209,20.039085731989267,0.0
2026-09-01T23:05:00,717460,61.85244425526906,20.039085731989267,0.0
2026-09-01T23:05:00,717461,60.47733785386355,20.039085731989267,0.0
2026-09-01T23:05:00,717462,60.39030048173934,20.039085731989267,0.0
2026-09-01T23:05:00,717463,55.11483136490298,20.039085731989267,0.0
2026-09-01T23:10:00,717447,66.34152480962392,20.112138834455074,0.0
2026-09-01T23:10:00,717512,62.29564067504635,20.112138834455074,1.8
2026-09-01T23:10:00,717446,58.72765873257834,20.112138834455074,0.0
2026-09-01T23:10:00,717445,60.96956625232442,20.112138834455074,1.8
2026-09-01T23:10:00,717458,63.48898435310775,20.112138834455074,0.0
2026-09-01T23:10:00,717459,52.42558144492115,20.112138834455074,0.0
2026-09-01T23:10:00,717460,56.420049150925564,20.112138834455074,1.8
2026-09-01T23:10:00,717461,58.22951548203242,20.112138834455074,0.0
2026-09-01T23:10:00,717462,55.408786179135966,20.112138834455074,0.0
2026-09-01T23:10:00,717463,57.88931410373304,20.112138834455074,1.8
2026-09-01T23:15:00,717447,67.94757097587639,20.186011291471445,0.0
2026-09-01T23:15:00,717512,59.59930937801753,20.186011291471445,0.0
2026-09-01T23:15:00,717446,62.84801925912085,20.186011291471445,0.0
2026-09-01T23:15:00,717445,59.215005844657114,20.186011291471445,0.0
2026-09-01T23:15:00,717458,57.98020805564766,20.186011291471445,0.0
2026-09-01T23:15:00,717459,54.99568972683586,20.186011291471445,0.0
2026-09-01T23:15:00,717460,58.520139079405226,20.186011291471445,0.0
2026-09-01T23:15:00,717461,60.35892002187129,20.186011291471445,0.0
2026-09-01T23:15:00,717462,56.380087749397866,20.186011291471445,0.0
2026-09-01T23:15:00,717463,50.03162535693359,20.186011291471445,0.0
2026-09-01T23:20:00,717447,64.84508439733042,20.26067104149969,1.8
2026-09-01T23:20:00,717512,65.3089242887756,20.26067104149969,0.0
2026-09-01T23:20:00,717446,62.229620990766044,20.26067104149969,0.0
2026-09-01T23:20:00,717445,62.32679551200233,20.26067104149969,0.0
2026-09-01T23:20:00,717458,58.232590024520036,20.26067104149969,0.0
2026-09-01T23:20:00,717459,58.29251944833436,20.26067104149969,0.0
2026-09-01T23:20:00,717460,56.91628591014026,20.26067104149969,0.0
2026-09-01T23:20:00,717461,60.957919818282924,20.26067104149969,0.0
2026-09-01T23:20:00,717462,52.374306985262315,20.26067104149969,0.0
2026-09-01T23:20:00,717463,47.94195954970436,20.26067104149969,0.0
2026-09-01T23:25:00,717447,69.13515864533913,20.336085681306436,0.0
2026-09-01T23:25:00,717512,64.14722352463545,20.336085681306436,0.0
2026-09-01T23:25:00,717446,59.005850475302836,20.336085681306436,0.0
2026-09-01T23:25:00,717445,64.06098909229348,20.336085681306436,0.0
2026-09-01T23:25:00,717458,61.89427683875499,20.336085681306436,0.0
2026-09-01T23:25:00,717459,63.90714318136207,20.336085681306436,1.8
2026-09-01T23:25:00,717460,58.37754051914854,20.336085681306436,0.0
2026-09-01T23:25:00,717461,63.7760786687766,20.336085681306436,0.0
2026-09-01T23:25:00,717462,55.05534301667743,20.336085681306436,0.0
2026-09-01T23:25:00,717463,55.90006494150717,20.336085681306436,1.8
2026-09-01T23:30:00,717447,67.13405202018515,20.412222480027012,0.0
2026-09-01T23:30:00,717512,73.13855088492019,20.412222480027012,0.0
2026-09-01T23:30:00,717446,61.328541235720564,20.412222480027012,0.0
2026-09-01T23:30:00,717445,60.03957795663711,20.412222480027012,0.0
2026-09-01T23:30:00,717458,62.398307527253905,20.412222480027012,0.0
2026-09-01T23:30:00,717459,55.17712392455829,20.412222480027012,0.0
2026-09-01T23:30:00,717460,55.59712031587556,20.412222480027012,0.0
2026-09-01T23:30:00,717461,56.175231369775126,20.412222480027012,0.0
2026-09-01T23:30:00,717462,60.19478570471177,20.412222480027012,1.8
2026-09-01T23:30:00,717463,56.40046372230627,20.412222480027012,0.0
2026-09-01T23:35:00,717447,65.22969873537205,20.48904839337107,0.0
2026-09-01T23:35:00,717512,62.26458085019017,20.48904839337107,0.0
2026-09-01T23:35:00,717446,56.28562300686004,20.48904839337107,0.0
2026-09-01T23:35:00,717445,67.52640525562128,20.48904839337107,0.0
2026-09-01T23:35:00,717458,60.02614827438636,20.48904839337107,0.0
2026-09-01T23:35:00,717459,56.79452112184332,20.48904839337107,0.0
2026-09-01T23:35:00,717460,64.63113101817699,20.48904839337107,0.0
2026-09-01T23:35:00,717461,52.896335528749894,20.48904839337107,0.0
2026-09-01T23:35:00,717462,59.26409869857421,20.48904839337107,0.0
2026-09-01T23:35:00,717463,54.24339852180505,20.48904839337107,0.0
2026-09-01T23:40:00,717447,67.19291046036258,20.5665300779642,0.0
2026-09-01T23:40:00,717512,65.41521345165549,20.5665300779642,0.0
2026-09-01T23:40:00,717446,64.74711130351865,20.5665300779642,1.8
2026-09-01T23:40:00,717445,68.58299428175349,20.5665300779642,0.0
2026-09-01T23:40:00,717458,66.75519326511447,20.5665300779642,0.0
2026-09-01T23:40:00,717459,56.93976255099625,20.5665300779642,0.0
2026-09-01T23:40:00,717460,59.29719602841938,20.5665300779642,1.8
2026-09-01T23:40:00,717461,51.523096085076155,20.5665300779642,0.0
2026-09-01T23:40:00,717462,57.884085024686065,20.5665300779642,0.0
2026-09-01T23:40:00,717463,57.41315008121455,20.5665300779642,0.0
2026-09-01T23:45:00,717447,58.776476195455466,20.64463390581932,0.0
2026-09-01T23:45:00,717512,63.73383065649159,20.64463390581932,0.0
2026-09-01T23:45:00,717446,64.78712618351149,20.64463390581932,0.0
2026-09-01T23:45:00,717445,62.45343165138565,20.64463390581932,0.0
2026-09-01T23:45:00,717458,56.550192836097274,20.64463390581932,0.0
2026-09-01T23:45:00,717459,55.63534480622932,20.64463390581932,0.0
2026-09-01T23:45:00,717460,57.38439851468273,20.64463390581932,0.0
2026-09-01T23:45:00,717461,55.32826512153734,20.64463390581932,0.0
2026-09-01T23:45:00,717462,54.39420300290032,20.64463390581932,0.0
2026-09-01T23:45:00,717463,50.1767411085997,20.64463390581932,0.0
2026-09-01T23:50:00,717447,65.09414194586088,20.723325978931676,0.0
2026-09-01T23:50:00,717512,68.62268926846109,20.723325978931676,0.0
2026-09-01T23:50:00,717446,59.06318387536758,20.723325978931676,0.0
2026-09-01T23:50:00,717445,60.74094599220967,20.723325978931676,0.0
2026-09-01T23:50:00,717458,62.02853248488836,20.723325978931676,0.0
2026-09-01T23:50:00,717459,54.33383314773882,20.723325978931676,0.0
2026-09-01T23:50:00,717460,57.923816716024874,20.723325978931676,0.0
2026-09-01T23:50:00,717461,59.71143104523728,20.723325978931676,0.0
2026-09-01T23:50:00,717462,52.41918580248044,20.723325978931676,1.8
2026-09-01T23:50:00,717463,54.6077280509176,20.723325978931676,0.0
2026-09-01T23:55:00,717447,67.86885297050392,20.80257214399097,0.0
2026-09-01T23:55:00,717512,70.77398788178833,20.80257214399097,0.0
2026-09-01T23:55:00,717446,62.85352339167587,20.80257214399097,0.0
2026-09-01T23:55:00,717445,59.259213954508354,20.80257214399097,0.0
2026-09-01T23:55:00,717458,54.737687130823836,20.80257214399097,0.0
2026-09-01T23:55:00,717459,56.882647514943784,20.80257214399097,0.0
2026-09-01T23:55:00,717460,53.62409282137469,20.80257214399097,1.8
2026-09-01T23:55:00,717461,61.712274198407236,20.80257214399097,0.0
2026-09-01T23:55:00,717462,58.0674294385933,20.80257214399097,0.0
2026-09-01T23:55:00,717463,50.83471465566222,20.80257214399097,0.0
2026-09-02T00:00:00,717447,62.69940788597813,22.0,0.0
2026-09-02T00:00:00,717512,64.00421680773765,22.0,0.0
2026-09-02T00:00:00,717446,65.68630697426222,22.0,0.0
2026-09-02T00:00:00,717445,62.90505513549815,22.0,0.0
2026-09-02T00:00:00,717458,61.40070756657211,22.0,0.0
2026-09-02T00:00:00,717459,59.60495871537955,22.0,1.8
2026-09-02T00:00:00,717460,54.57893402323853,22.0,0.0
2026-09-02T00:00:00,717461,56.843247628694265,22.0,0.0
2026-09-02T00:00:00,717462,55.28031684873665,22.0,0.0
2026-09-02T00:00:00,717463,49.98728130120702,22.0,0.0
2026-09-02T00:05:00,717447,70.02009183844312,22.08332730530057,0.0
2026-09-02T00:05:00,717512,62.03164280016939,22.08332730530057,0.0
2026-09-02T00:05:00,717446,58.4582038822866,22.08332730530057,0.0
2026-09-02T00:05:00,717445,60.09153367546309,22.08332730530057,1.8
2026-09-02T00:05:00,717458,59.42713854345257,22.08332730530057,0.0
2026-09-02T00:05:00,717459,58.79109964008522,22.08332730530057,0.0
2026-09-02T00:05:00,717460,56.978812243485265,22.08332730530057,1.8
2026-09-02T00:05:00,717461,56.55718894113739,22.08332730530057,0.0
2026-09-02T00:05:00,717462,55.84879387254191,22.08332730530057,0.0
2026-09-02T00:05:00,717463,54.49348152410931,22.08332730530057,0.0
2026-09-02T00:10:00,717447,66.17790234692765,22.166618445544078,0.0
2026-09-02T00:10:00,717512,65.1607565705024,22.166618445544078,0.0
2026-09-02T00:10:00,717446,64.03852264397956,22.166618445544078,0.0
2026-09-02T00:10:00,717445,63.58682358368609,22.166618445544078,0.0
2026-09-02T00:10:00,717458,58.122947677273366,22.166618445544078,0.0
2026-09-02T00:10:00,717459,57.022882175308816,22.166618445544078,0.0
2026-09-02T00:10:00,717460,60.90164316474737,22.166618445544078,0.0
2026-09-02T00:10:00,717461,55.37761967809995,22.166618445544078,0.0
2026-09-02T00:10:00,717462,55.027142668487436,22.166618445544078,0.0
2026-09-02T00:10:00,717463,53.56584731052084,22.166618445544078,0.0
2026-09-02T00:15:00,717447,71.82747628289901,22.249837271369522,0.0
2026-09-02T00:15:00,717512,61.24332607096413,22.249837271369522,0.0
2026-09-02T00:15:00,717446,59.992139038990175,22.249837271369522,0.0
2026-09-02T00:15:00,717445,61.36739858885118,22.249837271369522,0.0
2026-09-02T00:15:00,717458,59.64756255290649,22.249837271369522,0.0
2026-09-02T00:15:00,717459,55.60946381150205,22.249837271369522,0.0
2026-09-02T00:15:00,717460,57.5241296521433,22.249837271369522,0.0
2026-09-02T00:15:00,717461,56.648075846841586,22.249837271369522,0.0
2026-09-02T00:15:00,717462,53.889291143232946,22.249837271369522,0.0
2026-09-02T00:15:00,717463,53.74815795606631,22.249837271369522,0.0
2026-09-02T00:20:00,717447,62.7016375080921,22.332947664801242,0.0
2026-09-02T00:20:00,717512,60.41581233550103,22.332947664801242,0.0
2026-09-02T00:20:00,717446,61.356119298208526,22.332947664801242,0.0
2026-09-02T00:20:00,717445,58.4144781202264,22.332947664801242,0.0
2026-09-02T00:20:00,717458,56.295236051514124,22.332947664801242,0.0
2026-09-02T00:20:00,717459,53.44094455123141,22.332947664801242,1.8
2026-09-02T00:20:00,717460,58.455977920196005,22.332947664801242,0.0
2026-09-02T00:20:00,717461,55.26103845422108,22.332947664801242,0.0
2026-09-02T00:20:00,717462,58.52129267785863,22.332947664801242,0.0
2026-09-02T00:20:00,717463,48.33485368896927,22.332947664801242,0.0
2026-09-02T00:25:00,717447,63.893181682775186,22.415913554924543,0.0
2026-09-02T00:25:00,717512,64.44142638169276,22.415913554924543,0.0
2026-09-02T00:25:00,717446,60.69377035918336,22.415913554924543,0.0
2026-09-02T00:25:00,717445,61.276121938847716,22.415913554924543,0.0
2026-09-02T00:25:00,717458,54.660280856456325,22.415913554924543,0.0
2026-09-02T00:25:00,717459,57.71403641911997,22.415913554924543,0.0
2026-09-02T00:25:00,717460,55.26069709549263,22.415913554924543,1.8
2026-09-02T00:25:00,717461,59.37701662837774,22.415913554924543,0.0
2026-09-02T00:25:00,717462,55.848368268859495,22.415913554924543,0.0
2026-09-02T00:25:00,717463,56.51225062872594,22.415913554924543,0.0
2026-09-02T00:30:00,717447,68.47951989894209,22.49869893354091,0.0
2026-09-02T00:30:00,717512,62.28210140281349,22.49869893354091,1.8
2026-09-02T00:30:00,717446,62.921509745555845,22.49869893354091,0.0
2026-09-02T00:30:00,717445,58.164461775683264,22.49869893354091,0.0
2026-09-02T00:30:00,717458,61.2811801848313,22.49869893354091,0.0
2026-09-02T00:30:00,717459,60.51286355992988,22.49869893354091,1.8
2026-09-02T00:30:00,717460,58.67289419018938,22.49869893354091,0.0
2026-09-02T00:30:00,717461,55.07897402196689,22.49869893354091,0.0
2026-09-02T00:30:00,717462,60.75432511733235,22.49869893354091,1.8
2026-09-02T00:30:00,717463,54.24035109363494,22.49869893354091,0.0
2026-09-02T00:35:00,717447,73.80697370660437,22.581267870796008,0.0
2026-09-02T00:35:00,717512,60.58001590295233,22.581267870796008,0.0
2026-09-02T00:35:00,717446,64.40063889685385,22.581267870796008,0.0
2026-09-02T00:35:00,717445,64.27379616526808,22.581267870796008,0.0
2026-09-02T00:35:00,717458,57.03190759972102,22.581267870796008,0.0
2026-09-02T00:35:00,717459,58.229164624255674,22.581267870796008,0.0
2026-09-02T00:35:00,717460,53.60658356434813,22.581267870796008,0.0
2026-09-02T00:35:00,717461,60.20772951529671,22.581267870796008,0.0
2026-09-02T00:35:00,717462,55.09401584971322,22.581267870796008,0.0
2026-09-02T00:35:00,717463,51.672702109242046,22.581267870796008,0.0
2026-09-02T00:40:00,717447,67.91617089657852,22.66358453077366,0.0
2026-09-02T00:40:00,717512,63.76008609322345,22.66358453077366,0.0
2026-09-02T00:40:00,717446,65.05811980377757,22.66358453077366,1.8
2026-09-02T00:40:00,717445,62.67166844669132,22.66358453077366,0.0
2026-09-02T00:40:00,717458,57.30265210076749,22.66358453077366,0.0
2026-09-02T00:40:00,717459,57.384278979469485,22.66358453077366,0.0
2026-09-02T00:40:00,717460,55.346952809543964,22.66358453077366,1.8
2026-09-02T00:40:00,717461,53.1985089289403,22.66358453077366,0.0
2026-09-02T00:40:00,717462,50.518985236759114,22.66358453077366,0.0
2026-09-02T00:40:00,717463,60.26777069106781,22.66358453077366,0.0
2026-09-02T00:45:00,717447,65.81726418888387,22.74561318704908,0.0
2026-09-02T00:45:00,717512,65.05239526838693,22.74561318704908,0.0
2026-09-02T00:45:00,717446,65.87632035087032,22.74561318704908,0.0
2026-09-02T00:45:00,717445,59.75628408630224,22.74561318704908,1.8
2026-09-02T00:45:00,717458,56.19241278641721,22.74561318704908,0.0
2026-09-02T00:45:00,717459,61.172409676866536,22.74561318704908,0.0
2026-09-02T00:45:00,717460,54.2008242036524,22.74561318704908,0.0
2026-09-02T00:45:00,717461,58.69675905416542,22.74561318704908,0.0
2026-09-02T00:45:00,717462,50.98853134522929,22.74561318704908,0.0
2026-09-02T00:45:00,717463,50.41169067182736,22.74561318704908,1.8
2026-09-02T00:50:00,717447,63.07675619858449,22.827318238194565,0.0
2026-09-02T00:50:00,717512,65.77716302993981,22.827318238194565,0.0
2026-09-02T00:50:00,717446,67.45636291718216,22.827318238194565,0.0
2026-09-02T00:50:00,717445,62.647479886565584,22.827318238194565,0.0
2026-09-02T00:50:00,717458,58.38453129138156,22.827318238194565,0.0
2026-09-02T00:50:00,717459,61.73125549725627,22.827318238194565,0.0
2026-09-02T00:50:00,717460,53.3115235587056,22.827318238194565,0.0
2026-09-02T00:50:00,717461,53.84536349867018,22.827318238194565,0.0
2026-09-02T00:50:00,717462,55.63872060302605,22.827318238194565,0.0
2026-09-02T00:50:00,717463,56.47647324669039,22.827318238194565,0.0
2026-09-02T00:55:00,717447,64.37399488334533,22.908664223230947,0.0
2026-09-02T00:55:00,717512,62.86199465980965,22.908664223230947,0.0
2026-09-02T00:55:00,717446,61.82809999515336,22.908664223230947,1.8
2026-09-02T00:55:00,717445,64.64633693598616,22.908664223230947,0.0
2026-09-02T00:55:00,717458,57.92308790029669,22.908664223230947,0.0
2026-09-02T00:55:00,717459,56.06377748807743,22.908664223230947,1.8
2026-09-02T00:55:00,717460,56.98276994719566,22.908664223230947,0.0
2026-09-02T00:55:00,717461,60.301172832015304,22.908664223230947,1.8
2026-09-02T00:55:00,717462,53.429931960124485,22.908664223230947,0.0
2026-09-02T00:55:00,717463,53.41907287319242,22.908664223230947,0.0
