timestamp,sensor_id,speed,temperature,precipitation
2026-09-01T00:00:00,717447,66.49014245902548,22.0,0.0
2026-09-01T00:00:00,717512,63.385207096478226,22.0,0.0
2026-09-01T00:00:00,717446,61.897539875821785,22.0,1.8
2026-09-01T00:00:00,717445,60.69758912914424,22.0,0.0
2026-09-01T00:00:00,717458,64.93763844651396,22.0,1.8
2026-09-01T00:00:00,717459,61.30230418745052,22.0,0.0
2026-09-01T00:00:00,717460,56.391576842186936,22.0,0.0
2026-09-01T00:00:00,717461,58.22768013074968,22.0,0.0
2026-09-01T00:00:00,717462,56.125886814689885,22.0,0.0
2026-09-01T00:00:00,717463,48.460159266018394,22.0,0.0
2026-09-01T00:05:00,717447,61.96150663898228,22.08332730530057,0.0
2026-09-01T00:05:00,717512,64.74274199777136,22.08332730530057,0.0
2026-09-01T00:05:00,717446,66.9969463067502,22.08332730530057,0.0
2026-09-01T00:05:00,717445,60.72267109852594,22.08332730530057,0.0
2026-09-01T00:05:00,717458,58.56685182641,22.08332730530057,0.0
2026-09-01T00:05:00,717459,59.33276776911515,22.08332730530057,0.0
2026-09-01T00:05:00,717460,55.99808393022913,22.08332730530057,0.0
2026-09-01T00:05:00,717461,55.72491875060572,22.08332730530057,0.0
2026-09-01T00:05:00,717462,55.35950832577175,22.08332730530057,1.8
2026-09-01T00:05:00,717463,51.026867213117846,22.08332730530057,0.0
2026-09-01T00:10:00,717447,67.46763473628431,22.166618445544078,0.0
2026-09-01T00:10:00,717512,60.137469050061675,22.166618445544078,0.0
2026-09-01T00:10:00,717446,58.61544185327946,22.166618445544078,0.0
2026-09-01T00:10:00,717445,61.99058370758211,22.166618445544078,0.0
2026-09-01T00:10:00,717458,62.415399739960975,22.166618445544078,1.8
2026-09-01T00:10:00,717459,59.51410484354466,22.166618445544078,0.0
2026-09-01T00:10:00,717460,57.45305515281002,22.166618445544078,0.0
2026-09-01T00:10:00,717461,55.69668891320688,22.166618445544078,0.0
2026-09-01T00:10:00,717462,54.018083687095384,22.166618445544078,0.0
2026-09-01T00:10:00,717463,57.3713666786315,22.166618445544078,0.0
2026-09-01T00:15:00,717447,65.97225190814049,22.249837271369522,1.8
2026-09-01T00:15:00,717512,62.64475315870715,22.249837271369522,0.0
2026-09-01T00:15:00,717446,60.569233999038225,22.249837271369522,1.8
2026-09-01T00:15:00,717445,63.23502886647871,22.249837271369522,0.0
2026-09-01T00:15:00,717458,63.29299856744396,22.249837271369522,0.0
2026-09-01T00:15:00,717459,61.7938403573047,22.249837271369522,1.8
2026-09-01T00:15:00,717460,55.28234743028818,22.249837271369522,0.0
2026-09-01T00:15:00,717461,55.672362872402466,22.249837271369522,0.0
2026-09-01T00:15:00,717462,53.96247728642023,22.249837271369522,0.0
2026-09-01T00:15:00,717463,53.643023069964656,22.249837271369522,0.0
2026-09-01T00:20:00,717447,67.4375774671067,22.332947664801242,0.0
2026-09-01T00:20:00,717512,67.86872008563658,22.332947664801242,0.0
2026-09-01T00:20:00,717446,63.68490807506702,22.332947664801242,0.0
2026-09-01T00:20:00,717445,59.46464073610874,22.332947664801242,0.0
2026-09-01T00:20:00,717458,60.09252188259427,22.332947664801242,0.0
2026-09-01T00:20:00,717459,63.69393096736613,22.332947664801242,0.0
2026-09-01T00:20:00,717460,58.06114120463863,22.332947664801242,0.0
2026-09-01T00:20:00,717461,55.70297794852652,22.332947664801242,0.0
2026-09-01T00:20:00,717462,54.74098433641158,22.332947664801242,0.0
2026-09-01T00:20:00,717463,55.27133771445935,22.332947664801242,0.0
2026-09-01T00:25:00,717447,62.57451919119001,22.415913554924543,0.0
2026-09-01T00:25:00,717512,62.29472886911596,22.415913554924543,0.0
2026-09-01T00:25:00,717446,65.34620635297578,22.415913554924543,0.0
2026-09-01T00:25:00,717445,62.38625332884862,22.415913554924543,0.0
2026-09-01T00:25:00,717458,60.49123264791369,22.415913554924543,0.0
2026-09-01T00:25:00,717459,61.90593497146824,22.415913554924543,0.0
2026-09-01T00:25:00,717460,55.69384071823751,22.415913554924543,0.0
2026-09-01T00:25:00,717461,55.617013560076266,22.415913554924543,0.0
2026-09-01T00:25:00,717462,56.288360831063294,22.415913554924543,1.8
2026-09-01T00:25:00,717463,54.98316581640924,22.415913554924543,0.0
2026-09-01T00:30:00,717447,60.75388777362582,22.49869893354091,1.8
2026-09-01T00:30:00,717512,62.53806403148098,22.49869893354091,0.0
2026-09-01T00:30:00,717446,62.11614286477903,22.49869893354091,0.0
2026-09-01T00:30:00,717445,62.61215257022068,22.49869893354091,0.0
2026-09-01T00:30:00,717458,60.97265117194536,22.49869893354091,0.0
2026-09-01T00:30:00,717459,58.77666225247856,22.49869893354091,0.0
2026-09-01T00:30:00,717460,52.043686353879934,22.49869893354091,0.0
2026-09-01T00:30:00,717461,56.52045837342941,22.49869893354091,1.8
2026-09-01T00:30:00,717462,55.580690629600134,22.49869893354091,1.8
2026-09-01T00:30:00,717463,61.58972633723292,22.49869893354091,0.0
2026-09-01T00:35:00,717447,64.42291710527766,22.581267870796008,1.8
2026-09-01T00:35:00,717512,64.70464202662185,22.581267870796008,0.0
2026-09-01T00:35:00,717446,66.02846844316608,22.581267870796008,0.0
2026-09-01T00:35:00,717445,63.655799097681346,22.581267870796008,0.0
2026-09-01T00:35:00,717458,64.40838293242932,22.581267870796008,0.0
2026-09-01T00:35:00,717459,54.794446811244185,22.581267870796008,0.0
2026-09-01T00:35:00,717460,54.828391024228964,22.581267870796008,1.8
2026-09-01T00:35:00,717461,54.90110681081271,22.581267870796008,0.0
2026-09-01T00:35:00,717462,50.74800970642263,22.581267870796008,0.0
2026-09-01T00:35:00,717463,54.40568892403911,22.581267870796008,0.0
2026-09-01T00:40:00,717447,62.24172729665795,22.66358453077366,0.0
2026-09-01T00:40:00,717512,68.44980321441197,22.66358453077366,1.8
2026-09-01T00:40:00,717446,60.250240122350654,22.66358453077366,0.0
2026-09-01T00:40:00,717445,60.43381545074234,22.66358453077366,0.0
2026-09-01T00:40:00,717458,62.64055165146837,22.66358453077366,0.0
2026-09-01T00:40:00,717459,55.30740705005749,22.66358453077366,0.0
2026-09-01T00:40:00,717460,52.977550295675684,22.66358453077366,1.8
2026-09-01T00:40:00,717461,57.15390157495627,22.66358453077366,0.0
2026-09-01T00:40:00,717462,56.179648382104624,22.66358453077366,0.0
2026-09-01T00:40:00,717463,56.54546861469129,22.66358453077366,0.0
2026-09-01T00:45:00,717447,66.56582469577374,22.74561318704908,0.0
2026-09-01T00:45:00,717512,64.6909540186226,22.74561318704908,0.0
2026-09-01T00:45:00,717446,60.559925834187574,22.74561318704908,0.0
2026-09-01T00:45:00,717445,62.096761090406055,22.74561318704908,0.0
2026-09-01T00:45:00,717458,61.079217418819084,22.74561318704908,1.8
2026-09-01T00:45:00,717459,56.85694574484394,22.74561318704908,0.0
2026-09-01T00:45:00,717460,63.397323532357305,22.74561318704908,0.0
2026-09-01T00:45:00,717461,58.021498761658414,22.74561318704908,0.0
2026-09-01T00:45:00,717462,52.47595498824108,22.74561318704908,0.0
2026-09-01T00:45:00,717463,56.561253810150404,22.74561318704908,0.0
2026-09-01T00:50:00,717447,67.89012838593253,22.827318238194565,0.0
2026-09-01T00:50:00,717512,65.03834277900904,22.827318238194565,0.0
2026-09-01T00:50:00,717446,61.86383565019094,22.827318238194565,0.0
2026-09-01T00:50:00,717445,59.13879150512709,22.827318238194565,0.0
2026-09-01T00:50:00,717458,59.96869486995725,22.827318238194565,0.0
2026-09-01T00:50:00,717459,60.02345592264949,22.827318238194565,0.0
2026-09-01T00:50:00,717460,57.83900567383327,22.827318238194565,0.0
2026-09-01T00:50:00,717461,60.960602229671515,22.827318238194565,0.0
2026-09-01T00:50:00,717462,57.277002041494576,22.827318238194565,0.0
2026-09-01T00:50:00,717463,51.62852732895071,22.827318238194565,1.8
2026-09-01T00:55:00,717447,61.787322502823386,22.908664223230947,0.0
2026-09-01T00:55:00,717512,65.24741724273628,22.908664223230947,0.0
2026-09-01T00:55:00,717446,61.929611641029176,22.908664223230947,1.8
2026-09-01T00:55:00,717445,63.542001479282995,22.908664223230947,0.0
2026-09-01T00:55:00,717458,61.61971287072737,22.908664223230947,0.0
2026-09-01T00:55:00,717459,58.7815132590361,22.908664223230947,0.0
2026-09-01T00:55:00,717460,55.259618842801515,22.908664223230947,0.0
2026-09-01T00:55:00,717461,52.05545832294913,22.908664223230947,0.0
2026-09-01T00:55:00,717462,56.04228122939734,22.908664223230947,0.0
2026-09-01T00:55:00,717463,50.46278366087076,22.908664223230947,0.0
2026-09-01T01:00:00,717447,62.3484276864478,22.989615837018093,0.0
2026-09-01T01:00:00,717512,64.26117531288777,22.989615837018093,0.0
2026-09-01T01:00:00,717446,62.7746261503892,22.989615837018093,0.0
2026-09-01T01:00:00,717445,57.97108910155933,22.989615837018093,0.0
2026-09-01T01:00:00,717458,63.44915372457703,22.989615837018093,0.0
2026-09-01T01:00:00,717459,62.1614061511559,22.989615837018093,0.0
2026-09-01T01:00:00,717460,59.345105796677174,22.989615837018093,0.0
2026-09-01T01:00:00,717461,58.14135784778782,22.989615837018093,0.0
2026-09-01T01:00:00,717462,56.94514305396934,22.989615837018093,0.0
2026-09-01T01:00:00,717463,65.75819446701537,22.989615837018093,0.0
2026-09-01T01:05:00,717447,67.86200528234303,23.070137945577745,0.0
2026-09-01T01:05:00,717512,65.75417374578082,23.070137945577745,0.0
2026-09-01T01:05:00,717446,60.28152434825072,23.070137945577745,0.0
2026-09-01T01:05:00,717445,60.6895441716434,23.070137945577745,1.8
2026-09-01T01:05:00,717458,67.14397569188397,23.070137945577745,0.0
2026-09-01T01:05:00,717459,53.39820441408819,23.070137945577745,0.0
2026-09-01T01:05:00,717460,56.38420439449513,23.070137945577745,1.8
2026-09-01T01:05:00,717461,59.86685178276553,23.070137945577745,0.0
2026-09-01T01:05:00,717462,53.25408886408353,23.070137945577745,0.0
2026-09-01T01:05:00,717463,56.23879323866747,23.070137945577745,1.8
2026-09-01T01:10:00,717447,65.13671550640785,23.150195601342112,0.0
2026-09-01T01:10:00,717512,61.845198943878955,23.150195601342112,0.0
2026-09-01T01:10:00,717446,56.524572226723585,23.150195601342112,0.0
2026-09-01T01:10:00,717445,61.959362931004684,23.150195601342112,0.0
2026-09-01T01:10:00,717458,57.82243777139831,23.150195601342112,1.8
2026-09-01T01:10:00,717459,58.655790662295715,23.150195601342112,0.0
2026-09-01T01:10:00,717460,59.31496182363777,23.150195601342112,0.0
2026-09-01T01:10:00,717461,59.19726556920677,23.150195601342112,0.0
2026-09-01T01:10:00,717462,53.97516405321354,23.150195601342112,0.0
2026-09-01T01:10:00,717463,52.24001228897528,23.150195601342112,0.0
2026-09-01T01:15:00,717447,61.21734811536347,23.229754058321525,0.0
2026-09-01T01:15:00,717512,66.55358581953293,23.229754058321525,0.0
2026-09-01T01:15:00,717446,68.9664685694065,23.229754058321525,0.0
2026-09-01T01:15:00,717445,64.49739576002206,23.229754058321525,0.0
2026-09-01T01:15:00,717458,64.00073342592847,23.229754058321525,1.8
2026-09-01T01:15:00,717459,56.876991581512264,23.229754058321525,1.8
2026-09-01T01:15:00,717460,59.131458262807286,23.229754058321525,0.0
2026-09-01T01:15:00,717461,58.92390213865662,23.229754058321525,1.8
2026-09-01T01:15:00,717462,45.67619795816139,23.229754058321525,0.0
2026-09-01T01:15:00,717463,51.12683705436574,23.229754058321525,0.0
2026-09-01T01:20:00,717447,69.89723387681755,23.308778787184607,0.0
2026-09-01T01:20:00,717512,59.50957583114074,23.308778787184607,1.8
2026-09-01T01:20:00,717446,66.92381983222099,23.308778787184607,0.0
2026-09-01T01:20:00,717445,57.09241351148432,23.308778787184607,0.0
2026-09-01T01:20:00,717458,57.25547401187879,23.308778787184607,1.8
2026-09-01T01:20:00,717459,60.38631038781246,23.308778787184607,0.0
2026-09-01T01:20:00,717460,58.0094062199927,23.308778787184607,0.0
2026-09-01T01:20:00,717461,55.444059174437356,23.308778787184607,0.0
2026-09-01T01:20:00,717462,60.15805041345869,23.308778787184607,0.0
2026-09-01T01:20:00,717463,50.48655346854209,23.308778787184607,0.0
2026-09-01T01:25:00,717447,64.54464465864916,23.38723549024445,0.0
2026-09-01T01:25:00,717512,65.56495156320963,23.38723549024445,0.0
2026-09-01T01:25:00,717446,63.442975546961016,23.38723549024445,1.8
2026-09-01T01:25:00,717445,59.53190138429413,23.38723549024445,0.0
2026-09-01T01:25:00,717458,58.43190567292328,23.38723549024445,1.8
2026-09-01T01:25:00,717459,61.54880623481898,23.38723549024445,0.0
2026-09-01T01:25:00,717460,60.49879957005565,23.38723549024445,0.0
2026-09-01T01:25:00,717461,57.521898506385746,23.38723549024445,0.0
2026-09-01T01:25:00,717462,52.913014910989695,23.38723549024445,0.0
2026-09-01T01:25:00,717463,52.519456823165,23.38723549024445,0.0
2026-09-01T01:30:00,717447,64.93729512816732,23.46509011634419,0.0
2026-09-01T01:30:00,717512,64.15198205998611,23.46509011634419,0.0
2026-09-01T01:30:00,717446,64.24129205356988,23.46509011634419,0.0
2026-09-01T01:30:00,717445,60.79342195275809,23.46509011634419,0.0
2026-09-01T01:30:00,717458,62.67624895702386,23.46509011634419,1.8
2026-09-01T01:30:00,717459,61.44052881806168,23.46509011634419,0.0
2026-09-01T01:30:00,717460,61.71643633152276,23.46509011634419,0.0
2026-09-01T01:30:00,717461,56.663011434958044,23.46509011634419,0.0
2026-09-01T01:30:00,717462,56.3724989675251,23.46509011634419,0.0
2026-09-01T01:30:00,717463,53.80957074695672,23.46509011634419,0.0
2026-09-01T01:35:00,717447,62.54533780727246,23.542308875635644,0.0
2026-09-01T01:35:00,717512,70.07716168402925,23.542308875635644,0.0
2026-09-01T01:35:00,717446,66.07433247747308,23.542308875635644,0.0
2026-09-01T01:35:00,717445,63.77498793886168,23.542308875635644,0.0
2026-09-01T01:35:00,717458,60.16325953843214,23.542308875635644,1.8
2026-09-01T01:35:00,717459,56.30823674251538,23.542308875635644,0.0
2026-09-01T01:35:00,717460,60.72535905722613,23.542308875635644,0.0
2026-09-01T01:35:00,717461,56.15882771246647,23.542308875635644,1.8
2026-09-01T01:35:00,717462,56.638794219799756,23.542308875635644,0.0
2026-09-01T01:35:00,717463,52.50882619856095,23.542308875635644,1.8
2026-09-01T01:40:00,717447,65.73489948713791,23.6188582542445,1.8
2026-09-01T01:40:00,717512,62.279170247698346,23.6188582542445,0.0
2026-09-01T01:40:00,717446,61.18688485695677,23.6188582542445,1.8
2026-09-01T01:40:00,717445,62.09614958588464,23.6188582542445,0.0
2026-09-01T01:40:00,717458,55.85574674931977,23.6188582542445,0.0
2026-09-01T01:40:00,717459,54.777608450682074,23.6188582542445,0.0
2026-09-01T01:40:00,717460,55.64466711005443,23.6188582542445,0.0
2026-09-01T01:40:00,717461,55.9596583186762,23.6188582542445,0.0
2026-09-01T01:40:00,717462,57.9729786434178,23.6188582542445,1.8
2026-09-01T01:40:00,717463,53.72018418392146,23.6188582542445,0.0
2026-09-01T01:45:00,717447,64.9444602363023,23.69470502881575,1.8
2026-09-01T01:45:00,717512,62.93402372751905,23.69470502881575,1.8
2026-09-01T01:45:00,717446,63.56815532529374,23.69470502881575,0.0
2026-09-01T01:45:00,717445,58.9183068136225,23.69470502881575,0.0
2026-09-01T01:45:00,717458,59.8737191989089,23.69470502881575,0.0
2026-09-01T01:45:00,717459,60.2051348105763,23.69470502881575,0.0
2026-09-01T01:45:00,717460,58.472277089710715,23.69470502881575,1.8
2026-09-01T01:45:00,717461,56.63777684662485,23.69470502881575,0.0
2026-09-01T01:45:00,717462,55.4735301670563,23.69470502881575,0.0
2026-09-01T01:45:00,717463,55.69399451801583,23.69470502881575,0.0
2026-09-01T01:50:00,717447,71.45954681620134,23.769816280933036,0.0
2026-09-01T01:50:00,717512,61.49795675500251,23.769816280933036,0.0
2026-09-01T01:50:00,717446,69.16940824331968,23.769816280933036,0.0
2026-09-01T01:50:00,717445,58.97510458760121,23.769816280933036,0.0
2026-09-01T01:50:00,717458,53.82831227073725,23.769816280933036,0.0
2026-09-01T01:50:00,717459,57.422734378624384,23.769816280933036,1.8
2026-09-01T01:50:00,717460,58.82526737099815,23.769816280933036,0.0
2026-09-01T01:50:00,717461,62.22851196131433,23.769816280933036,0.0
2026-09-01T01:50:00,717462,52.70475542962159,23.769816280933036,0.0
2026-09-01T01:50:00,717463,55.675756958186184,23.769816280933036,0.0
2026-09-01T01:55:00,717447,61.039299513674386,23.84415941140561,0.0
2026-09-01T01:55:00,717512,69.29437543229938,23.84415941140561,0.0
2026-09-01T01:55:00,717446,66.13831949690017,23.84415941140561,0.0
2026-09-01T01:55:00,717445,59.9924721784222,23.84415941140561,0.0
2026-09-01T01:55:00,717458,55.060595547463684,23.84415941140561,0.0
2026-09-01T01:55:00,717459,63.06161625723256,23.84415941140561,0.0
2026-09-01T01:55:00,717460,57.45637959897846,23.84415941140561,0.0
2026-09-01T01:55:00,717461,60.3134480706567,23.84415941140561,0.0
2026-09-01T01:55:00,717462,55.41573023389086,23.84415941140561,0.0
2026-09-01T01:55:00,717463,54.34094091603055,23.84415941140561,0.0
2026-09-01T02:00:00,717447,63.64980224727567,23.917702154416812,0.0
2026-09-01T02:00:00,717512,65.6685484587559,23.917702154416812,1.8
2026-09-01T02:00:00,717446,62.9608855568491,23.917702154416812,0.0
2026-09-01T02:00:00,717445,62.94331516388966,23.917702154416812,0.0
2026-09-01T02:00:00,717458,55.59765614950654,23.917702154416812,1.8
2026-09-01T02:00:00,717459,62.833029127408935,23.917702154416812,0.0
2026-09-01T02:00:00,717460,62.45345458828098,23.917702154416812,0.0
2026-09-01T02:00:00,717461,56.94702256459198,23.917702154416812,0.0
2026-09-01T02:00:00,717462,61.58224243635936,23.917702154416812,0.0
2026-09-01T02:00:00,717463,59.46602118904302,23.917702154416812,0.0
2026-09-01T02:05:00,717447,66.93612579032106,23.990412591527804,0.0
2026-09-01T02:05:00,717512,67.90589261416265,23.990412591527804,0.0
2026-09-01T02:05:00,717446,65.77527140211437,23.990412591527804,0.0
2026-09-01T02:05:00,717445,56.123779482296264,23.990412591527804,0.0
2026-09-01T02:05:00,717458,59.39177743823194,23.990412591527804,0.0
2026-09-01T02:05:00,717459,61.152624708953496,23.990412591527804,0.0
2026-09-01T02:05:00,717460,62.685844578279486,23.990412591527804,0.0
2026-09-01T02:05:00,717461,52.45969356692094,23.990412591527804,0.0
2026-09-01T02:05:00,717462,50.28985062350014,23.990412591527804,0.0
2026-09-01T02:05:00,717463,54.03335484487576,23.990412591527804,0.0
2026-09-01T02:10:00,717447,58.79767055131885,24.06225916553056,0.0
2026-09-01T02:10:00,717512,63.532636732900116,24.06225916553056,0.0
2026-09-01T02:10:00,717446,63.699791589729024,24.06225916553056,0.0
2026-09-01T02:10:00,717445,58.580357492456415,24.06225916553056,0.0
2026-09-01T02:10:00,717458,60.01195955961897,24.06225916553056,0.0
2026-09-01T02:10:00,717459,61.8654238129422,24.06225916553056,0.0
2026-09-01T02:10:00,717460,56.20922399632116,24.06225916553056,0.0
2026-09-01T02:10:00,717461,54.22137835465145,24.06225916553056,1.8
2026-09-01T02:10:00,717462,55.0789057715748,24.06225916553056,0.0
2026-09-01T02:10:00,717463,51.09426988418036,24.06225916553056,0.0
2026-09-01T02:15:00,717447,70.89417060942107,24.13321069414408,1.8
2026-09-01T02:15:00,717512,63.90578586658708,24.13321069414408,0.0
2026-09-01T02:15:00,717446,60.500818686694146,24.13321069414408,0.0
2026-09-01T02:15:00,717445,62.04193494287457,24.13321069414408,0.0
2026-09-01T02:15:00,717458,59.86301106159941,24.13321069414408,0.0
2026-09-01T02:15:00,717459,58.337086412072225,24.13321069414408,0.0
2026-09-01T02:15:00,717460,56.208491767840314,24.13321069414408,0.0
2026-09-01T02:15:00,717461,54.87254048873786,24.13321069414408,0.0
2026-09-01T02:15:00,717462,50.854422024076236,24.13321069414408,0.0
2026-09-01T02:15:00,717463,58.300618013005476,24.13321069414408,0.0
2026-09-01T02:20:00,717447,66.72966364440315,24.20323638354788,0.0
2026-09-01T02:20:00,717512,64.73374321886645,24.20323638354788,0.0
2026-09-01T02:20:00,717446,62.21623998079355,24.20323638354788,0.0
2026-09-01T02:20:00,717445,58.533371433434574,24.20323638354788,0.0
2026-09-01T02:20:00,717458,57.93094051938294,24.20323638354788,1.8
2026-09-01T02:20:00,717459,54.73323162644283,24.20323638354788,0.0
2026-09-01T02:20:00,717460,55.86027410250827,24.20323638354788,1.8
2026-09-01T02:20:00,717461,53.355348744392664,24.20323638354788,0.0
2026-09-01T02:20:00,717462,60.46141766045354,24.20323638354788,0.0
2026-09-01T02:20:00,717463,56.8449120260842,24.20323638354788,0.0
2026-09-01T02:25:00,717447,65.23209402458247,24.272305841746867,0.0
2026-09-01T02:25:00,717512,61.21613649765482,24.272305841746867,0.0
2026-09-01T02:25:00,717446,59.48825063866025,24.272305841746867,0.0
2026-09-01T02:25:00,717445,60.828973067388795,24.272305841746867,0.0
2026-09-01T02:25:00,717458,62.97852174423454,24.272305841746867,0.0
2026-09-01T02:25:00,717459,64.72823902305001,24.272305841746867,0.0
2026-09-01T02:25:00,717460,53.60428638018219,24.272305841746867,1.8
2026-09-01T02:25:00,717461,58.28889681171133,24.272305841746867,0.0
2026-09-01T02:25:00,717462,53.448061394274134,24.272305841746867,0.0
2026-09-01T02:25:00,717463,52.73861295034553,24.272305841746867,0.0
2026-09-01T02:30:00,717447,65.14554858016618,24.34038909176185,0.0
2026-09-01T02:30:00,717512,61.30713334709858,24.34038909176185,0.0
2026-09-01T02:30:00,717446,61.88313955573246,24.34038909176185,0.0
2026-09-01T02:30:00,717445,58.6772927102069,24.34038909176185,0.0
2026-09-01T02:30:00,717458,58.4696697046267,24.34038909176185,0.0
2026-09-01T02:30:00,717459,61.266157373808966,24.34038909176185,0.0
2026-09-01T02:30:00,717460,58.09798061261937,24.34038909176185,0.0
2026-09-01T02:30:00,717461,58.85414506644707,24.34038909176185,0.0
2026-09-01T02:30:00,717462,53.41211241949416,24.34038909176185,0.0
2026-09-01T02:30:00,717463,55.911779702111176,24.34038909176185,0.0
2026-09-01T02:35:00,717447,60.11734843160344,24.407456584639895,1.8
2026-09-01T02:35:00,717512,63.944230585237065,24.407456584639895,0.0
2026-09-01T02:35:00,717446,64.51575312158504,24.407456584639895,0.0
2026-09-01T02:35:00,717445,56.41541555844604,24.407456584639895,0.0
2026-09-01T02:35:00,717458,58.24446742184645,24.407456584639895,0.0
2026-09-01T02:35:00,717459,59.14217175920217,24.407456584639895,1.8
2026-09-01T02:35:00,717460,60.81885417289624,24.407456584639895,0.0
2026-09-01T02:35:00,717461,54.86930013668348,24.407456584639895,0.0
2026-09-01T02:35:00,717462,56.98938827899877,24.407456584639895,0.0
2026-09-01T02:35:00,717463,58.524681607226626,24.407456584639895,0.0
2026-09-01T02:40:00,717447,66.73118049798991,24.47347921227895,0.0
2026-09-01T02:40:00,717512,63.19082795831932,24.47347921227895,0.0
2026-09-01T02:40:00,717446,63.713401736562226,24.47347921227895,0.0
2026-09-01T02:40:00,717445,59.588008556300835,24.47347921227895,0.0
2026-09-01T02:40:00,717458,60.459733478866994,24.47347921227895,0.0
2026-09-01T02:40:00,717459,58.53293241027205,24.47347921227895,0.0
2026-09-01T02:40:00,717460,58.812772102673904,24.47347921227895,0.0
2026-09-01T02:40:00,717461,55.364333218080894,24.47347921227895,0.0
2026-09-01T02:40:00,717462,56.58332054358319,24.47347921227895,0.0
2026-09-01T02:40:00,717463,52.93701067398751,24.47347921227895,0.0
2026-09-01T02:45:00,717447,67.61332131668661,24.538428320061076,0.0
2026-09-01T02:45:00,717512,62.821876609887994,24.538428320061076,0.0
2026-09-01T02:45:00,717446,56.48557360085797,24.538428320061076,0.0
2026-09-01T02:45:00,717445,58.37568827363931,24.538428320061076,0.0
2026-09-01T02:45:00,717458,60.25520234396018,24.538428320061076,0.0
2026-09-01T02:45:00,717459,64.02925914321737,24.538428320061076,0.0
2026-09-01T02:45:00,717460,60.28816394994199,24.538428320061076,0.0
2026-09-01T02:45:00,717461,49.96654127936787,24.538428320061076,0.0
2026-09-01T02:45:00,717462,50.964188469052,24.538428320061076,1.8
2026-09-01T02:45:00,717463,57.63120933601232,24.538428320061076,0.0
2026-09-01T02:50:00,717447,66.89826835613836,24.602275719288944,0.0
2026-09-01T02:50:00,717512,70.61200133123269,24.602275719288944,0.0
2026-09-01T02:50:00,717446,61.221840059198776,24.602275719288944,0.0
2026-09-01T02:50:00,717445,58.850389649425125,24.602275719288944,0.0
2026-09-01T02:50:00,717458,60.41462146947768,24.602275719288944,0.0
2026-09-01T02:50:00,717459,57.566950417524154,24.602275719288944,0.0
2026-09-01T02:50:00,717460,60.912542590593205,24.602275719288944,1.8
2026-09-01T02:50:00,717461,55.069873561255264,24.602275719288944,0.0
2026-09-01T02:50:00,717462,54.590297951939384,24.602275719288944,0.0
2026-09-01T02:50:00,717463,51.263631610472586,24.602275719288944,1.8
2026-09-01T02:55:00,717447,67.2708534632266,24.664993699420027,0.0
2026-09-01T02:55:00,717512,61.03339164075766,24.664993699420027,0.0
2026-09-01T02:55:00,717446,63.84019232296165,24.664993699420027,0.0
2026-09-01T02:55:00,717445,67.03027505096475,24.664993699420027,0.0
2026-09-01T02:55:00,717458,54.86372686657771,24.664993699420027,0.0
2026-09-01T02:55:00,717459,63.48802054775808,24.664993699420027,0.0
2026-09-01T02:55:00,717460,58.63979349224999,24.664993699420027,0.0
2026-09-01T02:55:00,717461,53.223420471395414,24.664993699420027,0.0
2026-09-01T02:55:00,717462,55.72807199710521,24.664993699420027,0.0
2026-09-01T02:55:00,717463,56.37718748498662,24.664993699420027,0.0
2026-09-01T03:00:00,717447,62.62841401790175,24.726555040093338,0.0
2026-09-01T03:00:00,717512,65.21424245564566,24.726555040093338,0.0
2026-09-01T03:00:00,717446,67.37939726415587,24.726555040093338,0.0
2026-09-01T03:00:00,717445,59.86619035494412,24.726555040093338,0.0
2026-09-01T03:00:00,717458,57.23102292346194,24.726555040093338,0.0
2026-09-01T03:00:00,717459,58.62247662393874,24.726555040093338,0.0
2026-09-01T03:00:00,717460,57.967012121103764,24.726555040093338,0.0
2026-09-01T03:00:00,717461,59.88241193965053,24.726555040093338,0.0
2026-09-01T03:00:00,717462,54.9258136885007,24.726555040093338,0.0
2026-09-01T03:00:00,717463,52.91919417439542,24.726555040093338,1.8
2026-09-01T03:05:00,717447,61.96345288406949,24.786933022943384,0.0
2026-09-01T03:05:00,717512,58.83519599425268,24.786933022943384,0.0
2026-09-01T03:05:00,717446,58.72988331062683,24.786933022943384,0.0
2026-09-01T03:05:00,717445,57.51452969365914,24.786933022943384,0.0
2026-09-01T03:05:00,717458,59.42099195575918,24.786933022943384,1.8
2026-09-01T03:05:00,717459,54.49033715049568,24.786933022943384,0.0
2026-09-01T03:05:00,717460,49.70910608102528,24.786933022943384,0.0
2026-09-01T03:05:00,717461,56.43688141029656,24.786933022943384,0.0
2026-09-01T03:05:00,717462,60.94663429468603,24.786933022943384,1.8
2026-09-01T03:05:00,717463,57.57946109849327,24.786933022943384,0.0
2026-09-01T03:10:00,717447,64.19299910188016,24.84610144319626,1.8
2026-09-01T03:10:00,717512,60.48008744731964,24.84610144319626,0.0
2026-09-01T03:10:00,717446,70.31974458329424,24.84610144319626,1.8
2026-09-01T03:10:00,717445,61.57732047558812,24.84610144319626,0.0
2026-09-01T03:10:00,717458,60.793919455848226,24.84610144319626,0.0
2026-09-01T03:10:00,717459,58.56658393777283,24.84610144319626,0.0
2026-09-01T03:10:00,717460,57.701405362896665,24.84610144319626,0.0
2026-09-01T03:10:00,717461,54.96939086014336,24.84610144319626,1.8
2026-09-01T03:10:00,717462,54.634733521282094,24.84610144319626,0.0
2026-09-01T03:10:00,717463,58.71164413929273,24.84610144319626,0.0
2026-09-01T03:15:00,717447,68.73777911446378,24.90403462104285,0.0
2026-09-01T03:15:00,717512,57.579352839746434,24.90403462104285,0.0
2026-09-01T03:15:00,717446,58.37698845281742,24.90403462104285,0.0
2026-09-01T03:15:00,717445,59.066073474198255,24.90403462104285,0.0
2026-09-01T03:15:00,717458,63.00655871641327,24.90403462104285,1.8
2026-09-01T03:15:00,717459,62.814188821953366,24.90403462104285,0.0
2026-09-01T03:15:00,717460,59.96453972910059,24.90403462104285,1.8
2026-09-01T03:15:00,717461,53.212368223319196,24.90403462104285,1.8
2026-09-01T03:15:00,717462,53.82596273813156,24.90403462104285,0.0
2026-09-01T03:15:00,717463,55.66764722065464,24.90403462104285,0.0
2026-09-01T03:20:00,717447,64.2783495478446,24.96070741278415,0.0
2026-09-01T03:20:00,717512,62.67486331967021,24.96070741278415,0.0
2026-09-01T03:20:00,717446,61.51642724486177,24.96070741278415,0.0
2026-09-01T03:20:00,717445,64.87731515241175,24.96070741278415,0.0
2026-09-01T03:20:00,717458,61.97862951622416,24.96070741278415,1.8
2026-09-01T03:20:00,717459,58.07068642437703,24.96070741278415,1.8
2026-09-01T03:20:00,717460,58.77772480904535,24.96070741278415,0.0
2026-09-01T03:20:00,717461,52.845985013163094,24.96070741278415,0.0
2026-09-01T03:20:00,717462,53.83115668076188,24.96070741278415,0.0
2026-09-01T03:20:00,717463,57.34635341982967,24.96070741278415,0.0
2026-09-01T03:25:00,717447,60.32916360257969,25.016095221743953,0.0
2026-09-01T03:25:00,717512,65.61708097718832,25.016095221743953,0.0
2026-09-01T03:25:00,717446,56.35326289950024,25.016095221743953,0.0
2026-09-01T03:25:00,717445,66.48842022802152,25.016095221743953,0.0
2026-09-01T03:25:00,717458,58.564293862724554,25.016095221743953,0.0
2026-09-01T03:25:00,717459,60.196459466207614,25.016095221743953,0.0
2026-09-01T03:25:00,717460,58.14173406913751,25.016095221743953,0.0
2026-09-01T03:25:00,717461,57.04995640753703,25.016095221743953,1.8
2026-09-01T03:25:00,717462,56.322456429827575,25.016095221743953,0.0
2026-09-01T03:25:00,717463,49.068545945181526,25.016095221743953,0.0
2026-09-01T03:30:00,717447,65.51126836643827,25.070174008944107,0.0
2026-09-01T03:30:00,717512,63.24672204299641,25.070174008944107,0.0
2026-09-01T03:30:00,717446,60.97939301112636,25.070174008944107,1.8
2026-09-01T03:30:00,717445,59.06375787584751,25.070174008944107,0.0
2026-09-01T03:30:00,717458,60.78620781734749,25.070174008944107,0.0
2026-09-01T03:30:00,717459,56.06355371920935,25.070174008944107,0.0
2026-09-01T03:30:00,717460,60.886138964031375,25.070174008944107,0.0
2026-09-01T03:30:00,717461,58.01646449929357,25.070174008944107,1.8
2026-09-01T03:30:00,717462,56.16676125499607,25.070174008944107,0.0
2026-09-01T03:30:00,717463,57.146745003890985,25.070174008944107,0.0
2026-09-01T03:35:00,717447,59.4755291462663,25.122920303537718,0.0
2026-09-01T03:35:00,717512,59.95942094005412,25.122920303537718,1.8
2026-09-01T03:35:00,717446,64.1511289016686,25.122920303537718,1.8
2026-09-01T03:35:00,717445,59.22092040080083,25.122920303537718,0.0
2026-09-01T03:35:00,717458,58.36359843128539,25.122920303537718,0.0
2026-09-01T03:35:00,717459,54.77816854971656,25.122920303537718,0.0
2026-09-01T03:35:00,717460,54.87053208132923,25.122920303537718,0.0
2026-09-01T03:35:00,717461,59.75907723008475,25.122920303537718,0.0
2026-09-01T03:35:00,717462,56.8781055429039,25.122920303537718,0.0
2026-09-01T03:35:00,717463,54.752660211345855,25.122920303537718,0.0
2026-09-01T03:40:00,717447,63.27052861156954,25.174311212995768,0.0
2026-09-01T03:40:00,717512,64.16347153421894,25.174311212995768,0.0
2026-09-01T03:40:00,717446,66.04526206913988,25.174311212995768,1.8
2026-09-01T03:40:00,717445,59.2879128149052,25.174311212995768,1.8
2026-09-01T03:40:00,717458,60.09247661879198,25.174311212995768,0.0
2026-09-01T03:40:00,717459,64.30984399718939,25.174311212995768,0.0
2026-09-01T03:40:00,717460,59.92069789664929,25.174311212995768,0.0
2026-09-01T03:40:00,717461,54.91004176260006,25.174311212995768,0.0
2026-09-01T03:40:00,717462,57.26287197693444,25.174311212995768,0.0
2026-09-01T03:40:00,717463,49.48676793061149,25.174311212995768,1.8
2026-09-01T03:45:00,717447,64.77317910064873,25.22432443304277,0.0
2026-09-01T03:45:00,717512,65.6584956806009,25.22432443304277,0.0
2026-09-01T03:45:00,717446,63.73707294096676,25.22432443304277,0.0
2026-09-01T03:45:00,717445,63.228236623800335,25.22432443304277,0.0
2026-09-01T03:45:00,717458,62.69824585159559,25.22432443304277,0.0
2026-09-01T03:45:00,717459,60.374019625634176,25.22432443304277,0.0
2026-09-01T03:45:00,717460,59.08533404534663,25.22432443304277,0.0
2026-09-01T03:45:00,717461,57.2195424494382,25.22432443304277,0.0
2026-09-01T03:45:00,717462,52.15330976672408,25.22432443304277,0.0
2026-09-01T03:45:00,717463,57.35593794794758,25.22432443304277,0.0
2026-09-01T03:50:00,717447,64.87651574417819,25.272938257337085,0.0
2026-09-01T03:50:00,717512,65.83968329786602,25.272938257337085,0.0
2026-09-01T03:50:00,717446,65.41003262367614,25.272938257337085,1.8
2026-09-01T03:50:00,717445,59.84704702109603,25.272938257337085,0.0
2026-09-01T03:50:00,717458,58.89169252345121,25.272938257337085,1.8
2026-09-01T03:50:00,717459,58.06766483534224,25.272938257337085,0.0
2026-09-01T03:50:00,717460,61.562449582468716,25.272938257337085,1.8
2026-09-01T03:50:00,717461,53.911359299089646,25.272938257337085,0.0
2026-09-01T03:50:00,717462,59.73611485880935,25.272938257337085,0.0
2026-09-01T03:50:00,717463,54.784845535282884,25.272938257337085,0.0
2026-09-01T03:55:00,717447,65.79459167349346,25.320131586891726,0.0
2026-09-01T03:55:00,717512,66.46233326275599,25.320131586891726,1.8
2026-09-01T03:55:00,717446,62.84029284371196,25.320131586891726,0.0
2026-09-01T03:55:00,717445,64.58988200108175,25.320131586891726,0.0
2026-09-01T03:55:00,717458,58.64157552558457,25.320131586891726,0.0
2026-09-01T03:55:00,717459,63.22148319644242,25.320131586891726,0.0
2026-09-01T03:55:00,717460,56.45693331168337,25.320131586891726,0.0
2026-09-01T03:55:00,717461,60.95359430723878,25.320131586891726,0.0
2026-09-01T03:55:00,717462,54.132880424598106,25.320131586891726,0.0
2026-09-01T03:55:00,717463,53.34808704930417,25.320131586891726,0.0
2026-09-01T04:00:00,717447,61.97869917995499,25.365883939231587,1.8
2026-09-01T04:00:00,717512,61.487728784898806,25.365883939231587,1.8
2026-09-01T04:00:00,717446,62.487066818050856,25.365883939231587,0.0
2026-09-01T04:00:00,717445,62.09376567782075,25.365883939231587,0.0
2026-09-01T04:00:00,717458,63.144088675640944,25.365883939231587,0.0
2026-09-01T04:00:00,717459,58.34915494753466,25.365883939231587,0.0
2026-09-01T04:00:00,717460,54.4229554155243,25.365883939231587,0.0
2026-09-01T04:00:00,717461,57.73835071876335,25.365883939231587,0.0
2026-09-01T04:00:00,717462,55.89047810485035,25.365883939231587,0.0
2026-09-01T04:00:00,717463,55.66847527223564,25.365883939231587,0.0
2026-09-01T04:05:00,717447,63.07482854388326,25.410175457283078,0.0
2026-09-01T04:05:00,717512,62.19505763163175,25.410175457283078,0.0
2026-09-01T04:05:00,717446,60.67588711471765,25.410175457283078,1.8
2026-09-01T04:05:00,717445,64.95509808995986,25.410175457283078,0.0
2026-09-01T04:05:00,717458,64.44956124060677,25.410175457283078,0.0
2026-09-01T04:05:00,717459,57.27580961538877,25.410175457283078,0.0
2026-09-01T04:05:00,717460,56.131379363794295,25.410175457283078,0.0
2026-09-01T04:05:00,717461,58.48684394990374,25.410175457283078,0.0
2026-09-01T04:05:00,717462,60.030564100627394,25.410175457283078,1.8
2026-09-01T04:05:00,717463,59.575681515923776,25.410175457283078,0.0
2026-09-01T04:10:00,717447,63.145634968204114,25.452986917992344,0.0
2026-09-01T04:10:00,717512,62.62089635984932,25.452986917992344,0.0
2026-09-01T04:10:00,717446,63.44159721183198,25.452986917992344,0.0
2026-09-01T04:10:00,717445,62.387371409618346,25.452986917992344,0.0
2026-09-01T04:10:00,717458,59.65315935717513,25.452986917992344,0.0
2026-09-01T04:10:00,717459,56.58910930604191,25.452986917992344,0.0
2026-09-01T04:10:00,717460,57.68462012103588,25.452986917992344,1.8
2026-09-01T04:10:00,717461,61.96767463021063,25.452986917992344,0.0
2026-09-01T04:10:00,717462,53.83116714254876,25.452986917992344,0.0
2026-09-01T04:10:00,717463,54.85536489457397,25.452986917992344,0.0
2026-09-01T04:15:00,717447,72.55949881585249,25.494299740668286,0.0
2026-09-01T04:15:00,717512,62.186095219470666,25.494299740668286,0.0
2026-09-01T04:15:00,717446,64.62437600711056,25.494299740668286,0.0
2026-09-01T04:15:00,717445,66.91882351543974,25.494299740668286,0.0
2026-09-01T04:15:00,717458,61.95066603030857,25.494299740668286,0.0
2026-09-01T04:15:00,717459,62.304812279980354,25.494299740668286,0.0
2026-09-01T04:15:00,717460,60.24014808182372,25.494299740668286,0.0
2026-09-01T04:15:00,717461,58.10052363155352,25.494299740668286,0.0
2026-09-01T04:15:00,717462,59.525178511344215,25.494299740668286,0.0
2026-09-01T04:15:00,717463,56.12483120100056,25.494299740668286,0.0
2026-09-01T04:20:00,717447,64.47044946907171,25.534095995046815,0.0
2026-09-01T04:20:00,717512,64.21194476932224,25.534095995046815,0.0
2026-09-01T04:20:00,717446,63.67782363664097,25.534095995046815,0.0
2026-09-01T04:20:00,717445,60.19178727304019,25.534095995046815,0.0
2026-09-01T04:20:00,717458,60.74510091408199,25.534095995046815,0.0
2026-09-01T04:20:00,717459,59.11111335449071,25.534095995046815,0.0
2026-09-01T04:20:00,717460,59.7082562534455,25.534095995046815,0.0
2026-09-01T04:20:00,717461,63.06156787993866,25.534095995046815,1.8
2026-09-01T04:20:00,717462,56.11995476115454,25.534095995046815,0.0
2026-09-01T04:20:00,717463,58.9041635493127,25.534095995046815,0.0
2026-09-01T04:25:00,717447,66.78656824847648,25.57235840907281,1.8
2026-09-01T04:25:00,717512,64.32270608879594,25.57235840907281,0.0
2026-09-01T04:25:00,717446,61.22357787567528,25.57235840907281,0.0
2026-09-01T04:25:00,717445,61.94514869802179,25.57235840907281,0.0
2026-09-01T04:25:00,717458,60.5617877417675,25.57235840907281,0.0
2026-09-01T04:25:00,717459,56.862516274509346,25.57235840907281,0.0
2026-09-01T04:25:00,717460,56.086113177512104,25.57235840907281,0.0
2026-09-01T04:25:00,717461,57.694514344520435,25.57235840907281,1.8
2026-09-01T04:25:00,717462,60.05945080702988,25.57235840907281,0.0
2026-09-01T04:25:00,717463,53.96562793610791,25.57235840907281,0.0
2026-09-01T04:30:00,717447,60.60735774851093,25.60907037639638,0.0
2026-09-01T04:30:00,717512,57.15498157989941,25.60907037639638,0.0
2026-09-01T04:30:00,717446,59.48770099836752,25.60907037639638,1.8
2026-09-01T04:30:00,717445,63.476468791657716,25.60907037639638,0.0
2026-09-01T04:30:00,717458,56.31048625374698,25.60907037639638,0.0
2026-09-01T04:30:00,717459,61.568771434600094,25.60907037639638,0.0
2026-09-01T04:30:00,717460,59.70200298363564,25.60907037639638,0.0
2026-09-01T04:30:00,717461,56.25387185842151,25.60907037639638,0.0
2026-09-01T04:30:00,717462,50.77482393698545,25.60907037639638,0.0
2026-09-01T04:30:00,717463,52.075675240115935,25.60907037639638,0.0
2026-09-01T04:35:00,717447,64.21301471078857,25.644215963580248,0.0
2026-09-01T04:35:00,717512,64.79288907390045,25.644215963580248,1.8
2026-09-01T04:35:00,717446,58.78210461178623,25.644215963580248,0.0
2026-09-01T04:35:00,717445,65.66801669657735,25.644215963580248,0.0
2026-09-01T04:35:00,717458,61.16489892349068,25.644215963580248,0.0
2026-09-01T04:35:00,717459,60.30698254181891,25.644215963580248,0.0
2026-09-01T04:35:00,717460,59.66489116396019,25.644215963580248,1.8
2026-09-01T04:35:00,717461,60.524180474754864,25.644215963580248,1.8
2026-09-01T04:35:00,717462,55.92628639346197,25.644215963580248,0.0
2026-09-01T04:35:00,717463,56.26373415712311,25.644215963580248,0.0
2026-09-01T04:40:00,717447,62.888893761489285,25.67777991701502,0.0
2026-09-01T04:40:00,717512,69.12089196639954,25.67777991701502,0.0
2026-09-01T04:40:00,717446,62.902383912399465,25.67777991701502,0.0
2026-09-01T04:40:00,717445,59.27491569524245,25.67777991701502,0.0
2026-09-01T04:40:00,717458,58.77952036802276,25.67777991701502,1.8
2026-09-01T04:40:00,717459,53.2494484748305,25.67777991701502,1.8
2026-09-01T04:40:00,717460,56.36115170991987,25.67777991701502,0.0
2026-09-01T04:40:00,717461,49.24643268778023,25.67777991701502,0.0
2026-09-01T04:40:00,717462,57.675471143619596,25.67777991701502,0.0
2026-09-01T04:40:00,717463,55.394443353022,25.67777991701502,1.8
2026-09-01T04:45:00,717447,61.99357959888389,25.70974766953947,0.0
2026-09-01T04:45:00,717512,63.55137395984559,25.70974766953947,0.0
2026-09-01T04:45:00,717446,62.48370041099982,25.70974766953947,0.0
2026-09-01T04:45:00,717445,57.8194139606939,25.70974766953947,0.0
2026-09-01T04:45:00,717458,59.431615506782535,25.70974766953947,0.0
2026-09-01T04:45:00,717459,58.97516554525512,25.70974766953947,0.0
2026-09-01T04:45:00,717460,56.952975880709744,25.70974766953947,1.8
2026-09-01T04:45:00,717461,54.448555284278136,25.70974766953947,1.8
2026-09-01T04:45:00,717462,52.28964799858678,25.70974766953947,0.0
2026-09-01T04:45:00,717463,53.25120714961366,25.70974766953947,0.0
2026-09-01T04:50:00,717447,63.15138439774008,25.740105346762842,0.0
2026-09-01T04:50:00,717512,65.38266971115695,25.740105346762842,1.8
2026-09-01T04:50:00,717446,66.66298767684647,25.740105346762842,1.8
2026-09-01T04:50:00,717445,64.03882241582679,25.740105346762842,0.0
2026-09-01T04:50:00,717458,60.243812476849,25.740105346762842,0.0
2026-09-01T04:50:00,717459,56.92411103397175,25.740105346762842,0.0
2026-09-01T04:50:00,717460,60.35050102717166,25.740105346762842,0.0
2026-09-01T04:50:00,717461,58.370436772134376,25.740105346762842,0.0
2026-09-01T04:50:00,717462,59.21710356399145,25.740105346762842,0.0
2026-09-01T04:50:00,717463,54.65772018116567,25.740105346762842,0.0
2026-09-01T04:55:00,717447,70.0358863758876,25.76883977308651,1.8
2026-09-01T04:55:00,717512,64.22172731677979,25.76883977308651,1.8
2026-09-01T04:55:00,717446,60.473740955548514,25.76883977308651,0.0
2026-09-01T04:55:00,717445,59.77633746422889,25.76883977308651,0.0
2026-09-01T04:55:00,717458,61.596501430498364,25.76883977308651,0.0
2026-09-01T04:55:00,717459,57.10689495457612,25.76883977308651,0.0
2026-09-01T04:55:00,717460,62.81062447669399,25.76883977308651,0.0
2026-09-01T04:55:00,717461,57.73696597541396,25.76883977308651,0.0
2026-09-01T04:55:00,717462,55.34200540089646,25.76883977308651,0.0
2026-09-01T04:55:00,717463,54.388088946546645,25.76883977308651,0.0
2026-09-01T05:00:00,717447,64.01005783290543,25.795938477422347,0.0
2026-09-01T05:00:00,717512,58.576435223542695,25.795938477422347,0.0
2026-09-01T05:00:00,717446,60.932628058277345,25.795938477422347,0.0
2026-09-01T05:00:00,717445,65.90414773504557,25.795938477422347,0.0
2026-09-01T05:00:00,717458,60.65554290085538,25.795938477422347,0.0
2026-09-01T05:00:00,717459,61.923482353011934,25.795938477422347,0.0
2026-09-01T05:00:00,717460,60.818229945469355,25.795938477422347,0.0
2026-09-01T05:00:00,717461,56.266662036673345,25.795938477422347,0.0
2026-09-01T05:00:00,717462,57.139156080415724,25.795938477422347,0.0
2026-09-01T05:00:00,717463,49.25301097422272,25.795938477422347,0.0
2026-09-01T05:05:00,717447,69.15532982381973,25.821389698605323,0.0
2026-09-01T05:05:00,717512,67.6659828370844,25.821389698605323,1.8
2026-09-01T05:05:00,717446,63.80779933349026,25.821389698605323,0.0
2026-09-01T05:05:00,717445,61.90773007211376,25.821389698605323,0.0
2026-09-01T05:05:00,717458,59.849046561667706,25.821389698605323,0.0
2026-09-01T05:05:00,717459,62.24389583242014,25.821389698605323,0.0
2026-09-01T05:05:00,717460,59.84080490658708,25.821389698605323,0.0
2026-09-01T05:05:00,717461,47.78008091275182,25.821389698605323,0.0
2026-09-01T05:05:00,717462,54.03838595043265,25.821389698605323,0.0
2026-09-01T05:05:00,717463,50.56669909076361,25.821389698605323,0.0
2026-09-01T05:10:00,717447,60.7724544404694,25.845182390498014,0.0
2026-09-01T05:10:00,717512,66.93897922976768,25.845182390498014,1.8
2026-09-01T05:10:00,717446,62.11573713099457,25.845182390498014,0.0
2026-09-01T05:10:00,717445,62.487621349301484,25.845182390498014,1.8
2026-09-01T05:10:00,717458,60.086964540812886,25.845182390498014,0.0
2026-09-01T05:10:00,717459,54.80752219506641,25.845182390498014,0.0
2026-09-01T05:10:00,717460,52.786753171652876,25.845182390498014,0.0
2026-09-01T05:10:00,717461,54.97215338473439,25.845182390498014,0.0
2026-09-01T05:10:00,717462,54.010542464408545,25.845182390498014,1.8
2026-09-01T05:10:00,717463,52.80872575467684,25.845182390498014,0.0
2026-09-01T05:15:00,717447,63.607303806092226,25.86730622678472,0.0
2026-09-01T05:15:00,717512,69.60245291042689,25.86730622678472,0.0
2026-09-01T05:15:00,717446,65.26305932183989,25.86730622678472,0.0
2026-09-01T05:15:00,717445,61.688576436823915,25.86730622678472,1.8
2026-09-01T05:15:00,717458,59.55740518150219,25.86730622678472,0.0
2026-09-01T05:15:00,717459,58.46054225021484,25.86730622678472,0.0
2026-09-01T05:15:00,717460,59.5701291913911,25.86730622678472,0.0
2026-09-01T05:15:00,717461,55.93005921941863,25.86730622678472,0.0
2026-09-01T05:15:00,717462,57.72119198385182,25.86730622678472,0.0
2026-09-01T05:15:00,717463,54.81167438743836,25.86730622678472,0.0
2026-09-01T05:20:00,717447,70.73531131172365,25.88775160545325,1.8
2026-09-01T05:20:00,717512,62.85141831291594,25.88775160545325,1.8
2026-09-01T05:20:00,717446,65.394735647594,25.88775160545325,0.0
2026-09-01T05:20:00,717445,57.75046941600487,25.88775160545325,0.0
2026-09-01T05:20:00,717458,57.79888031529405,25.88775160545325,0.0
2026-09-01T05:20:00,717459,64.21228125898182,25.88775160545325,0.0
2026-09-01T05:20:00,717460,59.880390389447726,25.88775160545325,0.0
2026-09-01T05:20:00,717461,57.557232861299276,25.88775160545325,0.0
2026-09-01T05:20:00,717462,62.08043395309628,25.88775160545325,0.0
2026-09-01T05:20:00,717463,53.497330806280715,25.88775160545325,0.0
2026-09-01T05:25:00,717447,67.66404782515082,25.90650965296229,0.0
2026-09-01T05:25:00,717512,66.708560942958,25.90650965296229,0.0
2026-09-01T05:25:00,717446,66.84776462318015,25.90650965296229,1.8
2026-09-01T05:25:00,717445,57.308433847220805,25.90650965296229,0.0
2026-09-01T05:25:00,717458,59.35505498649789,25.90650965296229,0.0
2026-09-01T05:25:00,717459,59.3337572571873,25.90650965296229,0.0
2026-09-01T05:25:00,717460,61.9886038334528,25.90650965296229,0.0
2026-09-01T05:25:00,717461,57.3080729308188,25.90650965296229,0.0
2026-09-01T05:25:00,717462,58.31588149305079,25.90650965296229,0.0
2026-09-01T05:25:00,717463,49.864646580865895,25.90650965296229,0.0
2026-09-01T05:30:00,717447,63.30809060833673,25.923572228092624,0.0
2026-09-01T05:30:00,717512,67.12790155835155,25.923572228092624,1.8
2026-09-01T05:30:00,717446,61.281565645565095,25.923572228092624,0.0
2026-09-01T05:30:00,717445,60.6475182611611,25.923572228092624,0.0
2026-09-01T05:30:00,717458,64.18429630809162,25.923572228092624,0.0
2026-09-01T05:30:00,717459,55.659897073461714,25.923572228092624,0.0
2026-09-01T05:30:00,717460,55.08389587534819,25.923572228092624,0.0
2026-09-01T05:30:00,717461,51.83151173819421,25.923572228092624,1.8
2026-09-01T05:30:00,717462,59.5268265988258,25.923572228092624,0.0
2026-09-01T05:30:00,717463,56.4302323864446,25.923572228092624,0.0
2026-09-01T05:35:00,717447,66.97183613022341,25.93893192548054,0.0
2026-09-01T05:35:00,717512,61.85204551872275,25.93893192548054,0.0
2026-09-01T05:35:00,717446,57.457822268957834,25.93893192548054,0.0
2026-09-01T05:35:00,717445,55.49034342837795,25.93893192548054,0.0
2026-09-01T05:35:00,717458,63.37935812478018,25.93893192548054,0.0
2026-09-01T05:35:00,717459,59.718267029405695,25.93893192548054,0.0
2026-09-01T05:35:00,717460,59.10332543860892,25.93893192548054,0.0
2026-09-01T05:35:00,717461,56.47011394115675,25.93893192548054,0.0
2026-09-01T05:35:00,717462,52.16464590264859,25.93893192548054,0.0
2026-09-01T05:35:00,717463,52.3845144386483,25.93893192548054,0.0
2026-09-01T05:40:00,717447,60.8551066018804,25.952582078831828,0.0
2026-09-01T05:40:00,717512,59.310111971685835,25.952582078831828,0.0
2026-09-01T05:40:00,717446,64.17582974134008,25.952582078831828,0.0
2026-09-01T05:40:00,717445,55.50937811246362,25.952582078831828,0.0
2026-09-01T05:40:00,717458,56.07341774271823,25.952582078831828,0.0
2026-09-01T05:40:00,717459,57.146980473342076,25.952582078831828,0.0
2026-09-01T05:40:00,717460,56.93700644177103,25.952582078831828,0.0
2026-09-01T05:40:00,717461,51.41880343857854,25.952582078831828,1.8
2026-09-01T05:40:00,717462,49.441898722738145,25.952582078831828,0.0
2026-09-01T05:40:00,717463,54.342304137214356,25.952582078831828,0.0
2026-09-01T05:45:00,717447,64.25142613004618,25.96451676381505,1.8
2026-09-01T05:45:00,717512,66.47210501777374,25.96451676381505,0.0
2026-09-01T05:45:00,717446,61.54657623694906,25.96451676381505,0.0
2026-09-01T05:45:00,717445,61.60957781496136,25.96451676381505,0.0
2026-09-01T05:45:00,717458,56.67370866443194,25.96451676381505,0.0
2026-09-01T05:45:00,717459,55.590980975199365,25.96451676381505,0.0
2026-09-01T05:45:00,717460,52.64809402167835,25.96451676381505,0.0
2026-09-01T05:45:00,717461,53.10096813446449,25.96451676381505,0.0
2026-09-01T05:45:00,717462,53.09483469297612,25.96451676381505,0.0
2026-09-01T05:45:00,717463,56.52290994587341,25.96451676381505,1.8
2026-09-01T05:50:00,717447,60.79258659378621,25.97473080063275,0.0
2026-09-01T05:50:00,717512,68.53407513688565,25.97473080063275,0.0
2026-09-01T05:50:00,717446,62.79995839636178,25.97473080063275,0.0
2026-09-01T05:50:00,717445,60.940025045919974,25.97473080063275,1.8
2026-09-01T05:50:00,717458,58.630062169502814,25.97473080063275,0.0
2026-09-01T05:50:00,717459,56.85762174868002,25.97473080063275,0.0
2026-09-01T05:50:00,717460,54.42615239854199,25.97473080063275,0.0
2026-09-01T05:50:00,717461,50.78921881482825,25.97473080063275,0.0
2026-09-01T05:50:00,717462,51.28760404965629,25.97473080063275,0.0
2026-09-01T05:50:00,717463,57.415978169897684,25.97473080063275,0.0
2026-09-01T05:55:00,717447,64.68019598594144,25.983219756269566,0.0
2026-09-01T05:55:00,717512,66.65843661777122,25.983219756269566,1.8
2026-09-01T05:55:00,717446,58.82820400653968,25.983219756269566,0.0
2026-09-01T05:55:00,717445,56.328976556307005,25.983219756269566,0.0
2026-09-01T05:55:00,717458,58.275497153163286,25.983219756269566,1.8
2026-09-01T05:55:00,717459,54.66332705520968,25.983219756269566,0.0
2026-09-01T05:55:00,717460,56.474604483757844,25.983219756269566,0.0
2026-09-01T05:55:00,717461,49.90555980977472,25.983219756269566,0.0
2026-09-01T05:55:00,717462,47.392039820671236,25.983219756269566,0.0
2026-09-01T05:55:00,717463,53.295416457928326,25.983219756269566,0.0
2026-09-01T06:00:00,717447,67.61673095076408,25.989979946416216,0.0
2026-09-01T06:00:00,717512,62.6560708183491,25.989979946416216,1.8
2026-09-01T06:00:00,717446,61.87399452781613,25.989979946416216,0.0
2026-09-01T06:00:00,717445,59.227029964488196,25.989979946416216,0.0
2026-09-01T06:00:00,717458,58.3070962623592,25.989979946416216,1.8
2026-09-01T06:00:00,717459,52.357870299536025,25.989979946416216,0.0
2026-09-01T06:00:00,717460,53.19242396248167,25.989979946416216,0.0
2026-09-01T06:00:00,717461,57.90729331588228,25.989979946416216,0.0
2026-09-01T06:00:00,717462,49.722075496233224,25.989979946416216,0.0
2026-09-01T06:00:00,717463,50.84978844116656,25.989979946416216,0.0
2026-09-01T06:05:00,717447,65.81073107940087,25.995008437068513,0.0
2026-09-01T06:05:00,717512,61.39658872038303,25.995008437068513,0.0
2026-09-01T06:05:00,717446,60.34758532893342,25.995008437068513,1.8
2026-09-01T06:05:00,717445,57.644088586855815,25.995008437068513,0.0
2026-09-01T06:05:00,717458,59.4957640095291,25.995008437068513,1.8
2026-09-01T06:05:00,717459,59.04154492984708,25.995008437068513,0.0
2026-09-01T06:05:00,717460,52.61346959793947,25.995008437068513,1.8
2026-09-01T06:05:00,717461,49.77773911878999,25.995008437068513,0.0
2026-09-01T06:05:00,717462,47.06282186015343,25.995008437068513,0.0
2026-09-01T06:05:00,717463,52.89541196020095,25.995008437068513,0.0
2026-09-01T06:10:00,717447,62.85191517270671,25.998303045800768,0.0
2026-09-01T06:10:00,717512,67.96517791141218,25.998303045800768,0.0
2026-09-01T06:10:00,717446,59.531667434756514,25.998303045800768,0.0
2026-09-01T06:10:00,717445,57.78951039954038,25.998303045800768,0.0
2026-09-01T06:10:00,717458,57.68835630132953,25.998303045800768,0.0
2026-09-01T06:10:00,717459,56.651272777701855,25.998303045800768,0.0
2026-09-01T06:10:00,717460,53.96130008902759,25.998303045800768,0.0
2026-09-01T06:10:00,717461,51.018943880635284,25.998303045800768,0.0
2026-09-01T06:10:00,717462,52.1707228312212,25.998303045800768,0.0
2026-09-01T06:10:00,717463,50.858822369181205,25.998303045800768,0.0
2026-09-01T06:15:00,717447,61.06409921052053,25.999862342712994,0.0
2026-09-01T06:15:00,717512,62.39247898435682,25.999862342712994,0.0
2026-09-01T06:15:00,717446,58.77023794628611,25.999862342712994,0.0
2026-09-01T06:15:00,717445,53.60367138970548,25.999862342712994,1.8
2026-09-01T06:15:00,717458,54.51064348027812,25.999862342712994,1.8
2026-09-01T06:15:00,717459,54.57826617779963,25.999862342712994,1.8
2026-09-01T06:15:00,717460,54.109129861447286,25.999862342712994,0.0
2026-09-01T06:15:00,717461,54.32825834982616,25.999862342712994,0.0
2026-09-01T06:15:00,717462,51.732603331186326,25.999862342712994,0.0
2026-09-01T06:15:00,717463,44.412780387694355,25.999862342712994,1.8
2026-09-01T06:20:00,717447,56.897725792649304,25.9996856510515,0.0
2026-09-01T06:20:00,717512,61.12659621116124,25.9996856510515,0.0
2026-09-01T06:20:00,717446,57.486481408382005,25.9996856510515,1.8
2026-09-01T06:20:00,717445,61.39898843172248,25.9996856510515,0.0
2026-09-01T06:20:00,717458,56.172812392778965,25.9996856510515,0.0
2026-09-01T06:20:00,717459,53.515552107818515,25.9996856510515,0.0
2026-09-01T06:20:00,717460,51.486602030549804,25.9996856510515,0.0
2026-09-01T06:20:00,717461,51.219400961708246,25.9996856510515,1.8
2026-09-01T06:20:00,717462,51.40853196432222,25.9996856510515,0.0
2026-09-01T06:20:00,717463,49.73594808163288,25.9996856510515,0.0
2026-09-01T06:25:00,717447,62.69468637063352,25.997773047502594,0.0
2026-09-01T06:25:00,717512,54.191330058959835,25.997773047502594,0.0
2026-09-01T06:25:00,717446,53.34538786906328,25.997773047502594,0.0
2026-09-01T06:25:00,717445,55.57172775863149,25.997773047502594,0.0
2026-09-01T06:25:00,717458,56.67041214892391,25.997773047502594,0.0
2026-09-01T06:25:00,717459,56.12348944521749,25.997773047502594,1.8
2026-09-01T06:25:00,717460,50.916492762129394,25.997773047502594,1.8
2026-09-01T06:25:00,717461,43.672897087874816,25.997773047502594,0.0
2026-09-01T06:25:00,717462,48.607290619552096,25.997773047502594,0.0
2026-09-01T06:25:00,717463,50.221435980517185,25.997773047502594,0.0
2026-09-01T06:30:00,717447,59.04859730113734,25.994125362159327,1.8
2026-09-01T06:30:00,717512,59.63240134745959,25.994125362159327,0.0
2026-09-01T06:30:00,717446,60.284241353649804,25.994125362159327,1.8
2026-09-01T06:30:00,717445,55.01893812957542,25.994125362159327,0.0
2026-09-01T06:30:00,717458,52.9646800950818,25.994125362159327,0.0
2026-09-01T06:30:00,717459,50.440118706575625,25.994125362159327,0.0
2026-09-01T06:30:00,717460,47.77882341986226,25.994125362159327,0.0
2026-09-01T06:30:00,717461,45.85384265502611,25.994125362159327,0.0
2026-09-01T06:30:00,717462,47.48730863267658,25.994125362159327,0.0
2026-09-01T06:30:00,717463,51.41424091084456,25.994125362159327,0.0
2026-09-01T06:35:00,717447,60.30471984512153,25.988744178161195,1.8
2026-09-01T06:35:00,717512,55.60720800666661,25.988744178161195,0.0
2026-09-01T06:35:00,717446,62.34286687090023,25.988744178161195,0.0
2026-09-01T06:35:00,717445,52.85379746209371,25.988744178161195,0.0
2026-09-01T06:35:00,717458,57.37616609930012,25.988744178161195,1.8
2026-09-01T06:35:00,717459,56.95547582128428,25.988744178161195,0.0
2026-09-01T06:35:00,717460,52.45085865992107,25.988744178161195,0.0
2026-09-01T06:35:00,717461,47.83779612184741,25.988744178161195,0.0
2026-09-01T06:35:00,717462,47.574977577167395,25.988744178161195,1.8
2026-09-01T06:35:00,717463,48.02498314869845,25.988744178161195,1.8
2026-09-01T06:40:00,717447,53.333599729988784,25.98163183100706,0.0
2026-09-01T06:40:00,717512,53.26013648304592,25.98163183100706,0.0
2026-09-01T06:40:00,717446,51.83424565053206,25.98163183100706,0.0
2026-09-01T06:40:00,717445,55.38493685615973,25.98163183100706,1.8
2026-09-01T06:40:00,717458,56.13209106256687,25.98163183100706,0.0
2026-09-01T06:40:00,717459,53.531838530573076,25.98163183100706,1.8
2026-09-01T06:40:00,717460,53.163121655995326,25.98163183100706,0.0
2026-09-01T06:40:00,717461,46.70459333286949,25.98163183100706,0.0
2026-09-01T06:40:00,717462,46.806939082051464,25.98163183100706,0.0
2026-09-01T06:40:00,717463,45.82247954921274,25.98163183100706,0.0
2026-09-01T06:45:00,717447,57.77525058178149,25.9727914075415,1.8
2026-09-01T06:45:00,717512,61.702594300239916,25.9727914075415,0.0
2026-09-01T06:45:00,717446,52.07703257439624,25.9727914075415,0.0
2026-09-01T06:45:00,717445,55.591107649780376,25.9727914075415,0.0
2026-09-01T06:45:00,717458,56.19299254477427,25.9727914075415,0.0
2026-09-01T06:45:00,717459,51.93109453440554,25.9727914075415,0.0
2026-09-01T06:45:00,717460,48.11272907690801,25.9727914075415,0.0
2026-09-01T06:45:00,717461,45.489958263519654,25.9727914075415,0.0
2026-09-01T06:45:00,717462,43.673159683473564,25.9727914075415,0.0
2026-09-01T06:45:00,717463,39.708517497408664,25.9727914075415,0.0
2026-09-01T06:50:00,717447,54.70734423586144,25.962226744615087,0.0
2026-09-01T06:50:00,717512,53.34066520695199,25.962226744615087,0.0
2026-09-01T06:50:00,717446,55.55252557169799,25.962226744615087,0.0
2026-09-01T06:50:00,717445,50.02187279091194,25.962226744615087,0.0
2026-09-01T06:50:00,717458,50.06973996525952,25.962226744615087,0.0
2026-09-01T06:50:00,717459,50.21884495808366,25.962226744615087,0.0
2026-09-01T06:50:00,717460,49.644029961533505,25.962226744615087,0.0
2026-09-01T06:50:00,717461,49.17573846476821,25.962226744615087,0.0
2026-09-01T06:50:00,717462,46.31416978272988,25.962226744615087,0.0
2026-09-01T06:50:00,717463,40.68060926275122,25.962226744615087,0.0
2026-09-01T06:55:00,717447,55.468438929827734,25.949942427419153,0.0
2026-09-01T06:55:00,717512,51.11530439319432,25.949942427419153,0.0
2026-09-01T06:55:00,717446,55.584224288870715,25.949942427419153,0.0
2026-09-01T06:55:00,717445,50.73318980477799,25.949942427419153,0.0
2026-09-01T06:55:00,717458,50.19163461303552,25.949942427419153,0.0
2026-09-01T06:55:00,717459,56.07442441711099,25.949942427419153,0.0
2026-09-01T06:55:00,717460,49.32939993788341,25.949942427419153,0.0
2026-09-01T06:55:00,717461,47.012850229218145,25.949942427419153,0.0
2026-09-01T06:55:00,717462,44.25400712261848,25.949942427419153,1.8
2026-09-01T06:55:00,717463,39.79648036570171,25.949942427419153,0.0
2026-09-01T07:00:00,717447,52.48076768072939,25.93594378749575,0.0
2026-09-01T07:00:00,717512,49.356276089959565,25.93594378749575,0.0
2026-09-01T07:00:00,717446,55.717550965641685,25.93594378749575,0.0
2026-09-01T07:00:00,717445,50.69185204205641,25.93594378749575,0.0
2026-09-01T07:00:00,717458,51.89773191252442,25.93594378749575,0.0
2026-09-01T07:00:00,717459,45.278488739629324,25.93594378749575,1.8
2026-09-01T07:00:00,717460,43.553142513340745,25.93594378749575,0.0
2026-09-01T07:00:00,717461,46.652678754119044,25.93594378749575,0.0
2026-09-01T07:00:00,717462,40.84536091918117,25.93594378749575,0.0
2026-09-01T07:00:00,717463,40.99546255161724,25.93594378749575,0.0
2026-09-01T07:05:00,717447,57.07447667299751,25.920236900423696,0.0
2026-09-01T07:05:00,717512,49.49467656245349,25.920236900423696,0.0
2026-09-01T07:05:00,717446,45.23848792049821,25.920236900423696,0.0
2026-09-01T07:05:00,717445,43.01115868335497,25.920236900423696,1.8
2026-09-01T07:05:00,717458,42.51661617558702,25.920236900423696,0.0
2026-09-01T07:05:00,717459,49.681337429578846,25.920236900423696,1.8
2026-09-01T07:05:00,717460,43.038010681619966,25.920236900423696,0.0
2026-09-01T07:05:00,717461,51.168182976302056,25.920236900423696,1.8
2026-09-01T07:05:00,717462,46.91991497700092,25.920236900423696,0.0
2026-09-01T07:05:00,717463,47.11186378377467,25.920236900423696,0.0
2026-09-01T07:10:00,717447,53.707564364496335,25.902828583181726,0.0
2026-09-01T07:10:00,717512,51.2129576346655,25.902828583181726,0.0
2026-09-01T07:10:00,717446,45.78078013679503,25.902828583181726,1.8
2026-09-01T07:10:00,717445,47.025253414829095,25.902828583181726,0.0
2026-09-01T07:10:00,717458,47.9245391294321,25.902828583181726,0.0
2026-09-01T07:10:00,717459,47.50129241277348,25.902828583181726,0.0
2026-09-01T07:10:00,717460,40.01030944466143,25.902828583181726,0.0
2026-09-01T07:10:00,717461,41.6543984092228,25.902828583181726,0.0
2026-09-01T07:10:00,717462,40.78733472953385,25.902828583181726,0.0
2026-09-01T07:10:00,717463,39.4701342619121,25.902828583181726,0.0
2026-09-01T07:15:00,717447,46.27104274283191,25.883726391189803,0.0
2026-09-01T07:15:00,717512,53.70588091482208,25.883726391189803,0.0
2026-09-01T07:15:00,717446,46.26415091927002,25.883726391189803,0.0
2026-09-01T07:15:00,717445,42.86528550564908,25.883726391189803,0.0
2026-09-01T07:15:00,717458,50.19736213362335,25.883726391189803,0.0
2026-09-01T07:15:00,717459,47.973333800636084,25.883726391189803,0.0
2026-09-01T07:15:00,717460,42.566261956553134,25.883726391189803,0.0
2026-09-01T07:15:00,717461,35.63828511913097,25.883726391189803,0.0
2026-09-01T07:15:00,717462,38.34549371021479,25.883726391189803,0.0
2026-09-01T07:15:00,717463,33.75949401401914,25.883726391189803,0.0
2026-09-01T07:20:00,717447,49.5710031102132,25.86293861503,0.0
2026-09-01T07:20:00,717512,45.23210027151831,25.86293861503,0.0
2026-09-01T07:20:00,717446,45.54765807535214,25.86293861503,0.0
2026-09-01T07:20:00,717445,49.74695758051328,25.86293861503,0.0
2026-09-01T07:20:00,717458,41.423566609418714,25.86293861503,0.0
2026-09-01T07:20:00,717459,43.43652555872912,25.86293861503,1.8
2026-09-01T07:20:00,717460,43.12844362565812,25.86293861503,0.0
2026-09-01T07:20:00,717461,43.31100246215697,25.86293861503,1.8
2026-09-01T07:20:00,717462,38.12974056106419,25.86293861503,0.0
2026-09-01T07:20:00,717463,36.619181539973155,25.86293861503,0.0
2026-09-01T07:25:00,717447,46.02908786845346,25.84047427684828,0.0
2026-09-01T07:25:00,717512,46.61062106460657,25.84047427684828,0.0
2026-09-01T07:25:00,717446,48.78659025103661,25.84047427684828,1.8
2026-09-01T07:25:00,717445,42.29515374103033,25.84047427684828,0.0
2026-09-01T07:25:00,717458,34.63580376333922,25.84047427684828,0.0
2026-09-01T07:25:00,717459,43.36066073324119,25.84047427684828,0.0
2026-09-01T07:25:00,717460,39.709496695832655,25.84047427684828,0.0
2026-09-01T07:25:00,717461,39.85634219727034,25.84047427684828,1.8
2026-09-01T07:25:00,717462,32.420886973498405,25.84047427684828,0.0
2026-09-01T07:25:00,717463,34.321366512119155,25.84047427684828,0.0
2026-09-01T07:30:00,717447,47.77593269232294,25.816343126438774,0.0
2026-09-01T07:30:00,717512,40.430270383949704,25.816343126438774,0.0
2026-09-01T07:30:00,717446,44.39242860075804,25.816343126438774,0.0
2026-09-01T07:30:00,717445,41.686214206565005,25.816343126438774,0.0
2026-09-01T07:30:00,717458,38.389363923063314,25.816343126438774,0.0
2026-09-01T07:30:00,717459,36.96238134241431,25.816343126438774,0.0
2026-09-01T07:30:00,717460,35.14567319652227,25.816343126438774,0.0
2026-09-01T07:30:00,717461,37.17817820300137,25.816343126438774,0.0
2026-09-01T07:30:00,717462,36.32246331928913,25.816343126438774,0.0
2026-09-01T07:30:00,717463,33.49205513620749,25.816343126438774,1.8
2026-09-01T07:35:00,717447,40.88317951499285,25.79055563701226,0.0
2026-09-01T07:35:00,717512,34.13554510046585,25.79055563701226,0.0
2026-09-01T07:35:00,717446,43.009275963422674,25.79055563701226,0.0
2026-09-01T07:35:00,717445,43.211401074208254,25.79055563701226,0.0
2026-09-01T07:35:00,717458,41.157059333965265,25.79055563701226,1.8
2026-09-01T07:35:00,717459,44.27208296008477,25.79055563701226,0.0
2026-09-01T07:35:00,717460,36.35090722763515,25.79055563701226,1.8
2026-09-01T07:35:00,717461,39.824225808394225,25.79055563701226,0.0
2026-09-01T07:35:00,717462,32.56170401357606,25.79055563701226,0.0
2026-09-01T07:35:00,717463,30.90202053099891,25.79055563701226,0.0
2026-09-01T07:40:00,717447,43.212155942372824,25.76312300065065,0.0
2026-09-01T07:40:00,717512,46.518180369797115,25.76312300065065,0.0
2026-09-01T07:40:00,717446,39.5687111876418,25.76312300065065,0.0
2026-09-01T07:40:00,717445,34.55457256829846,25.76312300065065,0.0
2026-09-01T07:40:00,717458,40.69347432582992,25.76312300065065,0.0
2026-09-01T07:40:00,717459,36.61063340335003,25.76312300065065,0.0
2026-09-01T07:40:00,717460,36.5404037194855,25.76312300065065,0.0
2026-09-01T07:40:00,717461,32.18877184410289,25.76312300065065,0.0
2026-09-01T07:40:00,717462,33.58395622600173,25.76312300065065,0.0
2026-09-01T07:40:00,717463,27.72931105943634,25.76312300065065,0.0
2026-09-01T07:45:00,717447,47.263293929940346,25.734057123449503,0.0
2026-09-01T07:45:00,717512,43.683544798431654,25.734057123449503,0.0
2026-09-01T07:45:00,717446,39.44696713286992,25.734057123449503,0.0
2026-09-01T07:45:00,717445,40.60172162665437,25.734057123449503,0.0
2026-09-01T07:45:00,717458,34.91275110433533,25.734057123449503,0.0
2026-09-01T07:45:00,717459,38.73328305403119,25.734057123449503,0.0
2026-09-01T07:45:00,717460,33.439074604968084,25.734057123449503,0.0
2026-09-01T07:45:00,717461,32.03245521156172,25.734057123449503,0.0
2026-09-01T07:45:00,717462,29.17803286323965,25.734057123449503,0.0
2026-09-01T07:45:00,717463,32.1141977980681,25.734057123449503,0.0
2026-09-01T07:50:00,717447,40.58665175271508,25.703370620350633,0.0
2026-09-01T07:50:00,717512,43.550655048943085,25.703370620350633,0.0
2026-09-01T07:50:00,717446,34.926812798256165,25.703370620350633,0.0
2026-09-01T07:50:00,717445,38.198914674319745,25.703370620350633,0.0
2026-09-01T07:50:00,717458,39.27615153739106,25.703370620350633,0.0
2026-09-01T07:50:00,717459,42.28268430875264,25.703370620350633,0.0
2026-09-01T07:50:00,717460,33.89714628742881,25.703370620350633,0.0
2026-09-01T07:50:00,717461,31.05449450426474,25.703370620350633,0.0
2026-09-01T07:50:00,717462,31.419376311505644,25.703370620350633,0.0
2026-09-01T07:50:00,717463,33.66678598952068,25.703370620350633,0.0
2026-09-01T07:55:00,717447,43.42353478268791,25.67107680966706,0.0
2026-09-01T07:55:00,717512,37.917983999695075,25.67107680966706,0.0
2026-09-01T07:55:00,717446,40.96317322035164,25.67107680966706,0.0
2026-09-01T07:55:00,717445,35.80358539377166,25.67107680966706,0.0
2026-09-01T07:55:00,717458,37.194049660181975,25.67107680966706,1.8
2026-09-01T07:55:00,717459,35.112390285272454,25.67107680966706,0.0
2026-09-01T07:55:00,717460,31.09691513353685,25.67107680966706,0.0
2026-09-01T07:55:00,717461,28.304959027172806,25.67107680966706,0.0
2026-09-01T07:55:00,717462,33.523665143144804,25.67107680966706,0.0
2026-09-01T07:55:00,717463,33.23613773643567,25.67107680966706,0.0
2026-09-01T08:00:00,717447,39.74469579345549,25.637189707302728,0.0
2026-09-01T08:00:00,717512,37.260918703272914,25.637189707302728,1.8
2026-09-01T08:00:00,717446,32.59638614896626,25.637189707302728,0.0
2026-09-01T08:00:00,717445,38.49654368783035,25.637189707302728,1.8
2026-09-01T08:00:00,717458,34.58336913708409,25.637189707302728,0.0
2026-09-01T08:00:00,717459,31.756790601333435,25.637189707302728,0.0
2026-09-01T08:00:00,717460,33.9473974148174,25.637189707302728,0.0
2026-09-01T08:00:00,717461,26.09556648170542,25.637189707302728,0.0
2026-09-01T08:00:00,717462,25.932511548628938,25.637189707302728,1.8
2026-09-01T08:00:00,717463,25.700270610871115,25.637189707302728,0.0
2026-09-01T08:05:00,717447,39.254048707648415,25.6017240206694,0.0
2026-09-01T08:05:00,717512,37.05107050449046,25.6017240206694,0.0
2026-09-01T08:05:00,717446,37.216489564356976,25.6017240206694,0.0
2026-09-01T08:05:00,717445,37.44142468454034,25.6017240206694,0.0
2026-09-01T08:05:00,717458,34.930046262279866,25.6017240206694,1.8
2026-09-01T08:05:00,717459,37.41197096335731,25.6017240206694,0.0
2026-09-01T08:05:00,717460,33.83356716653259,25.6017240206694,0.0
2026-09-01T08:05:00,717461,28.951181666810875,25.6017240206694,0.0
2026-09-01T08:05:00,717462,26.5063406008099,25.6017240206694,0.0
2026-09-01T08:05:00,717463,26.64072531175919,25.6017240206694,0.0
2026-09-01T08:10:00,717447,39.14988983264635,25.564695142303492,0.0
2026-09-01T08:10:00,717512,34.5150752695197,25.564695142303492,0.0
2026-09-01T08:10:00,717446,36.83796582389174,25.564695142303492,1.8
2026-09-01T08:10:00,717445,35.26763683326839,25.564695142303492,0.0
2026-09-01T08:10:00,717458,29.415218275095445,25.564695142303492,0.0
2026-09-01T08:10:00,717459,34.279480729754326,25.564695142303492,0.0
2026-09-01T08:10:00,717460,30.923396321433255,25.564695142303492,1.8
2026-09-01T08:10:00,717461,34.1360854116146,25.564695142303492,0.0
2026-09-01T08:10:00,717462,27.363275563566035,25.564695142303492,0.0
2026-09-01T08:10:00,717463,25.311995032726408,25.564695142303492,0.0
2026-09-01T08:15:00,717447,33.31113781572019,25.52611914318551,0.0
2026-09-01T08:15:00,717512,32.06877630842167,25.52611914318551,1.8
2026-09-01T08:15:00,717446,36.92310784907998,25.52611914318551,0.0
2026-09-01T08:15:00,717445,38.004025190905026,25.52611914318551,0.0
2026-09-01T08:15:00,717458,31.358837417546834,25.52611914318551,0.0
2026-09-01T08:15:00,717459,29.965719903589218,25.52611914318551,1.8
2026-09-01T08:15:00,717460,29.4823415624988,25.52611914318551,1.8
2026-09-01T08:15:00,717461,31.557819980983822,25.52611914318551,0.0
2026-09-01T08:15:00,717462,24.090125670587533,25.52611914318551,1.8
2026-09-01T08:15:00,717463,26.387292021363614,25.52611914318551,0.0
2026-09-01T08:20:00,717447,38.99879400248001,25.48601276576506,0.0
2026-09-01T08:20:00,717512,36.37648362295226,25.48601276576506,0.0
2026-09-01T08:20:00,717446,25.563504234135017,25.48601276576506,0.0
2026-09-01T08:20:00,717445,34.506827071725446,25.48601276576506,0.0
2026-09-01T08:20:00,717458,32.80680891170767,25.48601276576506,0.0
2026-09-01T08:20:00,717459,34.1941767486216,25.48601276576506,0.0
2026-09-01T08:20:00,717460,33.710035887098655,25.48601276576506,0.0
2026-09-01T08:20:00,717461,31.61794447388487,25.48601276576506,0.0
2026-09-01T08:20:00,717462,26.699502029837504,25.48601276576506,1.8
2026-09-01T08:20:00,717463,20.467303677441222,25.48601276576506,0.0
2026-09-01T08:25:00,717447,42.3439654096536,25.444393416694414,0.0
2026-09-01T08:25:00,717512,34.103479819863146,25.444393416694414,0.0
2026-09-01T08:25:00,717446,33.56194459627752,25.444393416694414,0.0
2026-09-01T08:25:00,717445,37.316290378452415,25.444393416694414,1.8
2026-09-01T08:25:00,717458,28.80372550006601,25.444393416694414,0.0
2026-09-01T08:25:00,717459,25.87106972349804,25.444393416694414,1.8
2026-09-01T08:25:00,717460,27.343230583608378,25.444393416694414,0.0
2026-09-01T08:25:00,717461,25.35387431753859,25.444393416694414,0.0
2026-09-01T08:25:00,717462,22.012184866144658,25.444393416694414,0.0
2026-09-01T08:25:00,717463,24.78182053927408,25.444393416694414,0.0
2026-09-01T08:30:00,717447,35.997319258748526,25.40127915927381,1.8
2026-09-01T08:30:00,717512,30.177345501550228,25.40127915927381,1.8
2026-09-01T08:30:00,717446,32.42237276879543,25.40127915927381,0.0
2026-09-01T08:30:00,717445,29.89353078317327,25.40127915927381,0.0
2026-09-01T08:30:00,717458,25.324482591007783,25.40127915927381,0.0
2026-09-01T08:30:00,717459,30.09507823738727,25.40127915927381,0.0
2026-09-01T08:30:00,717460,29.189589884658087,25.40127915927381,1.8
2026-09-01T08:30:00,717461,25.09409200472856,25.40127915927381,0.0
2026-09-01T08:30:00,717462,29.37802141574081,25.40127915927381,0.0
2026-09-01T08:30:00,717463,25.013934945960848,25.40127915927381,0.0
2026-09-01T08:35:00,717447,33.7059169563716,25.356688705611774,0.0
2026-09-01T08:35:00,717512,30.089994079264507,25.356688705611774,0.0
2026-09-01T08:35:00,717446,34.23251721013744,25.356688705611774,0.0
2026-09-01T08:35:00,717445,33.757312326792785,25.356688705611774,0.0
2026-09-01T08:35:00,717458,29.581954102052666,25.356688705611774,0.0
2026-09-01T08:35:00,717459,30.271516293059634,25.356688705611774,1.8
2026-09-01T08:35:00,717460,33.467799141869264,25.356688705611774,1.8
2026-09-01T08:35:00,717461,30.121655204699586,25.356688705611774,0.0
2026-09-01T08:35:00,717462,19.775691053115075,25.356688705611774,1.8
2026-09-01T08:35:00,717463,22.87367729937573,25.356688705611774,0.0
2026-09-01T08:40:00,717447,35.67943021172779,25.31064140850384,1.8
2026-09-01T08:40:00,717512,35.10375676188101,25.31064140850384,0.0
2026-09-01T08:40:00,717446,34.17916512890489,25.31064140850384,0.0
2026-09-01T08:40:00,717445,33.79902306171293,25.31064140850384,0.0
2026-09-01T08:40:00,717458,30.977436716151924,25.31064140850384,0.0
2026-09-01T08:40:00,717459,30.129749981839247,25.31064140850384,0.0
2026-09-01T08:40:00,717460,31.732611014744446,25.31064140850384,0.0
2026-09-01T08:40:00,717461,28.53457360861018,25.31064140850384,1.8
2026-09-01T08:40:00,717462,23.042022491042722,25.31064140850384,1.8
2026-09-01T08:40:00,717463,25.59888023033428,25.31064140850384,0.0
2026-09-01T08:45:00,717447,36.08657253861317,25.26315725303319,0.0
2026-09-01T08:45:00,717512,29.626637936437046,25.26315725303319,1.8
2026-09-01T08:45:00,717446,34.551754248922165,25.26315725303319,0.0
2026-09-01T08:45:00,717445,29.789159650152087,25.26315725303319,0.0
2026-09-01T08:45:00,717458,34.58055667451018,25.26315725303319,0.0
2026-09-01T08:45:00,717459,31.753768158545014,25.26315725303319,0.0
2026-09-01T08:45:00,717460,25.69127457766052,25.26315725303319,0.0
2026-09-01T08:45:00,717461,30.829647593759965,25.26315725303319,0.0
2026-09-01T08:45:00,717462,31.049580973122943,25.26315725303319,0.0
2026-09-01T08:45:00,717463,24.922045529133108,25.26315725303319,0.0
2026-09-01T08:50:00,717447,36.618608156433304,25.21425684789688,0.0
2026-09-01T08:50:00,717512,38.25395920032429,25.21425684789688,0.0
2026-09-01T08:50:00,717446,38.534555109479406,25.21425684789688,0.0
2026-09-01T08:50:00,717445,28.43405841673792,25.21425684789688,0.0
2026-09-01T08:50:00,717458,28.94863509019935,25.21425684789688,0.0
2026-09-01T08:50:00,717459,29.789091516981195,25.21425684789688,1.8
2026-09-01T08:50:00,717460,28.897431528287722,25.21425684789688,0.0
2026-09-01T08:50:00,717461,30.960515977652967,25.21425684789688,1.8
2026-09-01T08:50:00,717462,31.352460619203768,25.21425684789688,0.0
2026-09-01T08:50:00,717463,30.40858581321482,25.21425684789688,1.8
2026-09-01T08:55:00,717447,32.66201058138099,25.163961416461447,0.0
2026-09-01T08:55:00,717512,34.09471495855527,25.163961416461447,0.0
2026-09-01T08:55:00,717446,31.609278542404077,25.163961416461447,0.0
2026-09-01T08:55:00,717445,32.33493238058516,25.163961416461447,0.0
2026-09-01T08:55:00,717458,30.483514598278898,25.163961416461447,0.0
2026-09-01T08:55:00,717459,32.98450829143611,25.163961416461447,1.8
2026-09-01T08:55:00,717460,32.15117790205494,25.163961416461447,0.0
2026-09-01T08:55:00,717461,29.331591967476655,25.163961416461447,1.8
2026-09-01T08:55:00,717462,27.84723628042783,25.163961416461447,0.0
2026-09-01T08:55:00,717463,25.802292068397456,25.163961416461447,1.8
2026-09-01T09:00:00,717447,37.75711733343094,25.112292787551684,0.0
2026-09-01T09:00:00,717512,42.129447032946395,25.112292787551684,0.0
2026-09-01T09:00:00,717446,38.22436873496446,25.112292787551684,0.0
2026-09-01T09:00:00,717445,33.932047052164215,25.112292787551684,0.0
2026-09-01T09:00:00,717458,33.41159908941956,25.112292787551684,0.0
2026-09-01T09:00:00,717459,33.87665629886308,25.112292787551684,0.0
2026-09-01T09:00:00,717460,27.75173050223508,25.112292787551684,0.0
2026-09-01T09:00:00,717461,30.562334805723367,25.112292787551684,0.0
2026-09-01T09:00:00,717462,30.847658825754515,25.112292787551684,0.0
2026-09-01T09:00:00,717463,29.236038946265623,25.112292787551684,0.0
2026-09-01T09:05:00,717447,37.10883832331974,25.05927338597668,1.8
2026-09-01T09:05:00,717512,36.409646784291105,25.05927338597668,0.0
2026-09-01T09:05:00,717446,31.134290147917092,25.05927338597668,0.0
2026-09-01T09:05:00,717445,38.11592034739705,25.05927338597668,1.8
2026-09-01T09:05:00,717458,40.89443758829438,25.05927338597668,0.0
2026-09-01T09:05:00,717459,30.71403580428518,25.05927338597668,0.0
2026-09-01T09:05:00,717460,35.57506848404017,25.05927338597668,0.0
2026-09-01T09:05:00,717461,36.947231941706235,25.05927338597668,0.0
2026-09-01T09:05:00,717462,28.476258208704294,25.05927338597668,0.0
2026-09-01T09:05:00,717463,28.354344516132052,25.05927338597668,0.0
2026-09-01T09:10:00,717447,41.27521236459308,25.004926222797174,0.0
2026-09-01T09:10:00,717512,40.71707289540566,25.004926222797174,0.0
2026-09-01T09:10:00,717446,39.03814499862167,25.004926222797174,1.8
2026-09-01T09:10:00,717445,35.739047677843985,25.004926222797174,0.0
2026-09-01T09:10:00,717458,37.578709049677514,25.004926222797174,0.0
2026-09-01T09:10:00,717459,33.40516237197846,25.004926222797174,1.8
2026-09-01T09:10:00,717460,34.44529456181593,25.004926222797174,0.0
2026-09-01T09:10:00,717461,32.02620493905443,25.004926222797174,0.0
2026-09-01T09:10:00,717462,25.59489597548872,25.004926222797174,0.0
2026-09-01T09:10:00,717463,33.49975788225134,25.004926222797174,0.0
2026-09-01T09:15:00,717447,39.85641671505504,24.949274885338475,0.0
2026-09-01T09:15:00,717512,44.566714876697965,24.949274885338475,0.0
2026-09-01T09:15:00,717446,42.411571024383676,24.949274885338475,0.0
2026-09-01T09:15:00,717445,38.713117339572996,24.949274885338475,0.0
2026-09-01T09:15:00,717458,38.406767882323535,24.949274885338475,0.0
2026-09-01T09:15:00,717459,37.57904735503569,24.949274885338475,0.0
2026-09-01T09:15:00,717460,33.85138533626355,24.949274885338475,0.0
2026-09-01T09:15:00,717461,32.789580746224985,24.949274885338475,0.0
2026-09-01T09:15:00,717462,33.8240707640281,24.949274885338475,0.0
2026-09-01T09:15:00,717463,22.02223469319268,24.949274885338475,0.0
2026-09-01T09:20:00,717447,42.788018718577895,24.892343526953297,0.0
2026-09-01T09:20:00,717512,40.478589628648926,24.892343526953297,0.0
2026-09-01T09:20:00,717446,38.125511984444756,24.892343526953297,0.0
2026-09-01T09:20:00,717445,40.46530184928919,24.892343526953297,0.0
2026-09-01T09:20:00,717458,36.16399331414569,24.892343526953297,0.0
2026-09-01T09:20:00,717459,39.43132540506386,24.892343526953297,0.0
2026-09-01T09:20:00,717460,38.503520124043845,24.892343526953297,0.0
2026-09-01T09:20:00,717461,35.983401248207464,24.892343526953297,1.8
2026-09-01T09:20:00,717462,35.41943234845957,24.892343526953297,0.0
2026-09-01T09:20:00,717463,33.59267984926046,24.892343526953297,1.8
2026-09-01T09:25:00,717447,46.500825116466835,24.83415685653889,0.0
2026-09-01T09:25:00,717512,45.1624705302245,24.83415685653889,0.0
2026-09-01T09:25:00,717446,42.753941163408534,24.83415685653889,1.8
2026-09-01T09:25:00,717445,43.710047255733066,24.83415685653889,0.0
2026-09-01T09:25:00,717458,38.8103956489525,24.83415685653889,0.0
2026-09-01T09:25:00,717459,35.86488860636444,24.83415685653889,1.8
2026-09-01T09:25:00,717460,34.522336777783906,24.83415685653889,0.0
2026-09-01T09:25:00,717461,34.77571195186667,24.83415685653889,0.0
2026-09-01T09:25:00,717462,28.81875253992243,24.83415685653889,1.8
2026-09-01T09:25:00,717463,33.939477662902604,24.83415685653889,0.0
2026-09-01T09:30:00,717447,47.37087564286282,24.774740127813086,1.8
2026-09-01T09:30:00,717512,47.00584905044528,24.774740127813086,1.8
2026-09-01T09:30:00,717446,38.17045904445869,24.774740127813086,0.0
2026-09-01T09:30:00,717445,39.50496430186696,24.774740127813086,0.0
2026-09-01T09:30:00,717458,43.081563163360855,24.774740127813086,0.0
2026-09-01T09:30:00,717459,38.811660221247195,24.774740127813086,0.0
2026-09-01T09:30:00,717460,40.09939272819328,24.774740127813086,0.0
2026-09-01T09:30:00,717461,33.27536345300519,24.774740127813086,0.0
2026-09-01T09:30:00,717462,39.875114425081556,24.774740127813086,1.8
2026-09-01T09:30:00,717463,30.666677440208275,24.774740127813086,0.0
2026-09-01T09:35:00,717447,37.64998805196749,24.71411912835389,0.0
2026-09-01T09:35:00,717512,46.06007315369104,24.71411912835389,0.0
2026-09-01T09:35:00,717446,44.937502765253846,24.71411912835389,0.0
2026-09-01T09:35:00,717445,41.633615962533824,24.71411912835389,0.0
2026-09-01T09:35:00,717458,43.33759782749863,24.71411912835389,0.0
2026-09-01T09:35:00,717459,42.224934996929846,24.71411912835389,0.0
2026-09-01T09:35:00,717460,40.68577242096626,24.71411912835389,0.0
2026-09-01T09:35:00,717461,36.78163364230747,24.71411912835389,0.0
2026-09-01T09:35:00,717462,35.02438512616279,24.71411912835389,0.0
2026-09-01T09:35:00,717463,34.68067720509065,24.71411912835389,1.8
2026-09-01T09:40:00,717447,45.562942955057785,24.652320168407343,1.8
2026-09-01T09:40:00,717512,50.1932947541778,24.652320168407343,0.0
2026-09-01T09:40:00,717446,44.64651860266564,24.652320168407343,0.0
2026-09-01T09:40:00,717445,44.89577480378132,24.652320168407343,1.8
2026-09-01T09:40:00,717458,45.7054975462073,24.652320168407343,0.0
2026-09-01T09:40:00,717459,39.428812105071685,24.652320168407343,1.8
2026-09-01T09:40:00,717460,36.792589981784744,24.652320168407343,0.0
2026-09-01T09:40:00,717461,37.172429173039895,24.652320168407343,0.0
2026-09-01T09:40:00,717462,39.217886739210165,24.652320168407343,0.0
2026-09-01T09:40:00,717463,37.81097248630702,24.652320168407343,0.0
2026-09-01T09:45:00,717447,50.51499770656048,24.58937006946858,1.8
2026-09-01T09:45:00,717512,47.83393789797632,24.58937006946858,0.0
2026-09-01T09:45:00,717446,39.627151681944525,24.58937006946858,0.0
2026-09-01T09:45:00,717445,45.34076567021489,24.58937006946858,0.0
2026-09-01T09:45:00,717458,47.43979561054732,24.58937006946858,0.0
2026-09-01T09:45:00,717459,47.05199532219246,24.58937006946858,0.0
2026-09-01T09:45:00,717460,42.40957592965812,24.58937006946858,0.0
2026-09-01T09:45:00,717461,41.5355502789906,24.58937006946858,1.8
2026-09-01T09:45:00,717462,41.590916606087234,24.58937006946858,1.8
2026-09-01T09:45:00,717463,42.155256468280264,24.58937006946858,0.0
2026-09-01T09:50:00,717447,50.63696057302282,24.525296152640944,0.0
2026-09-01T09:50:00,717512,51.23899694324037,24.525296152640944,0.0
2026-09-01T09:50:00,717446,46.58376614797828,24.525296152640944,0.0
2026-09-01T09:50:00,717445,43.373239418710554,24.525296152640944,1.8
2026-09-01T09:50:00,717458,44.47563146938399,24.525296152640944,0.0
2026-09-01T09:50:00,717459,48.99277929986526,24.525296152640944,0.0
2026-09-01T09:50:00,717460,45.301998128583236,24.525296152640944,0.0
2026-09-01T09:50:00,717461,38.81887734311072,24.525296152640944,0.0
2026-09-01T09:50:00,717462,43.04681854817667,24.525296152640944,0.0
2026-09-01T09:50:00,717463,36.619804997332565,24.525296152640944,0.0
2026-09-01T09:55:00,717447,53.02281355918765,24.460126226778343,0.0
2026-09-01T09:55:00,717512,47.987430317822565,24.460126226778343,0.0
2026-09-01T09:55:00,717446,45.925349302293114,24.460126226778343,0.0
2026-09-01T09:55:00,717445,53.221603840662986,24.460126226778343,0.0
2026-09-01T09:55:00,717458,46.10772955364815,24.460126226778343,0.0
2026-09-01T09:55:00,717459,47.703147274142125,24.460126226778343,1.8
2026-09-01T09:55:00,717460,44.81634250708227,24.460126226778343,0.0
2026-09-01T09:55:00,717461,40.487022613550685,24.460126226778343,0.0
2026-09-01T09:55:00,717462,41.607785234875045,24.460126226778343,0.0
2026-09-01T09:55:00,717463,38.11053685706956,24.460126226778343,0.0
2026-09-01T10:00:00,717447,60.34568350699783,24.393888576415826,1.8
2026-09-01T10:00:00,717512,54.26165010585316,24.393888576415826,0.0
2026-09-01T10:00:00,717446,50.775234920595224,24.393888576415826,0.0
2026-09-01T10:00:00,717445,51.14919458768471,24.393888576415826,0.0
2026-09-01T10:00:00,717458,50.45398118848282,24.393888576415826,0.0
2026-09-01T10:00:00,717459,49.26239441928289,24.393888576415826,0.0
2026-09-01T10:00:00,717460,47.92642095005955,24.393888576415826,1.8
2026-09-01T10:00:00,717461,46.48327964338322,24.393888576415826,0.0
2026-09-01T10:00:00,717462,43.81340612794504,24.393888576415826,0.0
2026-09-01T10:00:00,717463,46.95489769664465,24.393888576415826,0.0
2026-09-01T10:05:00,717447,54.76365727981925,24.326611949493778,0.0
2026-09-01T10:05:00,717512,53.22203786167775,24.326611949493778,1.8
2026-09-01T10:05:00,717446,52.38939974922092,24.326611949493778,0.0
2026-09-01T10:05:00,717445,51.4012343498352,24.326611949493778,0.0
2026-09-01T10:05:00,717458,44.66666282068015,24.326611949493778,1.8
2026-09-01T10:05:00,717459,45.78388368176896,24.326611949493778,0.0
2026-09-01T10:05:00,717460,46.759610475662555,24.326611949493778,0.0
2026-09-01T10:05:00,717461,40.939808322647195,24.326611949493778,0.0
2026-09-01T10:05:00,717462,44.73203422099758,24.326611949493778,0.0
2026-09-01T10:05:00,717463,44.161477473265755,24.326611949493778,1.8
2026-09-01T10:10:00,717447,51.590610331372915,24.258325544880964,0.0
2026-09-01T10:10:00,717512,52.32202040277222,24.258325544880964,1.8
2026-09-01T10:10:00,717446,56.816036011901964,24.258325544880964,0.0
2026-09-01T10:10:00,717445,53.444177809066026,24.258325544880964,1.8
2026-09-01T10:10:00,717458,52.06576987238101,24.258325544880964,0.0
2026-09-01T10:10:00,717459,52.79155174245446,24.258325544880964,0.0
2026-09-01T10:10:00,717460,45.738532093259636,24.258325544880964,0.0
2026-09-01T10:10:00,717461,43.19837105014681,24.258325544880964,0.0
2026-09-01T10:10:00,717462,48.73310817665796,24.258325544880964,0.0
2026-09-01T10:10:00,717463,44.34325155596309,24.258325544880964,1.8
2026-09-01T10:15:00,717447,53.902157841322456,24.18905899970186,1.8
2026-09-01T10:15:00,717512,61.47620271129684,24.18905899970186,0.0
2026-09-01T10:15:00,717446,49.184603464858355,24.18905899970186,0.0
2026-09-01T10:15:00,717445,53.3618082828997,24.18905899970186,0.0
2026-09-01T10:15:00,717458,51.037469441208046,24.18905899970186,0.0
2026-09-01T10:15:00,717459,49.33525027778125,24.18905899970186,0.0
2026-09-01T10:15:00,717460,42.572000812224005,24.18905899970186,1.8
2026-09-01T10:15:00,717461,52.6078876501015,24.18905899970186,0.0
2026-09-01T10:15:00,717462,42.53571508886209,24.18905899970186,1.8
2026-09-01T10:15:00,717463,44.807629558509284,24.18905899970186,0.0
2026-09-01T10:20:00,717447,56.087244264079466,24.118842376473793,0.0
2026-09-01T10:20:00,717512,57.94063733428761,24.118842376473793,0.0
2026-09-01T10:20:00,717446,50.18060446932421,24.118842376473793,0.0
2026-09-01T10:20:00,717445,55.16149552322128,24.118842376473793,0.0
2026-09-01T10:20:00,717458,53.14409602780664,24.118842376473793,0.0
2026-09-01T10:20:00,717459,49.38903099158562,24.118842376473793,0.0
2026-09-01T10:20:00,717460,51.45263914355456,24.118842376473793,0.0
2026-09-01T10:20:00,717461,49.032420857222704,24.118842376473793,0.0
2026-09-01T10:20:00,717462,53.18802185433568,24.118842376473793,0.0
2026-09-01T10:20:00,717463,46.002266149793556,24.118842376473793,0.0
2026-09-01T10:25:00,717447,55.401631505682616,24.047706150059437,0.0
2026-09-01T10:25:00,717512,58.48815946977777,24.047706150059437,0.0
2026-09-01T10:25:00,717446,54.93176654456718,24.047706150059437,1.8
2026-09-01T10:25:00,717445,54.668814852406705,24.047706150059437,0.0
2026-09-01T10:25:00,717458,49.71971743422749,24.047706150059437,0.0
2026-09-01T10:25:00,717459,54.08448661520274,24.047706150059437,0.0
2026-09-01T10:25:00,717460,49.66081419285814,24.047706150059437,0.0
2026-09-01T10:25:00,717461,50.66857532509279,24.047706150059437,1.8
2026-09-01T10:25:00,717462,54.97010600363618,24.047706150059437,1.8
2026-09-01T10:25:00,717463,46.72986353389866,24.047706150059437,0.0
2026-09-01T10:30:00,717447,61.327100404583085,23.975681194440355,0.0
2026-09-01T10:30:00,717512,57.35085197042896,23.975681194440355,1.8
2026-09-01T10:30:00,717446,54.746405375119,23.975681194440355,0.0
2026-09-01T10:30:00,717445,59.45843658690231,23.975681194440355,0.0
2026-09-01T10:30:00,717458,48.694904636001425,23.975681194440355,0.0
2026-09-01T10:30:00,717459,56.11706555959404,23.975681194440355,0.0
2026-09-01T10:30:00,717460,45.984213036947764,23.975681194440355,0.0
2026-09-01T10:30:00,717461,53.3723165049812,23.975681194440355,0.0
2026-09-01T10:30:00,717462,49.537343693592575,23.975681194440355,0.0
2026-09-01T10:30:00,717463,45.43270623189334,23.975681194440355,1.8
2026-09-01T10:35:00,717447,58.62491155387613,23.902798769317325,0.0
2026-09-01T10:35:00,717512,60.70497586352657,23.902798769317325,0.0
2026-09-01T10:35:00,717446,63.375342246202926,23.902798769317325,0.0
2026-09-01T10:35:00,717445,51.553295657523314,23.902798769317325,0.0
2026-09-01T10:35:00,717458,52.34966834768709,23.902798769317325,0.0
2026-09-01T10:35:00,717459,49.8550796154395,23.902798769317325,0.0
2026-09-01T10:35:00,717460,52.07865932032537,23.902798769317325,0.0
2026-09-01T10:35:00,717461,54.21097082842985,23.902798769317325,0.0
2026-09-01T10:35:00,717462,45.89249342250179,23.902798769317325,0.0
2026-09-01T10:35:00,717463,49.00975364911831,23.902798769317325,0.0
2026-09-01T10:40:00,717447,63.18746710503906,23.82909050654325,0.0
2026-09-01T10:40:00,717512,58.064519553704,23.82909050654325,1.8
2026-09-01T10:40:00,717446,50.31416336486576,23.82909050654325,0.0
2026-09-01T10:40:00,717445,57.52364937513664,23.82909050654325,0.0
2026-09-01T10:40:00,717458,59.434151510213624,23.82909050654325,0.0
2026-09-01T10:40:00,717459,51.31364389580001,23.82909050654325,0.0
2026-09-01T10:40:00,717460,47.99104218272761,23.82909050654325,0.0
2026-09-01T10:40:00,717461,53.085760412504094,23.82909050654325,1.8
2026-09-01T10:40:00,717462,51.96983438536217,23.82909050654325,1.8
2026-09-01T10:40:00,717463,48.265119242406506,23.82909050654325,0.0
2026-09-01T10:45:00,717447,59.11204843141466,23.75458839639453,0.0
2026-09-01T10:45:00,717512,60.04162992136356,23.75458839639453,0.0
2026-09-01T10:45:00,717446,55.477434852311085,23.75458839639453,0.0
2026-09-01T10:45:00,717445,54.28169728224393,23.75458839639453,1.8
2026-09-01T10:45:00,717458,58.37729251776901,23.75458839639453,0.0
2026-09-01T10:45:00,717459,51.69279056342352,23.75458839639453,0.0
2026-09-01T10:45:00,717460,48.7617524825277,23.75458839639453,0.0
2026-09-01T10:45:00,717461,50.70647871189253,23.75458839639453,0.0
2026-09-01T10:45:00,717462,50.14595988197133,23.75458839639453,0.0
2026-09-01T10:45:00,717463,51.725355348655185,23.75458839639453,0.0
2026-09-01T10:50:00,717447,59.893638007076106,23.679324773686947,0.0
2026-09-01T10:50:00,717512,64.75327817624655,23.679324773686947,0.0
2026-09-01T10:50:00,717446,59.542123018846105,23.679324773686947,0.0
2026-09-01T10:50:00,717445,55.66137142622825,23.679324773686947,0.0
2026-09-01T10:50:00,717458,58.14136325381708,23.679324773686947,0.0
2026-09-01T10:50:00,717459,59.890964369990314,23.679324773686947,1.8
2026-09-01T10:50:00,717460,56.437518868759454,23.679324773686947,0.0
2026-09-01T10:50:00,717461,48.77692768587158,23.679324773686947,0.0
2026-09-01T10:50:00,717462,50.93425477529397,23.679324773686947,0.0
2026-09-01T10:50:00,717463,51.63676920990612,23.679324773686947,0.0
2026-09-01T10:55:00,717447,63.9915915980022,23.603332303741904,0.0
2026-09-01T10:55:00,717512,60.421832564432485,23.603332303741904,0.0
2026-09-01T10:55:00,717446,58.809419543922075,23.603332303741904,0.0
2026-09-01T10:55:00,717445,63.957056488330615,23.603332303741904,0.0
2026-09-01T10:55:00,717458,59.36919517675703,23.603332303741904,0.0
2026-09-01T10:55:00,717459,57.436182252437014,23.603332303741904,0.0
2026-09-01T10:55:00,717460,53.29651715875556,23.603332303741904,0.0
2026-09-01T10:55:00,717461,50.47095972167857,23.603332303741904,0.0
2026-09-01T10:55:00,717462,53.889926112454326,23.603332303741904,0.0
2026-09-01T10:55:00,717463,53.70823193113,23.603332303741904,0.0
2026-09-01T11:00:00,717447,62.582203356245735,23.526643968209328,0.0
2026-09-01T11:00:00,717512,63.40521637951041,23.526643968209328,0.0
2026-09-01T11:00:00,717446,62.28560468543021,23.526643968209328,0.0
2026-09-01T11:00:00,717445,61.54629774496231,23.526643968209328,1.8
2026-09-01T11:00:00,717458,53.24537017269044,23.526643968209328,0.0
2026-09-01T11:00:00,717459,55.52790381031304,23.526643968209328,0.0
2026-09-01T11:00:00,717460,56.9009885768765,23.526643968209328,1.8
2026-09-01T11:00:00,717461,54.34831247427575,23.526643968209328,0.0
2026-09-01T11:00:00,717462,55.09547667334048,23.526643968209328,0.0
2026-09-01T11:00:00,717463,53.061910245901046,23.526643968209328,0.0
2026-09-01T11:05:00,717447,56.51318595300176,23.4492930507532,1.8
2026-09-01T11:05:00,717512,65.06467284787658,23.4492930507532,0.0
2026-09-01T11:05:00,717446,59.13670234459028,23.4492930507532,0.0
2026-09-01T11:05:00,717445,56.78488742048613,23.4492930507532,0.0
2026-09-01T11:05:00,717458,61.35302386475536,23.4492930507532,0.0
2026-09-01T11:05:00,717459,58.82423256134558,23.4492930507532,0.0
2026-09-01T11:05:00,717460,59.40904666877469,23.4492930507532,0.0
2026-09-01T11:05:00,717461,55.35696630631706,23.4492930507532,1.8
2026-09-01T11:05:00,717462,52.265383294876884,23.4492930507532,0.0
2026-09-01T11:05:00,717463,52.60338011464225,23.4492930507532,0.0
2026-09-01T11:10:00,717447,60.210467578281815,23.371313122606082,0.0
2026-09-01T11:10:00,717512,58.04057124529742,23.371313122606082,0.0
2026-09-01T11:10:00,717446,59.010791921749664,23.371313122606082,1.8
2026-09-01T11:10:00,717445,64.29976523257753,23.371313122606082,0.0
2026-09-01T11:10:00,717458,56.89117771367114,23.371313122606082,0.0
2026-09-01T11:10:00,717459,52.17650823004919,23.371313122606082,0.0
2026-09-01T11:10:00,717460,55.63088756901803,23.371313122606082,0.0
2026-09-01T11:10:00,717461,53.253720213356225,23.371313122606082,0.0
2026-09-01T11:10:00,717462,57.050778550535405,23.371313122606082,0.0
2026-09-01T11:10:00,717463,56.844079792506804,23.371313122606082,0.0
2026-09-01T11:15:00,717447,62.33922349298678,23.292738027998748,0.0
2026-09-01T11:15:00,717512,63.16046049610527,23.292738027998748,0.0
2026-09-01T11:15:00,717446,62.21098262100627,23.292738027998748,1.8
2026-09-01T11:15:00,717445,59.83366192164526,23.292738027998748,0.0
2026-09-01T11:15:00,717458,58.088416833739316,23.292738027998748,0.0
2026-09-01T11:15:00,717459,54.8069195435517,23.292738027998748,0.0
2026-09-01T11:15:00,717460,50.841055389642335,23.292738027998748,0.0
2026-09-01T11:15:00,717461,52.39108639577938,23.292738027998748,0.0
2026-09-01T11:15:00,717462,53.72930506698553,23.292738027998748,0.0
2026-09-01T11:15:00,717463,48.43068331726103,23.292738027998748,0.0
2026-09-01T11:20:00,717447,64.44259049153614,23.213601869471425,0.0
2026-09-01T11:20:00,717512,62.82882151444805,23.213601869471425,1.8
2026-09-01T11:20:00,717446,59.780748249577506,23.213601869471425,0.0
2026-09-01T11:20:00,717445,59.40582317236114,23.213601869471425,0.0
2026-09-01T11:20:00,717458,55.12204479255651,23.213601869471425,1.8
2026-09-01T11:20:00,717459,60.30998575697683,23.213601869471425,0.0
2026-09-01T11:20:00,717460,59.05497816681408,23.213601869471425,0.0
2026-09-01T11:20:00,717461,51.975998637081446,23.213601869471425,0.0
2026-09-01T11:20:00,717462,50.85315408460606,23.213601869471425,0.0
2026-09-01T11:20:00,717463,50.26828004029651,23.213601869471425,0.0
2026-09-01T11:25:00,717447,65.68084001898427,23.133938993072853,0.0
2026-09-01T11:25:00,717512,63.84817884246719,23.133938993072853,0.0
2026-09-01T11:25:00,717446,64.76836431313004,23.133938993072853,0.0
2026-09-01T11:25:00,717445,63.93518117054902,23.133938993072853,1.8
2026-09-01T11:25:00,717458,54.63308868559854,23.133938993072853,0.0
2026-09-01T11:25:00,717459,59.569175461319205,23.133938993072853,0.0
2026-09-01T11:25:00,717460,60.199471272877204,23.133938993072853,0.0
2026-09-01T11:25:00,717461,54.62417950032588,23.133938993072853,0.0
2026-09-01T11:25:00,717462,54.355754740642986,23.133938993072853,1.8
2026-09-01T11:25:00,717463,52.703348419557194,23.133938993072853,0.0
2026-09-01T11:30:00,717447,63.806183613190356,23.053783973453683,0.0
2026-09-01T11:30:00,717512,65.47874291452987,23.053783973453683,0.0
2026-09-01T11:30:00,717446,67.04935311282162,23.053783973453683,0.0
2026-09-01T11:30:00,717445,64.74496363627682,23.053783973453683,0.0
2026-09-01T11:30:00,717458,57.89167708855133,23.053783973453683,0.0
2026-09-01T11:30:00,717459,58.99106304619853,23.053783973453683,0.0
2026-09-01T11:30:00,717460,54.649304403446166,23.053783973453683,0.0
2026-09-01T11:30:00,717461,53.728978243256584,23.053783973453683,0.0
2026-09-01T11:30:00,717462,54.39906653005729,23.053783973453683,0.0
2026-09-01T11:30:00,717463,51.25332143287311,23.053783973453683,0.0
2026-09-01T11:35:00,717447,62.60706006512136,22.97317159886068,0.0
2026-09-01T11:35:00,717512,63.865433290837615,22.97317159886068,0.0
2026-09-01T11:35:00,717446,63.44627512014029,22.97317159886068,0.0
2026-09-01T11:35:00,717445,62.163226601989315,22.97317159886068,0.0
2026-09-01T11:35:00,717458,60.99396664727347,22.97317159886068,0.0
2026-09-01T11:35:00,717459,54.6342325222496,22.97317159886068,0.0
2026-09-01T11:35:00,717460,54.85736147669574,22.97317159886068,0.0
2026-09-01T11:35:00,717461,56.0610332955743,22.97317159886068,0.0
2026-09-01T11:35:00,717462,57.966153932529515,22.97317159886068,0.0
2026-09-01T11:35:00,717463,60.63883727308958,22.97317159886068,0.0
2026-09-01T11:40:00,717447,65.38129616710047,22.892136856038192,0.0
2026-09-01T11:40:00,717512,65.43452789566427,22.892136856038192,0.0
2026-09-01T11:40:00,717446,58.0540229811161,22.892136856038192,0.0
2026-09-01T11:40:00,717445,62.94859624938068,22.892136856038192,0.0
2026-09-01T11:40:00,717458,65.6473864397902,22.892136856038192,0.0
2026-09-01T11:40:00,717459,56.1698706169358,22.892136856038192,1.8
2026-09-01T11:40:00,717460,55.6211689725601,22.892136856038192,0.0
2026-09-01T11:40:00,717461,58.64860404122525,22.892136856038192,1.8
2026-09-01T11:40:00,717462,54.94600564191307,22.892136856038192,1.8
2026-09-01T11:40:00,717463,47.91082091169288,22.892136856038192,0.0
2026-09-01T11:45:00,717447,63.09236204011162,22.81071491504347,0.0
2026-09-01T11:45:00,717512,67.70262651771738,22.81071491504347,0.0
2026-09-01T11:45:00,717446,61.33484171631551,22.81071491504347,1.8
2026-09-01T11:45:00,717445,60.13245000182343,22.81071491504347,0.0
2026-09-01T11:45:00,717458,62.14284619546606,22.81071491504347,0.0
2026-09-01T11:45:00,717459,59.5918843910176,22.81071491504347,0.0
2026-09-01T11:45:00,717460,56.37780535776096,22.81071491504347,0.0
2026-09-01T11:45:00,717461,54.33502030378768,22.81071491504347,0.0
2026-09-01T11:45:00,717462,63.819013783237104,22.81071491504347,0.0
2026-09-01T11:45:00,717463,57.50576924952129,22.81071491504347,0.0
2026-09-01T11:50:00,717447,66.10144005120459,22.728941113982454,0.0
2026-09-01T11:50:00,717512,65.09763625818302,22.728941113982454,0.0
2026-09-01T11:50:00,717446,61.87947908604041,22.728941113982454,0.0
2026-09-01T11:50:00,717445,62.039480438527185,22.728941113982454,0.0
2026-09-01T11:50:00,717458,59.16644297432354,22.728941113982454,0.0
2026-09-01T11:50:00,717459,56.10162256326817,22.728941113982454,0.0
2026-09-01T11:50:00,717460,58.55828686247203,22.728941113982454,0.0
2026-09-01T11:50:00,717461,55.31525280753193,22.728941113982454,0.0
2026-09-01T11:50:00,717462,56.316125337404635,22.728941113982454,0.0
2026-09-01T11:50:00,717463,55.67639364569614,22.728941113982454,0.0
2026-09-01T11:55:00,717447,66.14570699038534,22.64685094367261,0.0
2026-09-01T11:55:00,717512,60.74566737000635,22.64685094367261,0.0
2026-09-01T11:55:00,717446,61.072710319135716,22.64685094367261,0.0
2026-09-01T11:55:00,717445,60.23954101723725,22.64685094367261,1.8
2026-09-01T11:55:00,717458,62.852260917985106,22.64685094367261,0.0
2026-09-01T11:55:00,717459,61.48017409177821,22.64685094367261,0.0
2026-09-01T11:55:00,717460,55.396071195703456,22.64685094367261,1.8
2026-09-01T11:55:00,717461,52.54929602792497,22.64685094367261,0.0
2026-09-01T11:55:00,717462,62.40496021898753,22.64685094367261,0.0
2026-09-01T11:55:00,717463,55.223690236033065,22.64685094367261,1.8
2026-09-01T12:00:00,717447,60.64811317182252,22.56448003223947,0.0
2026-09-01T12:00:00,717512,61.88664366157241,22.56448003223947,0.0
2026-09-01T12:00:00,717446,65.44511556037342,22.56448003223947,0.0
2026-09-01T12:00:00,717445,67.44629399269502,22.56448003223947,0.0
2026-09-01T12:00:00,717458,65.59386120020059,22.56448003223947,0.0
2026-09-01T12:00:00,717459,59.94980820619794,22.56448003223947,0.0
2026-09-01T12:00:00,717460,49.6737224570346,22.56448003223947,0.0
2026-09-01T12:00:00,717461,56.39109219387672,22.56448003223947,0.0
2026-09-01T12:00:00,717462,52.13927781720762,22.56448003223947,0.0
2026-09-01T12:00:00,717463,54.238027158295324,22.56448003223947,1.8
2026-09-01T12:05:00,717447,62.14030142747657,22.48186412965361,0.0
2026-09-01T12:05:00,717512,62.402037877084986,22.48186412965361,0.0
2026-09-01T12:05:00,717446,65.00169374453564,22.48186412965361,0.0
2026-09-01T12:05:00,717445,60.522478684693404,22.48186412965361,0.0
2026-09-01T12:05:00,717458,59.12731045054529,22.48186412965361,0.0
2026-09-01T12:05:00,717459,58.67572654344042,22.48186412965361,1.8
2026-09-01T12:05:00,717460,65.48871966765557,22.48186412965361,0.0
2026-09-01T12:05:00,717461,53.09043931724316,22.48186412965361,0.0
2026-09-01T12:05:00,717462,56.06824960803606,22.48186412965361,0.0
2026-09-01T12:05:00,717463,59.30220184715105,22.48186412965361,0.0
2026-09-01T12:10:00,717447,64.70332906952802,22.399039092214725,0.0
2026-09-01T12:10:00,717512,67.33339767583654,22.399039092214725,0.0
2026-09-01T12:10:00,717446,58.50494944478435,22.399039092214725,0.0
2026-09-01T12:10:00,717445,60.653749116393676,22.399039092214725,0.0
2026-09-01T12:10:00,717458,57.66257533538772,22.399039092214725,0.0
2026-09-01T12:10:00,717459,58.672117304734584,22.399039092214725,0.0
2026-09-01T12:10:00,717460,57.53422088464593,22.399039092214725,1.8
2026-09-01T12:10:00,717461,56.63675923300584,22.399039092214725,0.0
2026-09-01T12:10:00,717462,57.8079836751965,22.399039092214725,0.0
2026-09-01T12:10:00,717463,47.322023026626844,22.399039092214725,1.8
2026-09-01T12:15:00,717447,63.07141456708474,22.31604086698956,0.0
2026-09-01T12:15:00,717512,64.32536652821904,22.31604086698956,0.0
2026-09-01T12:15:00,717446,56.86185733325501,22.31604086698956,0.0
2026-09-01T12:15:00,717445,63.150649789279036,22.31604086698956,0.0
2026-09-01T12:15:00,717458,58.218479282240956,22.31604086698956,0.0
2026-09-01T12:15:00,717459,58.33793937841308,22.31604086698956,0.0
2026-09-01T12:15:00,717460,60.382714042042025,22.31604086698956,0.0
2026-09-01T12:15:00,717461,60.3161405752168,22.31604086698956,1.8
2026-09-01T12:15:00,717462,57.24608142539915,22.31604086698956,0.0
2026-09-01T12:15:00,717463,50.67845844010618,22.31604086698956,1.8
2026-09-01T12:20:00,717447,66.71045706567499,22.232905476210455,0.0
2026-09-01T12:20:00,717512,65.7190953631435,22.232905476210455,1.8
2026-09-01T12:20:00,717446,63.88591511083498,22.232905476210455,0.0
2026-09-01T12:20:00,717445,65.68154086342956,22.232905476210455,0.0
2026-09-01T12:20:00,717458,60.36555378077733,22.232905476210455,1.8
2026-09-01T12:20:00,717459,63.14545133259976,22.232905476210455,0.0
2026-09-01T12:20:00,717460,61.92418380736483,22.232905476210455,0.0
2026-09-01T12:20:00,717461,58.607783714606335,22.232905476210455,0.0
2026-09-01T12:20:00,717462,56.20380053241154,22.232905476210455,0.0
2026-09-01T12:20:00,717463,55.50362828279201,22.232905476210455,0.0
2026-09-01T12:25:00,717447,70.0312817303197,22.149669001641254,0.0
2026-09-01T12:25:00,717512,66.94603906329522,22.149669001641254,0.0
2026-09-01T12:25:00,717446,59.433837896007944,22.149669001641254,0.0
2026-09-01T12:25:00,717445,62.525190756430995,22.149669001641254,0.0
2026-09-01T12:25:00,717458,57.58850782073331,22.149669001641254,0.0
2026-09-01T12:25:00,717459,56.97514294081138,22.149669001641254,0.0
2026-09-01T12:25:00,717460,56.61988531082048,22.149669001641254,0.0
2026-09-01T12:25:00,717461,52.314708549054636,22.149669001641254,0.0
2026-09-01T12:25:00,717462,52.6081410661498,22.149669001641254,0.0
2026-09-01T12:25:00,717463,58.68926137751588,22.149669001641254,0.0
2026-09-01T12:30:00,717447,62.970864981017975,22.066367568917393,0.0
2026-09-01T12:30:00,717512,66.30794432377424,22.066367568917393,0.0
2026-09-01T12:30:00,717446,63.059886661954984,22.066367568917393,0.0
2026-09-01T12:30:00,717445,63.004122302528735,22.066367568917393,0.0
2026-09-01T12:30:00,717458,61.93605329733455,22.066367568917393,0.0
2026-09-01T12:30:00,717459,56.09932462990179,22.066367568917393,0.0
2026-09-01T12:30:00,717460,60.28889128057439,22.066367568917393,0.0
2026-09-01T12:30:00,717461,52.84679869826886,22.066367568917393,0.0
2026-09-01T12:30:00,717462,53.25405318728566,22.066367568917393,1.8
2026-09-01T12:30:00,717463,55.89044834382857,22.066367568917393,0.0
2026-09-01T12:35:00,717447,61.92795410746591,21.98303733186692,1.8
2026-09-01T12:35:00,717512,57.865741084676785,21.98303733186692,0.0
2026-09-01T12:35:00,717446,63.602568301593614,21.98303733186692,1.8
2026-09-01T12:35:00,717445,56.65920984560836,21.98303733186692,0.0
2026-09-01T12:35:00,717458,62.191046486009114,21.98303733186692,0.0
2026-09-01T12:35:00,717459,58.047481661224936,21.98303733186692,0.0
2026-09-01T12:35:00,717460,58.75879224694688,21.98303733186692,0.0
2026-09-01T12:35:00,717461,57.50208603124286,21.98303733186692,0.0
2026-09-01T12:35:00,717462,57.623984199655474,21.98303733186692,0.0
2026-09-01T12:35:00,717463,55.99102454173534,21.98303733186692,0.0
2026-09-01T12:40:00,717447,61.90961320699728,21.899714456819325,1.8
2026-09-01T12:40:00,717512,63.02742117170416,21.899714456819325,0.0
2026-09-01T12:40:00,717446,63.56124249243238,21.899714456819325,0.0
2026-09-01T12:40:00,717445,65.65376293822032,21.899714456819325,0.0
2026-09-01T12:40:00,717458,62.025872563644924,21.899714456819325,0.0
2026-09-01T12:40:00,717459,62.946462551333,21.899714456819325,1.8
2026-09-01T12:40:00,717460,58.92008815479437,21.899714456819325,0.0
2026-09-01T12:40:00,717461,59.83260386828467,21.899714456819325,0.0
2026-09-01T12:40:00,717462,56.10758837965195,21.899714456819325,0.0
2026-09-01T12:40:00,717463,57.29492801498104,21.899714456819325,0.0
2026-09-01T12:45:00,717447,63.90861466251623,21.81643510690888,0.0
2026-09-01T12:45:00,717512,68.45309744615375,21.81643510690888,0.0
2026-09-01T12:45:00,717446,64.06244974087853,21.81643510690888,0.0
2026-09-01T12:45:00,717445,57.164938845251605,21.81643510690888,0.0
2026-09-01T12:45:00,717458,61.26580524863169,21.81643510690888,0.0
2026-09-01T12:45:00,717459,52.662777846702554,21.81643510690888,0.0
2026-09-01T12:45:00,717460,59.63938142015053,21.81643510690888,0.0
2026-09-01T12:45:00,717461,59.2185518186244,21.81643510690888,1.8
2026-09-01T12:45:00,717462,61.22532967090829,21.81643510690888,0.0
2026-09-01T12:45:00,717463,52.64561725687162,21.81643510690888,0.0
2026-09-01T12:50:00,717447,70.8511814615571,21.73323542637944,0.0
2026-09-01T12:50:00,717512,63.77450690550826,21.73323542637944,0.0
2026-09-01T12:50:00,717446,60.33596719234958,21.73323542637944,0.0
2026-09-01T12:50:00,717445,59.90750238386112,21.73323542637944,0.0
2026-09-01T12:50:00,717458,61.852062470487795,21.73323542637944,0.0
2026-09-01T12:50:00,717459,56.323976829458566,21.73323542637944,0.0
2026-09-01T12:50:00,717460,56.758006546450375,21.73323542637944,1.8
2026-09-01T12:50:00,717461,57.59043339343359,21.73323542637944,0.0
2026-09-01T12:50:00,717462,60.02590115210905,21.73323542637944,0.0
2026-09-01T12:50:00,717463,56.725347819621405,21.73323542637944,0.0
2026-09-01T12:55:00,717447,65.09198162567768,21.65015152489738,0.0
2026-09-01T12:55:00,717512,65.43585616330279,21.65015152489738,0.0
2026-09-01T12:55:00,717446,63.28540342449762,21.65015152489738,0.0
2026-09-01T12:55:00,717445,57.90839536888875,21.65015152489738,0.0
2026-09-01T12:55:00,717458,65.42786471469374,21.65015152489738,0.0
2026-09-01T12:55:00,717459,63.680496795391846,21.65015152489738,1.8
2026-09-01T12:55:00,717460,57.53959492292209,21.65015152489738,1.8
2026-09-01T12:55:00,717461,55.20645919126841,21.65015152489738,0.0
2026-09-01T12:55:00,717462,51.96959161493469,21.65015152489738,0.0
2026-09-01T12:55:00,717463,56.02957129144808,21.65015152489738,0.0
2026-09-01T13:00:00,717447,66.84546200396848,21.567219461879567,0.0
2026-09-01T13:00:00,717512,61.34392597232307,21.567219461879567,0.0
2026-09-01T13:00:00,717446,63.31636896541699,21.567219461879567,0.0
2026-09-01T13:00:00,717445,63.81790528914042,21.567219461879567,0.0
2026-09-01T13:00:00,717458,58.60758431964034,21.567219461879567,0.0
2026-09-01T13:00:00,717459,58.367473501018765,21.567219461879567,0.0
2026-09-01T13:00:00,717460,57.13929495866202,21.567219461879567,1.8
2026-09-01T13:00:00,717461,54.317138211682334,21.567219461879567,0.0
2026-09-01T13:00:00,717462,54.82655076195571,21.567219461879567,0.0
2026-09-01T13:00:00,717463,49.511018354711815,21.567219461879567,1.8
2026-09-01T13:05:00,717447,64.18102769963913,21.484475230843138,0.0
2026-09-01T13:05:00,717512,63.025074619512935,21.484475230843138,0.0
2026-09-01T13:05:00,717446,62.36427435754488,21.484475230843138,0.0
2026-09-01T13:05:00,717445,62.78789151138346,21.484475230843138,0.0
2026-09-01T13:05:00,717458,56.53996439095784,21.484475230843138,0.0
2026-09-01T13:05:00,717459,55.82343372039596,21.484475230843138,1.8
2026-09-01T13:05:00,717460,55.4395787585329,21.484475230843138,0.0
2026-09-01T13:05:00,717461,52.66121696437559,21.484475230843138,1.8
2026-09-01T13:05:00,717462,57.13465535463197,21.484475230843138,1.8
2026-09-01T13:05:00,717463,52.47729779780031,21.484475230843138,0.0
2026-09-01T13:10:00,717447,64.84491832940579,21.40195474378389,0.0
2026-09-01T13:10:00,717512,61.19394993795767,21.40195474378389,0.0
2026-09-01T13:10:00,717446,61.46034682317273,21.40195474378389,0.0
2026-09-01T13:10:00,717445,62.242557858105336,21.40195474378389,0.0
2026-09-01T13:10:00,717458,61.18863591423384,21.40195474378389,0.0
2026-09-01T13:10:00,717459,55.927072050004085,21.40195474378389,0.0
2026-09-01T13:10:00,717460,57.49743659263983,21.40195474378389,0.0
2026-09-01T13:10:00,717461,54.04006766952784,21.40195474378389,0.0
2026-09-01T13:10:00,717462,54.98893809314438,21.40195474378389,0.0
2026-09-01T13:10:00,717463,52.23256231631691,21.40195474378389,0.0
2026-09-01T13:15:00,717447,70.4231418812589,21.31969381559002,0.0
2026-09-01T13:15:00,717512,66.16792603717609,21.31969381559002,0.0
2026-09-01T13:15:00,717446,63.706862645470046,21.31969381559002,0.0
2026-09-01T13:15:00,717445,55.542453012784456,21.31969381559002,0.0
2026-09-01T13:15:00,717458,59.28882056836902,21.31969381559002,0.0
2026-09-01T13:15:00,717459,61.46094466437425,21.31969381559002,0.0
2026-09-01T13:15:00,717460,57.56825739908888,21.31969381559002,0.0
2026-09-01T13:15:00,717461,61.637787299587764,21.31969381559002,0.0
2026-09-01T13:15:00,717462,58.179818581995555,21.31969381559002,0.0
2026-09-01T13:15:00,717463,53.02594968971714,21.31969381559002,0.0
2026-09-01T13:20:00,717447,69.59639699900724,21.237728148498057,1.8
2026-09-01T13:20:00,717512,62.885751447994735,21.237728148498057,0.0
2026-09-01T13:20:00,717446,68.22014046220167,21.237728148498057,0.0
2026-09-01T13:20:00,717445,66.18560743956884,21.237728148498057,0.0
2026-09-01T13:20:00,717458,60.994604159723934,21.237728148498057,0.0
2026-09-01T13:20:00,717459,54.35780304522027,21.237728148498057,0.0
2026-09-01T13:20:00,717460,58.35805738477053,21.237728148498057,0.0
2026-09-01T13:20:00,717461,53.21582311058412,21.237728148498057,0.0
2026-09-01T13:20:00,717462,53.48410491145519,21.237728148498057,0.0
2026-09-01T13:20:00,717463,52.490362584035715,21.237728148498057,0.0
2026-09-01T13:25:00,717447,61.57074674927997,21.156093316597634,0.0
2026-09-01T13:25:00,717512,64.34695940950913,21.156093316597634,0.0
2026-09-01T13:25:00,717446,60.331578456224726,21.156093316597634,0.0
2026-09-01T13:25:00,717445,60.593761252926775,21.156093316597634,0.0
2026-09-01T13:25:00,717458,58.49169224464474,21.156093316597634,0.0
2026-09-01T13:25:00,717459,60.336965082031654,21.156093316597634,0.0
2026-09-01T13:25:00,717460,58.91115705157283,21.156093316597634,0.0
2026-09-01T13:25:00,717461,55.56190971505088,21.156093316597634,0.0
2026-09-01T13:25:00,717462,56.88978713750526,21.156093316597634,0.0
2026-09-01T13:25:00,717463,57.772276635934716,21.156093316597634,0.0
2026-09-01T13:30:00,717447,58.596373458928674,21.07482475039191,1.8
2026-09-01T13:30:00,717512,61.90360132276328,21.07482475039191,0.0
2026-09-01T13:30:00,717446,59.647935390366094,21.07482475039191,0.0
2026-09-01T13:30:00,717445,59.25411584532822,21.07482475039191,0.0
2026-09-01T13:30:00,717458,53.34276081475997,21.07482475039191,0.0
2026-09-01T13:30:00,717459,52.49535405682968,21.07482475039191,0.0
2026-09-01T13:30:00,717460,49.414939986559176,21.07482475039191,0.0
2026-09-01T13:30:00,717461,54.958263986279995,21.07482475039191,0.0
2026-09-01T13:30:00,717462,53.678710945182615,21.07482475039191,0.0
2026-09-01T13:30:00,717463,58.22246784936023,21.07482475039191,0.0
2026-09-01T13:35:00,717447,65.24687094877761,20.993957721420326,0.0
2026-09-01T13:35:00,717512,57.231400089093626,20.993957721420326,0.0
2026-09-01T13:35:00,717446,63.94790544753899,20.993957721420326,1.8
2026-09-01T13:35:00,717445,73.00181264782421,20.993957721420326,1.8
2026-09-01T13:35:00,717458,53.770760710019466,20.993957721420326,0.0
2026-09-01T13:35:00,717459,63.99718947779856,20.993957721420326,0.0
2026-09-01T13:35:00,717460,57.486562792611494,20.993957721420326,0.0
2026-09-01T13:35:00,717461,55.1503905283211,20.993957721420326,1.8
2026-09-01T13:35:00,717462,53.51360074379895,20.993957721420326,0.0
2026-09-01T13:35:00,717463,55.01162573523426,20.993957721420326,0.0
2026-09-01T13:40:00,717447,63.53252624254673,20.913527326950295,0.0
2026-09-01T13:40:00,717512,60.19090144008141,20.913527326950295,0.0
2026-09-01T13:40:00,717446,60.77510419615382,20.913527326950295,0.0
2026-09-01T13:40:00,717445,62.25647031183134,20.913527326950295,0.0
2026-09-01T13:40:00,717458,62.0376326735731,20.913527326950295,0.0
2026-09-01T13:40:00,717459,64.32693595709172,20.913527326950295,0.0
2026-09-01T13:40:00,717460,57.87531207581932,20.913527326950295,0.0
2026-09-01T13:40:00,717461,60.26872480279153,20.913527326950295,0.0
2026-09-01T13:40:00,717462,54.59701756885244,20.913527326950295,0.0
2026-09-01T13:40:00,717463,53.788544925877005,20.913527326950295,0.0
2026-09-01T13:45:00,717447,64.38145322068895,20.833568474744588,0.0
2026-09-01T13:45:00,717512,64.1742798995664,20.833568474744588,0.0
2026-09-01T13:45:00,717446,64.93760412754551,20.833568474744588,0.0
2026-09-01T13:45:00,717445,59.763521771983214,20.833568474744588,0.0
2026-09-01T13:45:00,717458,57.262417865369855,20.833568474744588,0.0
2026-09-01T13:45:00,717459,61.59604202476808,20.833568474744588,0.0
2026-09-01T13:45:00,717460,60.15828072764421,20.833568474744588,0.0
2026-09-01T13:45:00,717461,60.74815237730777,20.833568474744588,0.0
2026-09-01T13:45:00,717462,53.31819847214714,20.833568474744588,0.0
2026-09-01T13:45:00,717463,53.24149438397379,20.833568474744588,0.0
2026-09-01T13:50:00,717447,67.65836512147001,20.75411586791094,0.0
2026-09-01T13:50:00,717512,62.06916745204708,20.75411586791094,0.0
2026-09-01T13:50:00,717446,64.19009297533414,20.75411586791094,1.8
2026-09-01T13:50:00,717445,60.49714427173824,20.75411586791094,1.8
2026-09-01T13:50:00,717458,60.84082467439636,20.75411586791094,0.0
2026-09-01T13:50:00,717459,55.225579420284674,20.75411586791094,0.0
2026-09-01T13:50:00,717460,57.72428193863338,20.75411586791094,0.0
2026-09-01T13:50:00,717461,47.295245677029506,20.75411586791094,0.0
2026-09-01T13:50:00,717462,58.68663713937212,20.75411586791094,0.0
2026-09-01T13:50:00,717463,56.20087564802522,20.75411586791094,0.0
2026-09-01T13:55:00,717447,61.74815607015347,20.675203989840483,0.0
2026-09-01T13:55:00,717512,68.63699522637465,20.675203989840483,0.0
2026-09-01T13:55:00,717446,65.60176607417681,20.675203989840483,0.0
2026-09-01T13:55:00,717445,57.67602509539308,20.675203989840483,0.0
2026-09-01T13:55:00,717458,58.207972508435944,20.675203989840483,0.0
2026-09-01T13:55:00,717459,55.42523270434722,20.675203989840483,0.0
2026-09-01T13:55:00,717460,58.452420537698615,20.675203989840483,0.0
2026-09-01T13:55:00,717461,54.48385153338695,20.675203989840483,0.0
2026-09-01T13:55:00,717462,49.25814070636865,20.675203989840483,0.0
2026-09-01T13:55:00,717463,53.58900349437158,20.675203989840483,0.0
2026-09-01T14:00:00,717447,67.24102791390838,20.59686708924152,0.0
2026-09-01T14:00:00,717512,63.624201121198666,20.59686708924152,0.0
2026-09-01T14:00:00,717446,63.73737788339451,20.59686708924152,0.0
2026-09-01T14:00:00,717445,61.506371048540366,20.59686708924152,0.0
2026-09-01T14:00:00,717458,61.90441605572363,20.59686708924152,0.0
2026-09-01T14:00:00,717459,59.3731107358593,20.59686708924152,0.0
2026-09-01T14:00:00,717460,56.938812946597054,20.59686708924152,0.0
2026-09-01T14:00:00,717461,56.387056870214174,20.59686708924152,0.0
2026-09-01T14:00:00,717462,59.45612191314495,20.59686708924152,1.8
2026-09-01T14:00:00,717463,55.51329470856167,20.59686708924152,0.0
2026-09-01T14:05:00,717447,61.54682527510537,20.5191391652752,0.0
2026-09-01T14:05:00,717512,63.43502221072866,20.5191391652752,0.0
2026-09-01T14:05:00,717446,63.00510990690676,20.5191391652752,0.0
2026-09-01T14:05:00,717445,60.33680350869783,20.5191391652752,0.0
2026-09-01T14:05:00,717458,53.879157981539905,20.5191391652752,1.8
2026-09-01T14:05:00,717459,55.821425622833566,20.5191391652752,1.8
2026-09-01T14:05:00,717460,55.961764054907135,20.5191391652752,0.0
2026-09-01T14:05:00,717461,61.665643627192644,20.5191391652752,0.0
2026-09-01T14:05:00,717462,56.26068952342498,20.5191391652752,0.0
2026-09-01T14:05:00,717463,48.96066868835698,20.5191391652752,0.0
2026-09-01T14:10:00,717447,63.99852447052988,20.442053952799448,0.0
2026-09-01T14:10:00,717512,67.05682297937396,20.442053952799448,0.0
2026-09-01T14:10:00,717446,60.12863505770938,20.442053952799448,0.0
2026-09-01T14:10:00,717445,63.79456958980534,20.442053952799448,1.8
2026-09-01T14:10:00,717458,54.92139481031687,20.442053952799448,0.0
2026-09-01T14:10:00,717459,49.78296624241568,20.442053952799448,0.0
2026-09-01T14:10:00,717460,60.680218285963875,20.442053952799448,0.0
2026-09-01T14:10:00,717461,54.4899489504912,20.442053952799448,0.0
2026-09-01T14:10:00,717462,49.07020793766113,20.442053952799448,0.0
2026-09-01T14:10:00,717463,52.31387071119837,20.442053952799448,1.8
2026-09-01T14:15:00,717447,64.7061565832023,20.365644907727642,0.0
2026-09-01T14:15:00,717512,64.28254107728223,20.365644907727642,1.8
2026-09-01T14:15:00,717446,54.269902853188164,20.365644907727642,0.0
2026-09-01T14:15:00,717445,58.560139676425585,20.365644907727642,0.0
2026-09-01T14:15:00,717458,59.51183757819592,20.365644907727642,0.0
2026-09-01T14:15:00,717459,59.47550241583522,20.365644907727642,1.8
2026-09-01T14:15:00,717460,54.04668721757329,20.365644907727642,0.0
2026-09-01T14:15:00,717461,55.11505107433899,20.365644907727642,0.0
2026-09-01T14:15:00,717462,52.775291104735324,20.365644907727642,0.0
2026-09-01T14:15:00,717463,54.007534126299504,20.365644907727642,0.0
2026-09-01T14:20:00,717447,67.44333912005453,20.28994519250834,0.0
2026-09-01T14:20:00,717512,61.75735270914361,20.28994519250834,0.0
2026-09-01T14:20:00,717446,57.45109583349544,20.28994519250834,1.8
2026-09-01T14:20:00,717445,58.23779391790419,20.28994519250834,0.0
2026-09-01T14:20:00,717458,64.37092665269726,20.28994519250834,0.0
2026-09-01T14:20:00,717459,55.39580064370645,20.28994519250834,1.8
2026-09-01T14:20:00,717460,53.15966834695857,20.28994519250834,0.0
2026-09-01T14:20:00,717461,54.37907478991804,20.28994519250834,0.0
2026-09-01T14:20:00,717462,54.08595634848699,20.28994519250834,0.0
2026-09-01T14:20:00,717463,51.578120587841724,20.28994519250834,0.0
2026-09-01T14:25:00,717447,59.226707584365656,20.214987661732376,0.0
2026-09-01T14:25:00,717512,63.534898145925666,20.214987661732376,0.0
2026-09-01T14:25:00,717446,62.04591086365061,20.214987661732376,0.0
2026-09-01T14:25:00,717445,62.248286777258535,20.214987661732376,0.0
2026-09-01T14:25:00,717458,59.57710490117637,20.214987661732376,0.0
2026-09-01T14:25:00,717459,62.665689209175284,20.214987661732376,0.0
2026-09-01T14:25:00,717460,58.89558499401231,20.214987661732376,1.8
2026-09-01T14:25:00,717461,57.02923876946503,20.214987661732376,0.0
2026-09-01T14:25:00,717462,57.77171348732957,20.214987661732376,0.0
2026-09-01T14:25:00,717463,53.391198121452106,20.214987661732376,0.0
2026-09-01T14:30:00,717447,62.98617468999343,20.140804847873564,0.0
2026-09-01T14:30:00,717512,63.27370889606834,20.140804847873564,0.0
2026-09-01T14:30:00,717446,55.290406354455804,20.140804847873564,0.0
2026-09-01T14:30:00,717445,60.37447575608716,20.140804847873564,0.0
2026-09-01T14:30:00,717458,58.46033580324567,20.140804847873564,0.0
2026-09-01T14:30:00,717459,58.802541862644034,20.140804847873564,0.0
2026-09-01T14:30:00,717460,59.46888593874823,20.140804847873564,0.0
2026-09-01T14:30:00,717461,56.894344855607336,20.140804847873564,0.0
2026-09-01T14:30:00,717462,51.82303424260963,20.140804847873564,0.0
2026-09-01T14:30:00,717463,55.31037892363382,20.140804847873564,1.8
2026-09-01T14:35:00,717447,68.23202774867315,20.067428947169226,0.0
2026-09-01T14:35:00,717512,65.29541674563893,20.067428947169226,1.8
2026-09-01T14:35:00,717446,57.00416043442544,20.067428947169226,0.0
2026-09-01T14:35:00,717445,61.4007559992284,20.067428947169226,0.0
2026-09-01T14:35:00,717458,54.998233533964296,20.067428947169226,0.0
2026-09-01T14:35:00,717459,56.43416837547008,20.067428947169226,0.0
2026-09-01T14:35:00,717460,57.250521253757924,20.067428947169226,1.8
2026-09-01T14:35:00,717461,55.63800589252292,20.067428947169226,0.0
2026-09-01T14:35:00,717462,56.829706444951064,20.067428947169226,0.0
2026-09-01T14:35:00,717463,57.44980640496627,20.067428947169226,0.0
2026-09-01T14:40:00,717447,64.45995638380313,19.99489180564662,0.0
2026-09-01T14:40:00,717512,60.712245248326184,19.99489180564662,0.0
2026-09-01T14:40:00,717446,54.858265125045264,19.99489180564662,1.8
2026-09-01T14:40:00,717445,63.341240362125156,19.99489180564662,0.0
2026-09-01T14:40:00,717458,57.9186309249028,19.99489180564662,0.0
2026-09-01T14:40:00,717459,56.8736214526287,19.99489180564662,0.0
2026-09-01T14:40:00,717460,55.910310284378994,19.99489180564662,0.0
2026-09-01T14:40:00,717461,55.915339778909264,19.99489180564662,0.0
2026-09-01T14:40:00,717462,54.80674908467282,19.99489180564662,0.0
2026-09-01T14:40:00,717463,51.38341011487076,19.99489180564662,0.0
2026-09-01T14:45:00,717447,62.35122919849784,19.923224905301396,0.0
2026-09-01T14:45:00,717512,59.640050131869764,19.923224905301396,0.0
2026-09-01T14:45:00,717446,58.125634414755574,19.923224905301396,0.0
2026-09-01T14:45:00,717445,56.91199050669351,19.923224905301396,0.0
2026-09-01T14:45:00,717458,57.51651599354966,19.923224905301396,0.0
2026-09-01T14:45:00,717459,53.958585417276026,19.923224905301396,0.0
2026-09-01T14:45:00,717460,46.72754744125672,19.923224905301396,0.0
2026-09-01T14:45:00,717461,53.12404592935623,19.923224905301396,0.0
2026-09-01T14:45:00,717462,49.33623218455393,19.923224905301396,0.0
2026-09-01T14:45:00,717463,52.176737514720564,19.923224905301396,0.0
2026-09-01T14:50:00,717447,60.447187963510714,19.85245935043401,1.8
2026-09-01T14:50:00,717512,62.43441071367004,19.85245935043401,0.0
2026-09-01T14:50:00,717446,56.40361012345898,19.85245935043401,0.0
2026-09-01T14:50:00,717445,53.41121170790277,19.85245935043401,1.8
2026-09-01T14:50:00,717458,57.176827118113266,19.85245935043401,0.0
2026-09-01T14:50:00,717459,55.01879734431586,19.85245935043401,0.0
2026-09-01T14:50:00,717460,51.11530236831818,19.85245935043401,0.0
2026-09-01T14:50:00,717461,56.19478186968836,19.85245935043401,0.0
2026-09-01T14:50:00,717462,49.66004707137776,19.85245935043401,0.0
2026-09-01T14:50:00,717463,49.20939241609883,19.85245935043401,0.0
2026-09-01T14:55:00,717447,64.76349957016484,19.782625854150105,0.0
2026-09-01T14:55:00,717512,62.184446460062766,19.782625854150105,0.0
2026-09-01T14:55:00,717446,56.126552709139794,19.782625854150105,0.0
2026-09-01T14:55:00,717445,57.245194521748225,19.782625854150105,0.0
2026-09-01T14:55:00,717458,53.44719625545197,19.782625854150105,1.8
2026-09-01T14:55:00,717459,58.518655262898235,19.782625854150105,0.0
2026-09-01T14:55:00,717460,57.3164238050572,19.782625854150105,0.0
2026-09-01T14:55:00,717461,58.92642279987917,19.782625854150105,0.0
2026-09-01T14:55:00,717462,59.08251770434743,19.782625854150105,0.0
2026-09-01T14:55:00,717463,49.184637163929814,19.782625854150105,0.0
2026-09-01T15:00:00,717447,63.4960864585568,19.713754725030626,0.0
2026-09-01T15:00:00,717512,54.50849974779706,19.713754725030626,0.0
2026-09-01T15:00:00,717446,59.51347698246256,19.713754725030626,0.0
2026-09-01T15:00:00,717445,59.03428496452533,19.713754725030626,0.0
2026-09-01T15:00:00,717458,53.70100122975642,19.713754725030626,0.0
2026-09-01T15:00:00,717459,53.326964956597216,19.713754725030626,0.0
2026-09-01T15:00:00,717460,56.85914613715801,19.713754725030626,0.0
2026-09-01T15:00:00,717461,54.31162632992834,19.713754725030626,0.0
2026-09-01T15:00:00,717462,56.759622706626224,19.713754725030626,0.0
2026-09-01T15:00:00,717463,55.127666237109594,19.713754725030626,0.0
2026-09-01T15:05:00,717447,55.855104644845525,19.645875853977554,0.0
2026-09-01T15:05:00,717512,58.05162985909089,19.645875853977554,0.0
2026-09-01T15:05:00,717446,55.274552049072405,19.645875853977554,0.0
2026-09-01T15:05:00,717445,59.497459715891296,19.645875853977554,0.0
2026-09-01T15:05:00,717458,56.87622733886335,19.645875853977554,0.0
2026-09-01T15:05:00,717459,51.8613542451766,19.645875853977554,1.8
2026-09-01T15:05:00,717460,51.08442136950275,19.645875853977554,0.0
2026-09-01T15:05:00,717461,56.173830983768845,19.645875853977554,0.0
2026-09-01T15:05:00,717462,49.97124563058117,19.645875853977554,1.8
2026-09-01T15:05:00,717463,43.94755064854472,19.645875853977554,1.8
2026-09-01T15:10:00,717447,57.02355124685435,19.579018701240884,0.0
2026-09-01T15:10:00,717512,64.77036576432684,19.579018701240884,0.0
2026-09-01T15:10:00,717446,60.85844042249327,19.579018701240884,0.0
2026-09-01T15:10:00,717445,52.87134049890079,19.579018701240884,1.8
2026-09-01T15:10:00,717458,55.99023992725092,19.579018701240884,0.0
2026-09-01T15:10:00,717459,57.049855115439634,19.579018701240884,0.0
2026-09-01T15:10:00,717460,48.030310726273086,19.579018701240884,0.0
2026-09-01T15:10:00,717461,55.01229409255931,19.579018701240884,0.0
2026-09-01T15:10:00,717462,51.96002995800541,19.579018701240884,0.0
2026-09-01T15:10:00,717463,47.23663991157768,19.579018701240884,0.0
2026-09-01T15:15:00,717447,61.399036198705,19.51321228363251,0.0
2026-09-01T15:15:00,717512,59.28376909496239,19.51321228363251,0.0
2026-09-01T15:15:00,717446,58.29215321761995,19.51321228363251,0.0
2026-09-01T15:15:00,717445,56.433561956385645,19.51321228363251,1.8
2026-09-01T15:15:00,717458,52.14608868700694,19.51321228363251,0.0
2026-09-01T15:15:00,717459,51.452631406043665,19.51321228363251,0.0
2026-09-01T15:15:00,717460,51.67496238805465,19.51321228363251,0.0
2026-09-01T15:15:00,717461,51.32730193875064,19.51321228363251,0.0
2026-09-01T15:15:00,717462,51.98554416806615,19.51321228363251,0.0
2026-09-01T15:15:00,717463,54.61294600638206,19.51321228363251,1.8
2026-09-01T15:20:00,717447,59.57738049112544,19.44848516193259,1.8
2026-09-01T15:20:00,717512,59.62251133672603,19.44848516193259,0.0
2026-09-01T15:20:00,717446,59.12726531031944,19.44848516193259,1.8
2026-09-01T15:20:00,717445,57.44644881118546,19.44848516193259,1.8
2026-09-01T15:20:00,717458,51.334220421857545,19.44848516193259,0.0
2026-09-01T15:20:00,717459,56.94937112686521,19.44848516193259,1.8
2026-09-01T15:20:00,717460,55.19363885113853,19.44848516193259,0.0
2026-09-01T15:20:00,717461,50.8859322152921,19.44848516193259,0.0
2026-09-01T15:20:00,717462,46.69793351277994,19.44848516193259,0.0
2026-09-01T15:20:00,717463,48.17313716104097,19.44848516193259,0.0
2026-09-01T15:25:00,717447,53.43206788595743,19.384865428493836,0.0
2026-09-01T15:25:00,717512,61.42680703857,19.384865428493836,1.8
2026-09-01T15:25:00,717446,53.83334583502949,19.384865428493836,0.0
2026-09-01T15:25:00,717445,53.652430931516776,19.384865428493836,0.0
2026-09-01T15:25:00,717458,57.57214158872712,19.384865428493836,0.0
2026-09-01T15:25:00,717459,44.653121583677766,19.384865428493836,0.0
2026-09-01T15:25:00,717460,54.747443711547575,19.384865428493836,0.0
2026-09-01T15:25:00,717461,50.73061799658813,19.384865428493836,0.0
2026-09-01T15:25:00,717462,53.545726634907616,19.384865428493836,0.0
2026-09-01T15:25:00,717463,44.480026913454815,19.384865428493836,0.0
2026-09-01T15:30:00,717447,58.305442249032495,19.322380695049056,1.8
2026-09-01T15:30:00,717512,53.276006890565554,19.322380695049056,0.0
2026-09-01T15:30:00,717446,58.19224781544257,19.322380695049056,0.0
2026-09-01T15:30:00,717445,56.873896514794154,19.322380695049056,0.0
2026-09-01T15:30:00,717458,57.77334799477688,19.322380695049056,0.0
2026-09-01T15:30:00,717459,51.28884260233943,19.322380695049056,0.0
2026-09-01T15:30:00,717460,56.3479247687861,19.322380695049056,0.0
2026-09-01T15:30:00,717461,45.8455051406172,19.322380695049056,0.0
2026-09-01T15:30:00,717462,47.52806907315753,19.322380695049056,0.0
2026-09-01T15:30:00,717463,43.54287287904281,19.322380695049056,0.0
2026-09-01T15:35:00,717447,56.9920026965375,19.26105808072736,0.0
2026-09-01T15:35:00,717512,52.49140345025777,19.26105808072736,0.0
2026-09-01T15:35:00,717446,57.31524034941455,19.26105808072736,1.8
2026-09-01T15:35:00,717445,54.22911155895192,19.26105808072736,0.0
2026-09-01T15:35:00,717458,48.327117421311506,19.26105808072736,0.0
2026-09-01T15:35:00,717459,52.90786229844042,19.26105808072736,0.0
2026-09-01T15:35:00,717460,53.973125254007826,19.26105808072736,0.0
2026-09-01T15:35:00,717461,49.72582198214778,19.26105808072736,0.0
2026-09-01T15:35:00,717462,42.70613585321946,19.26105808072736,0.0
2026-09-01T15:35:00,717463,45.156700390163884,19.26105808072736,0.0
2026-09-01T15:40:00,717447,57.578086757026355,19.200924200284124,1.8
2026-09-01T15:40:00,717512,53.53180618514486,19.200924200284124,0.0
2026-09-01T15:40:00,717446,49.98074239258329,19.200924200284124,0.0
2026-09-01T15:40:00,717445,55.549851733738414,19.200924200284124,0.0
2026-09-01T15:40:00,717458,49.80669606676144,19.200924200284124,0.0
2026-09-01T15:40:00,717459,54.231596233434516,19.200924200284124,0.0
2026-09-01T15:40:00,717460,46.70166090010258,19.200924200284124,0.0
2026-09-01T15:40:00,717461,46.03712638354273,19.200924200284124,0.0
2026-09-01T15:40:00,717462,44.078415791374844,19.200924200284124,0.0
2026-09-01T15:40:00,717463,44.16295578462807,19.200924200284124,0.0
2026-09-01T15:45:00,717447,55.835888163063615,19.142005152549853,0.0
2026-09-01T15:45:00,717512,50.322220144547096,19.142005152549853,0.0
2026-09-01T15:45:00,717446,48.601386609080286,19.142005152549853,1.8
2026-09-01T15:45:00,717445,45.79935077736539,19.142005152549853,0.0
2026-09-01T15:45:00,717458,44.279706325093855,19.142005152549853,0.0
2026-09-01T15:45:00,717459,44.39504130936065,19.142005152549853,0.0
2026-09-01T15:45:00,717460,45.683744791011904,19.142005152549853,0.0
2026-09-01T15:45:00,717461,46.594634137501615,19.142005152549853,0.0
2026-09-01T15:45:00,717462,46.062827978216504,19.142005152549853,0.0
2026-09-01T15:45:00,717463,44.05457937734507,19.142005152549853,0.0
2026-09-01T15:50:00,717447,57.76497304578362,19.084326509102986,0.0
2026-09-01T15:50:00,717512,57.63378033185963,19.084326509102986,0.0
2026-09-01T15:50:00,717446,50.17275937381496,19.084326509102986,0.0
2026-09-01T15:50:00,717445,46.91857701621541,19.084326509102986,0.0
2026-09-01T15:50:00,717458,55.10735860436579,19.084326509102986,0.0
2026-09-01T15:50:00,717459,50.98383618397677,19.084326509102986,0.0
2026-09-01T15:50:00,717460,49.529891674017904,19.084326509102986,0.0
2026-09-01T15:50:00,717461,43.320347936771256,19.084326509102986,1.8
2026-09-01T15:50:00,717462,46.39709877443981,19.084326509102986,0.0
2026-09-01T15:50:00,717463,43.02937159690624,19.084326509102986,0.0
2026-09-01T15:55:00,717447,52.09547569110168,19.027913303171523,0.0
2026-09-01T15:55:00,717512,50.890397468907324,19.027913303171523,0.0
2026-09-01T15:55:00,717446,51.434162007392445,19.027913303171523,0.0
2026-09-01T15:55:00,717445,53.184733606869685,19.027913303171523,1.8
2026-09-01T15:55:00,717458,54.3317435181532,19.027913303171523,0.0
2026-09-01T15:55:00,717459,45.104202012332934,19.027913303171523,0.0
2026-09-01T15:55:00,717460,45.70383947654469,19.027913303171523,1.8
2026-09-01T15:55:00,717461,43.6208586781669,19.027913303171523,0.0
2026-09-01T15:55:00,717462,44.02532045038495,19.027913303171523,0.0
2026-09-01T15:55:00,717463,33.920656026225764,19.027913303171523,0.0
2026-09-01T16:00:00,717447,50.51585363704172,18.972790018768286,0.0
2026-09-01T16:00:00,717512,56.12386491453519,18.972790018768286,0.0
2026-09-01T16:00:00,717446,46.75847627100487,18.972790018768286,0.0
2026-09-01T16:00:00,717445,46.37405036018143,18.972790018768286,0.0
2026-09-01T16:00:00,717458,44.73293247856691,18.972790018768286,0.0
2026-09-01T16:00:00,717459,44.74220205708397,18.972790018768286,0.0
2026-09-01T16:00:00,717460,40.10540228591974,18.972790018768286,0.0
2026-09-01T16:00:00,717461,41.186772637994956,18.972790018768286,1.8
2026-09-01T16:00:00,717462,42.86080930326601,18.972790018768286,0.0
2026-09-01T16:00:00,717463,41.63789559504044,18.972790018768286,0.0
2026-09-01T16:05:00,717447,50.77497821724406,18.918980580064577,0.0
2026-09-01T16:05:00,717512,52.97086782203591,18.918980580064577,0.0
2026-09-01T16:05:00,717446,49.01690761360457,18.918980580064577,0.0
2026-09-01T16:05:00,717445,50.45594894786244,18.918980580064577,0.0
2026-09-01T16:05:00,717458,52.03457584059484,18.918980580064577,0.0
2026-09-01T16:05:00,717459,46.68438304609387,18.918980580064577,0.0
2026-09-01T16:05:00,717460,38.952348826863584,18.918980580064577,1.8
2026-09-01T16:05:00,717461,42.495418125679755,18.918980580064577,0.0
2026-09-01T16:05:00,717462,40.84021977809037,18.918980580064577,0.0
2026-09-01T16:05:00,717463,43.98315246338498,18.918980580064577,0.0
2026-09-01T16:10:00,717447,48.49338247936573,18.866508341006796,0.0
2026-09-01T16:10:00,717512,45.21300951823687,18.866508341006796,0.0
2026-09-01T16:10:00,717446,44.994972212982546,18.866508341006796,1.8
2026-09-01T16:10:00,717445,41.46250284487437,18.866508341006796,0.0
2026-09-01T16:10:00,717458,35.23956289078776,18.866508341006796,0.0
2026-09-01T16:10:00,717459,48.98682503429955,18.866508341006796,0.0
2026-09-01T16:10:00,717460,41.684366110016356,18.866508341006796,1.8
2026-09-01T16:10:00,717461,36.91294591884188,18.866508341006796,1.8
2026-09-01T16:10:00,717462,44.315077594227155,18.866508341006796,0.0
2026-09-01T16:10:00,717463,43.7197750451139,18.866508341006796,0.0
2026-09-01T16:15:00,717447,48.150619709530986,18.815396075180537,0.0
2026-09-01T16:15:00,717512,42.41458305610142,18.815396075180537,1.8
2026-09-01T16:15:00,717446,43.861116216498885,18.815396075180537,0.0
2026-09-01T16:15:00,717445,43.36879954042411,18.815396075180537,1.8
2026-09-01T16:15:00,717458,42.98153484422167,18.815396075180537,0.0
2026-09-01T16:15:00,717459,38.442944173539416,18.815396075180537,0.0
2026-09-01T16:15:00,717460,43.35820602178782,18.815396075180537,1.8
2026-09-01T16:15:00,717461,32.907818547208244,18.815396075180537,1.8
2026-09-01T16:15:00,717462,41.48553040267999,18.815396075180537,0.0
2026-09-01T16:15:00,717463,40.98380756451775,18.815396075180537,0.0
2026-09-01T16:20:00,717447,45.3343935001639,18.76566596592659,0.0
2026-09-01T16:20:00,717512,45.02577270219931,18.76566596592659,0.0
2026-09-01T16:20:00,717446,48.608910782655826,18.76566596592659,0.0
2026-09-01T16:20:00,717445,44.813106672970996,18.76566596592659,0.0
2026-09-01T16:20:00,717458,40.63727323323646,18.76566596592659,0.0
2026-09-01T16:20:00,717459,39.77795484801446,18.76566596592659,0.0
2026-09-01T16:20:00,717460,40.75282391215136,18.76566596592659,0.0
2026-09-01T16:20:00,717461,43.82378730624646,18.76566596592659,0.0
2026-09-01T16:20:00,717462,36.268873772905884,18.76566596592659,0.0
2026-09-01T16:20:00,717463,34.54830578352616,18.76566596592659,0.0
2026-09-01T16:25:00,717447,45.35557825045637,18.717339596713092,0.0
2026-09-01T16:25:00,717512,44.17350382909967,18.717339596713092,0.0
2026-09-01T16:25:00,717446,43.78883363430943,18.717339596713092,0.0
2026-09-01T16:25:00,717445,41.43689820789027,18.717339596713092,0.0
2026-09-01T16:25:00,717458,44.08237401989557,18.717339596713092,0.0
2026-09-01T16:25:00,717459,36.589588779820886,18.717339596713092,0.0
2026-09-01T16:25:00,717460,39.3242203171271,18.717339596713092,0.0
2026-09-01T16:25:00,717461,38.246202171036295,18.717339596713092,1.8
2026-09-01T16:25:00,717462,33.23323891963378,18.717339596713092,0.0
2026-09-01T16:25:00,717463,35.69309193703946,18.717339596713092,0.0
2026-09-01T16:30:00,717447,45.54969358796616,18.67043794176805,0.0
2026-09-01T16:30:00,717512,35.361646704503485,18.67043794176805,1.8
2026-09-01T16:30:00,717446,38.744464754924095,18.67043794176805,1.8
2026-09-01T16:30:00,717445,45.32895826019655,18.67043794176805,0.0
2026-09-01T16:30:00,717458,37.49611306531756,18.67043794176805,0.0
2026-09-01T16:30:00,717459,34.5198192722668,18.67043794176805,0.0
2026-09-01T16:30:00,717460,31.346412423875645,18.67043794176805,0.0
2026-09-01T16:30:00,717461,32.487529430575684,18.67043794176805,0.0
2026-09-01T16:30:00,717462,34.13116549262287,18.67043794176805,0.0
2026-09-01T16:30:00,717463,29.524301057913796,18.67043794176805,0.0
2026-09-01T16:35:00,717447,44.93221334511447,18.624981356976267,1.8
2026-09-01T16:35:00,717512,39.258165335015505,18.624981356976267,0.0
2026-09-01T16:35:00,717446,41.487926295674505,18.624981356976267,0.0
2026-09-01T16:35:00,717445,43.648376696221774,18.624981356976267,0.0
2026-09-01T16:35:00,717458,42.224861731886385,18.624981356976267,0.0
2026-09-01T16:35:00,717459,37.834768801867234,18.624981356976267,0.0
2026-09-01T16:35:00,717460,32.36063163328711,18.624981356976267,0.0
2026-09-01T16:35:00,717461,34.38789564570838,18.624981356976267,0.0
2026-09-01T16:35:00,717462,34.335502314642525,18.624981356976267,0.0
2026-09-01T16:35:00,717463,39.630042036581045,18.624981356976267,1.8
2026-09-01T16:40:00,717447,36.274063191668084,18.58098957104464,0.0
2026-09-01T16:40:00,717512,40.49745459203693,18.58098957104464,1.8
2026-09-01T16:40:00,717446,41.31592523040967,18.58098957104464,0.0
2026-09-01T16:40:00,717445,38.56353103015389,18.58098957104464,0.0
2026-09-01T16:40:00,717458,37.69265665400584,18.58098957104464,0.0
2026-09-01T16:40:00,717459,33.524004494137564,18.58098957104464,0.0
2026-09-01T16:40:00,717460,37.46945388471147,18.58098957104464,0.0
2026-09-01T16:40:00,717461,33.549279355738584,18.58098957104464,1.8
2026-09-01T16:40:00,717462,32.88152048980245,18.58098957104464,0.0
2026-09-01T16:40:00,717463,34.21725046333203,18.58098957104464,0.0
2026-09-01T16:45:00,717447,39.85845169055784,18.53848167693967,0.0
2026-09-01T16:45:00,717512,43.48684950890123,18.53848167693967,0.0
2026-09-01T16:45:00,717446,34.5407150270433,18.53848167693967,0.0
2026-09-01T16:45:00,717445,38.011765856084516,18.53848167693967,0.0
2026-09-01T16:45:00,717458,33.50477140823103,18.53848167693967,0.0
2026-09-01T16:45:00,717459,31.552193497481717,18.53848167693967,0.0
2026-09-01T16:45:00,717460,39.31200079961218,18.53848167693967,1.8
2026-09-01T16:45:00,717461,28.6822132345127,18.53848167693967,1.8
2026-09-01T16:45:00,717462,31.364659542912065,18.53848167693967,0.0
2026-09-01T16:45:00,717463,26.070375417567107,18.53848167693967,0.0
2026-09-01T16:50:00,717447,43.49637883192662,18.497476123600883,1.8
2026-09-01T16:50:00,717512,37.38893777829666,18.497476123600883,0.0
2026-09-01T16:50:00,717446,40.58276481368399,18.497476123600883,0.0
2026-09-01T16:50:00,717445,37.98998948136749,18.497476123600883,1.8
2026-09-01T16:50:00,717458,41.888543068916306,18.497476123600883,0.0
2026-09-01T16:50:00,717459,29.33929414318277,18.497476123600883,0.0
2026-09-01T16:50:00,717460,29.657490298520838,18.497476123600883,0.0
2026-09-01T16:50:00,717461,34.39902682202142,18.497476123600883,1.8
2026-09-01T16:50:00,717462,31.18606170168062,18.497476123600883,0.0
2026-09-01T16:50:00,717463,28.295198032741716,18.497476123600883,0.0
2026-09-01T16:55:00,717447,45.03590427825206,18.45799070793376,0.0
2026-09-01T16:55:00,717512,37.68851644776673,18.45799070793376,0.0
2026-09-01T16:55:00,717446,34.14690915222937,18.45799070793376,0.0
2026-09-01T16:55:00,717445,38.53242241864411,18.45799070793376,0.0
2026-09-01T16:55:00,717458,34.18855022411098,18.45799070793376,0.0
2026-09-01T16:55:00,717459,33.22058579641444,18.45799070793376,0.0
2026-09-01T16:55:00,717460,33.76503525834772,18.45799070793376,0.0
2026-09-01T16:55:00,717461,32.690380627272276,18.45799070793376,0.0
2026-09-01T16:55:00,717462,26.3290565648908,18.45799070793376,0.0
2026-09-01T16:55:00,717463,27.23400269710789,18.45799070793376,0.0
2026-09-01T17:00:00,717447,33.970122517640874,18.420042567085666,0.0
2026-09-01T17:00:00,717512,37.94314057314067,18.420042567085666,0.0
2026-09-01T17:00:00,717446,41.382001922322,18.420042567085666,0.0
2026-09-01T17:00:00,717445,31.645022720277105,18.420042567085666,0.0
2026-09-01T17:00:00,717458,28.66029632645513,18.420042567085666,0.0
2026-09-01T17:00:00,717459,30.19043578242895,18.420042567085666,0.0
2026-09-01T17:00:00,717460,30.180790910451154,18.420042567085666,0.0
2026-09-01T17:00:00,717461,31.921258003029173,18.420042567085666,0.0
2026-09-01T17:00:00,717462,27.47133403427395,18.420042567085666,0.0
2026-09-01T17:00:00,717463,28.398884217890938,18.420042567085666,0.0
2026-09-01T17:05:00,717447,35.903864724146544,18.383648171008137,0.0
2026-09-01T17:05:00,717512,35.64695387636185,18.383648171008137,1.8
2026-09-01T17:05:00,717446,32.56165820861394,18.383648171008137,0.0
2026-09-01T17:05:00,717445,30.452521449014498,18.383648171008137,0.0
2026-09-01T17:05:00,717458,34.9432820043462,18.383648171008137,0.0
2026-09-01T17:05:00,717459,30.10128409077518,18.383648171008137,0.0
2026-09-01T17:05:00,717460,31.528982222995264,18.383648171008137,0.0
2026-09-01T17:05:00,717461,26.51769975109405,18.383648171008137,0.0
2026-09-01T17:05:00,717462,27.816196200224304,18.383648171008137,0.0
2026-09-01T17:05:00,717463,20.335227824387225,18.383648171008137,0.0
2026-09-01T17:10:00,717447,35.733399197913805,18.348823315308692,0.0
2026-09-01T17:10:00,717512,33.429285710618785,18.348823315308692,0.0
2026-09-01T17:10:00,717446,37.991722500434,18.348823315308692,0.0
2026-09-01T17:10:00,717445,29.43991253645809,18.348823315308692,0.0
2026-09-01T17:10:00,717458,31.587077393363113,18.348823315308692,0.0
2026-09-01T17:10:00,717459,31.82957895794982,18.348823315308692,1.8
2026-09-01T17:10:00,717460,32.70188944897983,18.348823315308692,0.0
2026-09-01T17:10:00,717461,31.030463144270108,18.348823315308692,0.0
2026-09-01T17:10:00,717462,27.0194511890872,18.348823315308692,1.8
2026-09-01T17:10:00,717463,26.232139298231303,18.348823315308692,0.0
2026-09-01T17:15:00,717447,39.928193687380954,18.31558311439539,0.0
2026-09-01T17:15:00,717512,34.90191731651212,18.31558311439539,0.0
2026-09-01T17:15:00,717446,34.48915534649119,18.31558311439539,0.0
2026-09-01T17:15:00,717445,36.44071554895091,18.31558311439539,0.0
2026-09-01T17:15:00,717458,39.008640946096435,18.31558311439539,0.0
2026-09-01T17:15:00,717459,31.147397128993696,18.31558311439539,0.0
2026-09-01T17:15:00,717460,30.753148930176106,18.31558311439539,1.8
2026-09-01T17:15:00,717461,30.471476709614976,18.31558311439539,0.0
2026-09-01T17:15:00,717462,30.407655331322523,18.31558311439539,0.0
2026-09-01T17:15:00,717463,28.725176112194433,18.31558311439539,0.0
2026-09-01T17:20:00,717447,34.30434521043021,18.28394199491695,0.0
2026-09-01T17:20:00,717512,35.817405867270985,18.28394199491695,0.0
2026-09-01T17:20:00,717446,36.81509923344156,18.28394199491695,0.0
2026-09-01T17:20:00,717445,36.777433572756934,18.28394199491695,0.0
2026-09-01T17:20:00,717458,30.798458159582385,18.28394199491695,0.0
2026-09-01T17:20:00,717459,30.942421340865984,18.28394199491695,0.0
2026-09-01T17:20:00,717460,30.091783920853754,18.28394199491695,0.0
2026-09-01T17:20:00,717461,27.737924481020613,18.28394199491695,0.0
2026-09-01T17:20:00,717462,27.262611087143817,18.28394199491695,0.0
2026-09-01T17:20:00,717463,18.82179645783389,18.28394199491695,0.0
2026-09-01T17:25:00,717447,45.54690893642325,18.253913689501445,1.8
2026-09-01T17:25:00,717512,41.54137877948738,18.253913689501445,0.0
2026-09-01T17:25:00,717446,32.87328281989651,18.253913689501445,0.0
2026-09-01T17:25:00,717445,31.89861902004511,18.253913689501445,0.0
2026-09-01T17:25:00,717458,26.103542855331003,18.253913689501445,0.0
2026-09-01T17:25:00,717459,24.458503631574995,18.253913689501445,0.0
2026-09-01T17:25:00,717460,30.108250799161848,18.253913689501445,0.0
2026-09-01T17:25:00,717461,30.62694439259061,18.253913689501445,0.0
2026-09-01T17:25:00,717462,28.791672613545487,18.253913689501445,0.0
2026-09-01T17:25:00,717463,22.533041208743356,18.253913689501445,0.0
2026-09-01T17:30:00,717447,38.12952706465579,18.22551123079615,0.0
2026-09-01T17:30:00,717512,34.183828603635924,18.22551123079615,1.8
2026-09-01T17:30:00,717446,32.238251712797414,18.22551123079615,0.0
2026-09-01T17:30:00,717445,28.10585866417926,18.22551123079615,1.8
2026-09-01T17:30:00,717458,28.805957969028466,18.22551123079615,1.8
2026-09-01T17:30:00,717459,31.313839715041205,18.22551123079615,1.8
2026-09-01T17:30:00,717460,29.515035624129258,18.22551123079615,0.0
2026-09-01T17:30:00,717461,27.85417941790022,18.22551123079615,1.8
2026-09-01T17:30:00,717462,19.618804860671197,18.22551123079615,0.0
2026-09-01T17:30:00,717463,25.485429991655927,18.22551123079615,0.0
2026-09-01T17:35:00,717447,34.059847007686095,18.19874694581124,1.8
2026-09-01T17:35:00,717512,35.604950363769746,18.19874694581124,0.0
2026-09-01T17:35:00,717446,37.17615793092181,18.19874694581124,0.0
2026-09-01T17:35:00,717445,30.87295617873891,18.19874694581124,0.0
2026-09-01T17:35:00,717458,31.32794441556368,18.19874694581124,0.0
2026-09-01T17:35:00,717459,35.94385814807059,18.19874694581124,0.0
2026-09-01T17:35:00,717460,29.44970541353339,18.19874694581124,0.0
2026-09-01T17:35:00,717461,27.350793090088224,18.19874694581124,0.0
2026-09-01T17:35:00,717462,23.77858691085897,18.19874694581124,0.0
2026-09-01T17:35:00,717463,27.487469774672476,18.19874694581124,0.0
2026-09-01T17:40:00,717447,33.09348525446438,18.173632450569702,1.8
2026-09-01T17:40:00,717512,38.73010713210341,18.173632450569702,0.0
2026-09-01T17:40:00,717446,35.613691572298464,18.173632450569702,0.0
2026-09-01T17:40:00,717445,30.760820824197225,18.173632450569702,0.0
2026-09-01T17:40:00,717458,28.87357285876602,18.173632450569702,1.8
2026-09-01T17:40:00,717459,27.740473983858273,18.173632450569702,0.0
2026-09-01T17:40:00,717460,23.506377677034862,18.173632450569702,0.0
2026-09-01T17:40:00,717461,29.034210477553756,18.173632450569702,0.0
2026-09-01T17:40:00,717462,20.192819309063538,18.173632450569702,1.8
2026-09-01T17:40:00,717463,24.961374257926458,18.173632450569702,0.0
2026-09-01T17:45:00,717447,35.902109815245566,18.150178645065843,0.0
2026-09-01T17:45:00,717512,34.172982556502085,18.150178645065843,0.0
2026-09-01T17:45:00,717446,35.346180786700906,18.150178645065843,1.8
2026-09-01T17:45:00,717445,31.101415400935714,18.150178645065843,0.0
2026-09-01T17:45:00,717458,32.09625942437443,18.150178645065843,1.8
2026-09-01T17:45:00,717459,34.26290530800937,18.150178645065843,0.0
2026-09-01T17:45:00,717460,30.911568597239533,18.150178645065843,0.0
2026-09-01T17:45:00,717461,26.71582974141174,18.150178645065843,0.0
2026-09-01T17:45:00,717462,26.77671175014536,18.150178645065843,0.0
2026-09-01T17:45:00,717463,24.576238039615674,18.150178645065843,0.0
2026-09-01T17:50:00,717447,36.32051138653117,18.128395708534566,0.0
2026-09-01T17:50:00,717512,36.24979706340987,18.128395708534566,0.0
2026-09-01T17:50:00,717446,30.247889342693718,18.128395708534566,0.0
2026-09-01T17:50:00,717445,28.412703690676217,18.128395708534566,0.0
2026-09-01T17:50:00,717458,29.335154457711692,18.128395708534566,0.0
2026-09-01T17:50:00,717459,32.35436039688064,18.128395708534566,0.0
2026-09-01T17:50:00,717460,31.57844375685242,18.128395708534566,0.0
2026-09-01T17:50:00,717461,30.845912940962478,18.128395708534566,0.0
2026-09-01T17:50:00,717462,24.64402229195975,18.128395708534566,0.0
2026-09-01T17:50:00,717463,26.306528134432355,18.128395708534566,0.0
2026-09-01T17:55:00,717447,36.24620923066622,18.10829309503346,0.0
2026-09-01T17:55:00,717512,35.823473960680616,18.10829309503346,0.0
2026-09-01T17:55:00,717446,33.79496361311172,18.10829309503346,0.0
2026-09-01T17:55:00,717445,34.602545057247326,18.10829309503346,0.0
2026-09-01T17:55:00,717458,30.584315198142423,18.10829309503346,0.0
2026-09-01T17:55:00,717459,34.9098145436536,18.10829309503346,0.0
2026-09-01T17:55:00,717460,33.740334078385004,18.10829309503346,1.8
2026-09-01T17:55:00,717461,30.437385077751813,18.10829309503346,0.0
2026-09-01T17:55:00,717462,30.902923752643893,18.10829309503346,0.0
2026-09-01T17:55:00,717463,22.32573602372011,18.10829309503346,1.8
2026-09-01T18:00:00,717447,41.801662144628274,18.089879529339612,0.0
2026-09-01T18:00:00,717512,38.028003780214966,18.089879529339612,1.8
2026-09-01T18:00:00,717446,33.8457314398034,18.089879529339612,0.0
2026-09-01T18:00:00,717445,32.35933389539168,18.089879529339612,0.0
2026-09-01T18:00:00,717458,38.115043439295405,18.089879529339612,0.0
2026-09-01T18:00:00,717459,34.57338994264615,18.089879529339612,0.0
2026-09-01T18:00:00,717460,30.438878714854955,18.089879529339612,0.0
2026-09-01T18:00:00,717461,25.389245428518144,18.089879529339612,0.0
2026-09-01T18:00:00,717462,32.37689005743647,18.089879529339612,1.8
2026-09-01T18:00:00,717463,23.96723042168493,18.089879529339612,0.0
2026-09-01T18:05:00,717447,37.789950179952946,18.073163003162968,0.0
2026-09-01T18:05:00,717512,37.232570330211175,18.073163003162968,0.0
2026-09-01T18:05:00,717446,34.31449699568092,18.073163003162968,1.8
2026-09-01T18:05:00,717445,34.700296937377665,18.073163003162968,0.0
2026-09-01T18:05:00,717458,34.06533303446708,18.073163003162968,1.8
2026-09-01T18:05:00,717459,32.23963925520467,18.073163003162968,0.0
2026-09-01T18:05:00,717460,32.645042003257615,18.073163003162968,0.0
2026-09-01T18:05:00,717461,35.4473197963856,18.073163003162968,0.0
2026-09-01T18:05:00,717462,25.115802215448355,18.073163003162968,0.0
2026-09-01T18:05:00,717463,28.559752308790053,18.073163003162968,0.0
2026-09-01T18:10:00,717447,36.48552185571399,18.058150771677813,0.0
2026-09-01T18:10:00,717512,34.14685203003148,18.058150771677813,0.0
2026-09-01T18:10:00,717446,40.22767429863613,18.058150771677813,1.8
2026-09-01T18:10:00,717445,36.906640978790385,18.058150771677813,0.0
2026-09-01T18:10:00,717458,30.379525132957394,18.058150771677813,0.0
2026-09-01T18:10:00,717459,33.18878485846338,18.058150771677813,0.0
2026-09-01T18:10:00,717460,27.046246062184952,18.058150771677813,0.0
2026-09-01T18:10:00,717461,28.706673268567577,18.058150771677813,0.0
2026-09-01T18:10:00,717462,23.589243349327347,18.058150771677813,0.0
2026-09-01T18:10:00,717463,28.49125488618762,18.058150771677813,0.0
2026-09-01T18:15:00,717447,42.8294710459356,18.04484935037396,0.0
2026-09-01T18:15:00,717512,41.2986122496497,18.04484935037396,0.0
2026-09-01T18:15:00,717446,37.17174002203909,18.04484935037396,0.0
2026-09-01T18:15:00,717445,40.155793768848966,18.04484935037396,0.0
2026-09-01T18:15:00,717458,40.13126187579658,18.04484935037396,0.0
2026-09-01T18:15:00,717459,36.88254560011664,18.04484935037396,0.0
2026-09-01T18:15:00,717460,31.882542052940945,18.04484935037396,0.0
2026-09-01T18:15:00,717461,31.96071741256243,18.04484935037396,0.0
2026-09-01T18:15:00,717462,35.99523466535284,18.04484935037396,0.0
2026-09-01T18:15:00,717463,28.98481382974711,18.04484935037396,0.0
2026-09-01T18:20:00,717447,43.55200902875517,18.033264512228925,0.0
2026-09-01T18:20:00,717512,38.38398601741835,18.033264512228925,0.0
2026-09-01T18:20:00,717446,42.42271179104913,18.033264512228925,0.0
2026-09-01T18:20:00,717445,35.65947210948073,18.033264512228925,0.0
2026-09-01T18:20:00,717458,36.731990438929685,18.033264512228925,0.0
2026-09-01T18:20:00,717459,37.43925530792472,18.033264512228925,0.0
2026-09-01T18:20:00,717460,40.16080636964401,18.033264512228925,0.0
2026-09-01T18:20:00,717461,34.0670006588671,18.033264512228925,0.0
2026-09-01T18:20:00,717462,31.40631786431272,18.033264512228925,1.8
2026-09-01T18:20:00,717463,29.98513558902782,18.033264512228925,1.8
2026-09-01T18:25:00,717447,45.776286770802606,18.023401285202407,0.0
2026-09-01T18:25:00,717512,43.082823254158754,18.023401285202407,0.0
2026-09-01T18:25:00,717446,42.50996589714536,18.023401285202407,0.0
2026-09-01T18:25:00,717445,43.87946646012169,18.023401285202407,0.0
2026-09-01T18:25:00,717458,38.27563036580369,18.023401285202407,0.0
2026-09-01T18:25:00,717459,38.06030839822854,18.023401285202407,0.0
2026-09-01T18:25:00,717460,34.647054400307326,18.023401285202407,0.0
2026-09-01T18:25:00,717461,32.17766613568948,18.023401285202407,0.0
2026-09-01T18:25:00,717462,31.504449521794974,18.023401285202407,0.0
2026-09-01T18:25:00,717463,24.924459279549886,18.023401285202407,0.0
2026-09-01T18:30:00,717447,45.654348874566296,18.015263950054084,0.0
2026-09-01T18:30:00,717512,44.12601790914839,18.015263950054084,0.0
2026-09-01T18:30:00,717446,43.18734213059006,18.015263950054084,0.0
2026-09-01T18:30:00,717445,37.93861373561278,18.015263950054084,0.0
2026-09-01T18:30:00,717458,37.49951425805481,18.015263950054084,1.8
2026-09-01T18:30:00,717459,36.207303423550776,18.015263950054084,0.0
2026-09-01T18:30:00,717460,40.19196049230652,18.015263950054084,0.0
2026-09-01T18:30:00,717461,36.2007076749488,18.015263950054084,0.0
2026-09-01T18:30:00,717462,34.589384160277326,18.015263950054084,0.0
2026-09-01T18:30:00,717463,35.54797819362335,18.015263950054084,1.8
2026-09-01T18:35:00,717447,43.395230601501105,18.0088560384857,0.0
2026-09-01T18:35:00,717512,45.10925700706895,18.0088560384857,0.0
2026-09-01T18:35:00,717446,48.865735455217305,18.0088560384857,0.0
2026-09-01T18:35:00,717445,45.491843506603026,18.0088560384857,0.0
2026-09-01T18:35:00,717458,41.46259496524604,18.0088560384857,0.0
2026-09-01T18:35:00,717459,39.48000322207857,18.0088560384857,0.0
2026-09-01T18:35:00,717460,39.538633091753155,18.0088560384857,0.0
2026-09-01T18:35:00,717461,41.16182722201081,18.0088560384857,0.0
2026-09-01T18:35:00,717462,39.70759868197274,18.0088560384857,0.0
2026-09-01T18:35:00,717463,39.34175381430025,18.0088560384857,0.0
2026-09-01T18:40:00,717447,47.146971226157234,18.004180331608286,0.0
2026-09-01T18:40:00,717512,38.972029077139446,18.004180331608286,0.0
2026-09-01T18:40:00,717446,49.78866257118127,18.004180331608286,0.0
2026-09-01T18:40:00,717445,40.49448027665066,18.004180331608286,0.0
2026-09-01T18:40:00,717458,35.691861873055004,18.004180331608286,0.0
2026-09-01T18:40:00,717459,42.67162355022834,18.004180331608286,0.0
2026-09-01T18:40:00,717460,33.02307604793745,18.004180331608286,0.0
2026-09-01T18:40:00,717461,38.10369793025589,18.004180331608286,1.8
2026-09-01T18:40:00,717462,30.58488972713782,18.004180331608286,0.0
2026-09-01T18:40:00,717463,34.65743177309649,18.004180331608286,1.8
2026-09-01T18:45:00,717447,52.55489384121978,18.001238858735107,0.0
2026-09-01T18:45:00,717512,47.50670304811356,18.001238858735107,1.8
2026-09-01T18:45:00,717446,45.27880998993952,18.001238858735107,0.0
2026-09-01T18:45:00,717445,45.442650411336395,18.001238858735107,0.0
2026-09-01T18:45:00,717458,34.71158447899786,18.001238858735107,1.8
2026-09-01T18:45:00,717459,39.73510571671475,18.001238858735107,1.8
2026-09-01T18:45:00,717460,38.95993784645154,18.001238858735107,0.0
2026-09-01T18:45:00,717461,41.12473985201989,18.001238858735107,0.0
2026-09-01T18:45:00,717462,35.06977999635513,18.001238858735107,1.8
2026-09-01T18:45:00,717463,37.4207994024484,18.001238858735107,1.8
2026-09-01T18:50:00,717447,48.59070693700134,18.00003289650092,0.0
2026-09-01T18:50:00,717512,45.890536633687766,18.00003289650092,0.0
2026-09-01T18:50:00,717446,44.874831243987366,18.00003289650092,0.0
2026-09-01T18:50:00,717445,44.96363523050779,18.00003289650092,0.0
2026-09-01T18:50:00,717458,38.47238076787104,18.00003289650092,0.0
2026-09-01T18:50:00,717459,45.17867795699083,18.00003289650092,1.8
2026-09-01T18:50:00,717460,39.28443982820167,18.00003289650092,0.0
2026-09-01T18:50:00,717461,39.648508540292475,18.00003289650092,0.0
2026-09-01T18:50:00,717462,44.02352329888404,18.00003289650092,0.0
2026-09-01T18:50:00,717463,40.43429433844937,18.00003289650092,0.0
2026-09-01T18:55:00,717447,46.56381047258886,18.000562968307904,0.0
2026-09-01T18:55:00,717512,40.30003570379118,18.000562968307904,0.0
2026-09-01T18:55:00,717446,49.16811122949258,18.000562968307904,1.8
2026-09-01T18:55:00,717445,45.75273189339109,18.000562968307904,0.0
2026-09-01T18:55:00,717458,45.83154832945282,18.000562968307904,0.0
2026-09-01T18:55:00,717459,46.31490652068931,18.000562968307904,0.0
2026-09-01T18:55:00,717460,45.614576295111476,18.000562968307904,0.0
2026-09-01T18:55:00,717461,40.37197081535736,18.000562968307904,0.0
2026-09-01T18:55:00,717462,40.10424330328679,18.000562968307904,0.0
2026-09-01T18:55:00,717463,40.39719283226344,18.000562968307904,1.8
2026-09-01T19:00:00,717447,52.56409320727223,18.002828844098488,0.0
2026-09-01T19:00:00,717512,50.567805353135725,18.002828844098488,1.8
2026-09-01T19:00:00,717446,53.16986614847823,18.002828844098488,0.0
2026-09-01T19:00:00,717445,48.9291856258689,18.002828844098488,0.0
2026-09-01T19:00:00,717458,48.63297905059645,18.002828844098488,0.0
2026-09-01T19:00:00,717459,46.021081846974894,18.002828844098488,1.8
2026-09-01T19:00:00,717460,41.00818834200439,18.002828844098488,0.0
2026-09-01T19:00:00,717461,40.88463750767094,18.002828844098488,0.0
2026-09-01T19:00:00,717462,38.01558093709393,18.002828844098488,0.0
2026-09-01T19:00:00,717463,43.545235645873944,18.002828844098488,0.0
2026-09-01T19:05:00,717447,47.704639900673826,18.006829540455215,0.0
2026-09-01T19:05:00,717512,50.68268055277706,18.006829540455215,1.8
2026-09-01T19:05:00,717446,48.82804430655466,18.006829540455215,1.8
2026-09-01T19:05:00,717445,42.695023707786326,18.006829540455215,0.0
2026-09-01T19:05:00,717458,46.35235347511788,18.006829540455215,0.0
2026-09-01T19:05:00,717459,45.40053695681642,18.006829540455215,0.0
2026-09-01T19:05:00,717460,50.15341831013906,18.006829540455215,1.8
2026-09-01T19:05:00,717461,38.18247263806609,18.006829540455215,1.8
2026-09-01T19:05:00,717462,46.650896783429225,18.006829540455215,0.0
2026-09-01T19:05:00,717463,40.844437377387045,18.006829540455215,1.8
2026-09-01T19:10:00,717447,55.99094503128026,18.01256332102753,0.0
2026-09-01T19:10:00,717512,52.45159486642579,18.01256332102753,0.0
2026-09-01T19:10:00,717446,47.716329138716155,18.01256332102753,0.0
2026-09-01T19:10:00,717445,54.07370327606278,18.01256332102753,0.0
2026-09-01T19:10:00,717458,52.31644615638398,18.01256332102753,0.0
2026-09-01T19:10:00,717459,44.316324687966286,18.01256332102753,0.0
2026-09-01T19:10:00,717460,47.99866310716736,18.01256332102753,0.0
2026-09-01T19:10:00,717461,43.242506144860926,18.01256332102753,1.8
2026-09-01T19:10:00,717462,39.311524829908784,18.01256332102753,0.0
2026-09-01T19:10:00,717463,40.27567928578829,18.01256332102753,0.0
2026-09-01T19:15:00,717447,58.51460251756832,18.02002769728541,0.0
2026-09-01T19:15:00,717512,55.91995740608329,18.02002769728541,0.0
2026-09-01T19:15:00,717446,51.17865632341954,18.02002769728541,0.0
2026-09-01T19:15:00,717445,54.93113399781285,18.02002769728541,0.0
2026-09-01T19:15:00,717458,53.0994742727551,18.02002769728541,0.0
2026-09-01T19:15:00,717459,46.12926938579119,18.02002769728541,0.0
2026-09-01T19:15:00,717460,52.1503102336673,18.02002769728541,0.0
2026-09-01T19:15:00,717461,44.943357088472986,18.02002769728541,1.8
2026-09-01T19:15:00,717462,44.13328759685306,18.02002769728541,0.0
2026-09-01T19:15:00,717463,37.99135332678008,18.02002769728541,0.0
2026-09-01T19:20:00,717447,53.636911014437885,18.02921942959939,0.0
2026-09-01T19:20:00,717512,53.84791715319166,18.02921942959939,0.0
2026-09-01T19:20:00,717446,53.98288001076165,18.02921942959939,0.0
2026-09-01T19:20:00,717445,48.573291884021614,18.02921942959939,0.0
2026-09-01T19:20:00,717458,48.45424694626856,18.02921942959939,0.0
2026-09-01T19:20:00,717459,54.428474806730186,18.02921942959939,1.8
2026-09-01T19:20:00,717460,51.47094553124809,18.02921942959939,1.8
2026-09-01T19:20:00,717461,50.875527316374274,18.02921942959939,0.0
2026-09-01T19:20:00,717462,45.69208870499166,18.02921942959939,0.0
2026-09-01T19:20:00,717463,45.67372263525466,18.02921942959939,0.0
2026-09-01T19:25:00,717447,58.26026726977935,18.04013452864661,0.0
2026-09-01T19:25:00,717512,60.1186875725227,18.04013452864661,0.0
2026-09-01T19:25:00,717446,49.446875900439686,18.04013452864661,0.0
2026-09-01T19:25:00,717445,44.9114179652227,18.04013452864661,0.0
2026-09-01T19:25:00,717458,50.059260350965666,18.04013452864661,0.0
2026-09-01T19:25:00,717459,51.13419898826892,18.04013452864661,0.0
2026-09-01T19:25:00,717460,49.461940980486816,18.04013452864661,0.0
2026-09-01T19:25:00,717461,45.762838520499386,18.04013452864661,0.0
2026-09-01T19:25:00,717462,48.383218426726806,18.04013452864661,0.0
2026-09-01T19:25:00,717463,44.171376257131485,18.04013452864661,1.8
2026-09-01T19:30:00,717447,57.32826964074604,18.052768257142237,0.0
2026-09-01T19:30:00,717512,57.52926481621549,18.052768257142237,0.0
2026-09-01T19:30:00,717446,53.59146205934982,18.052768257142237,0.0
2026-09-01T19:30:00,717445,56.07123911154643,18.052768257142237,1.8
2026-09-01T19:30:00,717458,55.448913227832804,18.052768257142237,0.0
2026-09-01T19:30:00,717459,49.15386402833822,18.052768257142237,0.0
2026-09-01T19:30:00,717460,48.63726185636878,18.052768257142237,0.0
2026-09-01T19:30:00,717461,45.99104475085523,18.052768257142237,0.0
2026-09-01T19:30:00,717462,47.66191802541154,18.052768257142237,0.0
2026-09-01T19:30:00,717463,47.4107269281737,18.052768257142237,0.0
2026-09-01T19:35:00,717447,63.55677079185638,18.067115131895488,0.0
2026-09-01T19:35:00,717512,55.88791111163742,18.067115131895488,1.8
2026-09-01T19:35:00,717446,56.551593600244125,18.067115131895488,0.0
2026-09-01T19:35:00,717445,52.98890760851271,18.067115131895488,0.0
2026-09-01T19:35:00,717458,51.880271981745054,18.067115131895488,0.0
2026-09-01T19:35:00,717459,53.194975088951495,18.067115131895488,0.0
2026-09-01T19:35:00,717460,49.66667177946373,18.067115131895488,0.0
2026-09-01T19:35:00,717461,49.52717865697637,18.067115131895488,1.8
2026-09-01T19:35:00,717462,49.703944242439356,18.067115131895488,0.0
2026-09-01T19:35:00,717463,48.10720013217447,18.067115131895488,0.0
2026-09-01T19:40:00,717447,51.722253339149965,18.08316892618942,0.0
2026-09-01T19:40:00,717512,56.19540843370653,18.08316892618942,0.0
2026-09-01T19:40:00,717446,59.77494351236811,18.08316892618942,0.0
2026-09-01T19:40:00,717445,50.58609885492019,18.08316892618942,0.0
2026-09-01T19:40:00,717458,45.060145930655715,18.08316892618942,0.0
2026-09-01T19:40:00,717459,54.59658116839461,18.08316892618942,0.0
2026-09-01T19:40:00,717460,52.41401462084512,18.08316892618942,0.0
2026-09-01T19:40:00,717461,47.212417729338696,18.08316892618942,0.0
2026-09-01T19:40:00,717462,49.6146489021588,18.08316892618942,1.8
2026-09-01T19:40:00,717463,46.204097121187964,18.08316892618942,0.0
2026-09-01T19:45:00,717447,61.071485809637906,18.100922672483378,0.0
2026-09-01T19:45:00,717512,49.82541406399817,18.100922672483378,0.0
2026-09-01T19:45:00,717446,56.42027201759387,18.100922672483378,0.0
2026-09-01T19:45:00,717445,54.375150777240925,18.100922672483378,0.0
2026-09-01T19:45:00,717458,57.18282539239865,18.100922672483378,0.0
2026-09-01T19:45:00,717459,48.011283737731176,18.100922672483378,1.8
2026-09-01T19:45:00,717460,52.52576848170361,18.100922672483378,1.8
2026-09-01T19:45:00,717461,52.864303322346466,18.100922672483378,0.0
2026-09-01T19:45:00,717462,55.55923636239721,18.100922672483378,0.0
2026-09-01T19:45:00,717463,47.34399613943092,18.100922672483378,0.0
2026-09-01T19:50:00,717447,61.209484872298546,18.12036866543702,0.0
2026-09-01T19:50:00,717512,53.624520681553896,18.12036866543702,0.0
2026-09-01T19:50:00,717446,57.81942817829678,18.12036866543702,0.0
2026-09-01T19:50:00,717445,60.17164712863626,18.12036866543702,0.0
2026-09-01T19:50:00,717458,61.042562580872556,18.12036866543702,0.0
2026-09-01T19:50:00,717459,55.495225884312795,18.12036866543702,0.0
2026-09-01T19:50:00,717460,48.323464687863265,18.12036866543702,0.0
2026-09-01T19:50:00,717461,55.90282786637204,18.12036866543702,0.0
2026-09-01T19:50:00,717462,45.94700613952723,18.12036866543702,0.0
2026-09-01T19:50:00,717463,45.89773006571766,18.12036866543702,0.0
2026-09-01T19:55:00,717447,65.18480156127018,18.141498465254497,0.0
2026-09-01T19:55:00,717512,59.39028315596699,18.141498465254497,0.0
2026-09-01T19:55:00,717446,56.65529817987572,18.141498465254497,0.0
2026-09-01T19:55:00,717445,59.32104157369367,18.141498465254497,0.0
2026-09-01T19:55:00,717458,56.51785942925425,18.141498465254497,0.0
2026-09-01T19:55:00,717459,61.41364455960094,18.141498465254497,0.0
2026-09-01T19:55:00,717460,56.85100533901324,18.141498465254497,1.8
2026-09-01T19:55:00,717461,53.05698052875188,18.141498465254497,0.0
2026-09-01T19:55:00,717462,51.92651921051134,18.141498465254497,0.0
2026-09-01T19:55:00,717463,53.13130538239338,18.141498465254497,0.0
2026-09-01T20:00:00,717447,61.082833637824024,18.164302901347448,0.0
2026-09-01T20:00:00,717512,57.49464317564377,18.164302901347448,0.0
2026-09-01T20:00:00,717446,61.236496372717724,18.164302901347448,0.0
2026-09-01T20:00:00,717445,56.882675813483786,18.164302901347448,0.0
2026-09-01T20:00:00,717458,57.43064288302942,18.164302901347448,0.0
2026-09-01T20:00:00,717459,49.37135636890419,18.164302901347448,0.0
2026-09-01T20:00:00,717460,53.76154194355476,18.164302901347448,0.0
2026-09-01T20:00:00,717461,51.38675780194514,18.164302901347448,0.0
2026-09-01T20:00:00,717462,45.692555790373554,18.164302901347448,0.0
2026-09-01T20:00:00,717463,50.2541095541548,18.164302901347448,0.0
2026-09-01T20:05:00,717447,61.63319397766141,18.18877207631514,0.0
2026-09-01T20:05:00,717512,61.72947614572349,18.18877207631514,0.0
2026-09-01T20:05:00,717446,62.91570738306684,18.18877207631514,0.0
2026-09-01T20:05:00,717445,61.15686893621049,18.18877207631514,1.8
2026-09-01T20:05:00,717458,55.66466450515243,18.18877207631514,0.0
2026-09-01T20:05:00,717459,56.39462999442149,18.18877207631514,0.0
2026-09-01T20:05:00,717460,56.16338937286561,18.18877207631514,1.8
2026-09-01T20:05:00,717461,52.14663629330135,18.18877207631514,0.0
2026-09-01T20:05:00,717462,47.785394258392266,18.18877207631514,1.8
2026-09-01T20:05:00,717463,50.412159621544056,18.18877207631514,0.0
2026-09-01T20:10:00,717447,65.88652574131122,18.214895370240054,0.0
2026-09-01T20:10:00,717512,56.48519770695052,18.214895370240054,1.8
2026-09-01T20:10:00,717446,56.91273692217768,18.214895370240054,0.0
2026-09-01T20:10:00,717445,56.28913093537383,18.214895370240054,0.0
2026-09-01T20:10:00,717458,54.544335738070366,18.214895370240054,0.0
2026-09-01T20:10:00,717459,58.37698502708139,18.214895370240054,0.0
2026-09-01T20:10:00,717460,53.176626338117785,18.214895370240054,1.8
2026-09-01T20:10:00,717461,56.062567784249005,18.214895370240054,0.0
2026-09-01T20:10:00,717462,52.799777669266284,18.214895370240054,0.0
2026-09-01T20:10:00,717463,46.22957897814051,18.214895370240054,0.0
2026-09-01T20:15:00,717447,61.42059146626259,18.242661445297074,0.0
2026-09-01T20:15:00,717512,64.466290423939,18.242661445297074,0.0
2026-09-01T20:15:00,717446,60.711997885335514,18.242661445297074,1.8
2026-09-01T20:15:00,717445,58.038859118915234,18.242661445297074,0.0
2026-09-01T20:15:00,717458,61.50936557780291,18.242661445297074,0.0
2026-09-01T20:15:00,717459,53.41847950613672,18.242661445297074,0.0
2026-09-01T20:15:00,717460,53.661912082998185,18.242661445297074,0.0
2026-09-01T20:15:00,717461,56.95011612054453,18.242661445297074,0.0
2026-09-01T20:15:00,717462,55.09260386827567,18.242661445297074,0.0
2026-09-01T20:15:00,717463,48.38744004453019,18.242661445297074,0.0
2026-09-01T20:20:00,717447,64.40545547881192,18.272058250674213,0.0
2026-09-01T20:20:00,717512,59.84962441622509,18.272058250674213,0.0
2026-09-01T20:20:00,717446,54.396131174892915,18.272058250674213,0.0
2026-09-01T20:20:00,717445,58.43428915560367,18.272058250674213,0.0
2026-09-01T20:20:00,717458,64.03136856670072,18.272058250674213,0.0
2026-09-01T20:20:00,717459,60.061668090076594,18.272058250674213,1.8
2026-09-01T20:20:00,717460,55.644228524697965,18.272058250674213,0.0
2026-09-01T20:20:00,717461,49.8398103422929,18.272058250674213,0.0
2026-09-01T20:20:00,717462,47.27767912376347,18.272058250674213,0.0
2026-09-01T20:20:00,717463,52.32882103708621,18.272058250674213,0.0
2026-09-01T20:25:00,717447,64.49623455989375,18.30307302780284,1.8
2026-09-01T20:25:00,717512,64.23121419813464,18.30307302780284,0.0
2026-09-01T20:25:00,717446,62.65792241931732,18.30307302780284,1.8
2026-09-01T20:25:00,717445,61.72425704549183,18.30307302780284,0.0
2026-09-01T20:25:00,717458,59.31339826059531,18.30307302780284,0.0
2026-09-01T20:25:00,717459,60.870037916538195,18.30307302780284,0.0
2026-09-01T20:25:00,717460,54.50670316210561,18.30307302780284,0.0
2026-09-01T20:25:00,717461,54.98081700408217,18.30307302780284,1.8
2026-09-01T20:25:00,717462,48.45693088615593,18.30307302780284,0.0
2026-09-01T20:25:00,717463,50.8454705676116,18.30307302780284,1.8
2026-09-01T20:30:00,717447,66.5270703767667,18.335692315895024,0.0
2026-09-01T20:30:00,717512,64.28174681158363,18.335692315895024,1.8
2026-09-01T20:30:00,717446,54.028750167663304,18.335692315895024,1.8
2026-09-01T20:30:00,717445,66.06993720902362,18.335692315895024,0.0
2026-09-01T20:30:00,717458,59.21511200721281,18.335692315895024,0.0
2026-09-01T20:30:00,717459,58.07229771774806,18.335692315895024,1.8
2026-09-01T20:30:00,717460,54.52131138737906,18.335692315895024,0.0
2026-09-01T20:30:00,717461,53.93064227216991,18.335692315895024,0.0
2026-09-01T20:30:00,717462,54.38123766088613,18.335692315895024,0.0
2026-09-01T20:30:00,717463,54.49962655978899,18.335692315895024,0.0
2026-09-01T20:35:00,717447,64.74316339669963,18.369901957785714,0.0
2026-09-01T20:35:00,717512,60.971966272004316,18.369901957785714,0.0
2026-09-01T20:35:00,717446,58.66812861911759,18.369901957785714,0.0
2026-09-01T20:35:00,717445,57.27754255238529,18.369901957785714,1.8
2026-09-01T20:35:00,717458,62.21031094407296,18.369901957785714,0.0
2026-09-01T20:35:00,717459,60.59850830907526,18.369901957785714,0.0
2026-09-01T20:35:00,717460,58.03205847779,18.369901957785714,0.0
2026-09-01T20:35:00,717461,58.585932362290414,18.369901957785714,1.8
2026-09-01T20:35:00,717462,53.794619481505535,18.369901957785714,1.8
2026-09-01T20:35:00,717463,55.51078907830977,18.369901957785714,0.0
2026-09-01T20:40:00,717447,65.58887836442152,18.40568710607708,0.0
2026-09-01T20:40:00,717512,65.39466031031223,18.40568710607708,1.8
2026-09-01T20:40:00,717446,58.39083090781359,18.40568710607708,0.0
2026-09-01T20:40:00,717445,52.87196975625972,18.40568710607708,0.0
2026-09-01T20:40:00,717458,59.95235323599873,18.40568710607708,1.8
2026-09-01T20:40:00,717459,52.11746765547544,18.40568710607708,0.0
2026-09-01T20:40:00,717460,55.713604518509115,18.40568710607708,0.0
2026-09-01T20:40:00,717461,48.9111095285853,18.40568710607708,0.0
2026-09-01T20:40:00,717462,58.132363637118225,18.40568710607708,0.0
2026-09-01T20:40:00,717463,56.00376173979099,18.40568710607708,0.0
2026-09-01T20:45:00,717447,65.18604835619462,18.443032229582496,1.8
2026-09-01T20:45:00,717512,60.40196559548639,18.443032229582496,0.0
2026-09-01T20:45:00,717446,56.3914624636387,18.443032229582496,1.8
2026-09-01T20:45:00,717445,53.84353364966223,18.443032229582496,0.0
2026-09-01T20:45:00,717458,57.67566825629321,18.443032229582496,0.0
2026-09-01T20:45:00,717459,60.22252922431696,18.443032229582496,0.0
2026-09-01T20:45:00,717460,55.913141586306025,18.443032229582496,0.0
2026-09-01T20:45:00,717461,57.23536680637725,18.443032229582496,0.0
2026-09-01T20:45:00,717462,56.190595622502066,18.443032229582496,1.8
2026-09-01T20:45:00,717463,55.3756283322885,18.443032229582496,0.0
2026-09-01T20:50:00,717447,58.46925217142049,18.48192112006724,0.0
2026-09-01T20:50:00,717512,60.795444469501064,18.48192112006724,1.8
2026-09-01T20:50:00,717446,63.32174401823185,18.48192112006724,0.0
2026-09-01T20:50:00,717445,65.16964150126584,18.48192112006724,0.0
2026-09-01T20:50:00,717458,62.92852633556413,18.48192112006724,1.8
2026-09-01T20:50:00,717459,59.169241094518796,18.48192112006724,1.8
2026-09-01T20:50:00,717460,60.882464812491804,18.48192112006724,0.0
2026-09-01T20:50:00,717461,56.7456942879574,18.48192112006724,0.0
2026-09-01T20:50:00,717462,50.0249735317511,18.48192112006724,1.8
2026-09-01T20:50:00,717463,55.465665783203306,18.48192112006724,0.0
2026-09-01T20:55:00,717447,67.96848351114255,18.522336899283083,0.0
2026-09-01T20:55:00,717512,68.75077946604067,18.522336899283083,0.0
2026-09-01T20:55:00,717446,60.26264404392048,18.522336899283083,1.8
2026-09-01T20:55:00,717445,57.33344559164996,18.522336899283083,1.8
2026-09-01T20:55:00,717458,62.1529310391342,18.522336899283083,0.0
2026-09-01T20:55:00,717459,59.65573529859974,18.522336899283083,0.0
2026-09-01T20:55:00,717460,58.172249489256146,18.522336899283083,0.0
2026-09-01T20:55:00,717461,59.85414362144221,18.522336899283083,0.0
2026-09-01T20:55:00,717462,57.340101659570315,18.522336899283083,1.8
2026-09-01T20:55:00,717463,55.14488069915586,18.522336899283083,0.0
2026-09-01T21:00:00,717447,63.123593167042685,18.564262026293633,0.0
2026-09-01T21:00:00,717512,65.57679638788596,18.564262026293633,0.0
2026-09-01T21:00:00,717446,58.52353354384844,18.564262026293633,0.0
2026-09-01T21:00:00,717445,61.76451222353074,18.564262026293633,0.0
2026-09-01T21:00:00,717458,59.605326685362826,18.564262026293633,0.0
2026-09-01T21:00:00,717459,53.722834488656545,18.564262026293633,0.0
2026-09-01T21:00:00,717460,58.56920125620198,18.564262026293633,0.0
2026-09-01T21:00:00,717461,54.373340032648414,18.564262026293633,0.0
2026-09-01T21:00:00,717462,56.09336531931066,18.564262026293633,0.0
2026-09-01T21:00:00,717463,50.83439549810091,18.564262026293633,0.0
2026-09-01T21:05:00,717447,67.16524706350567,18.607678305087322,0.0
2026-09-01T21:05:00,717512,68.42727088619448,18.607678305087322,0.0
2026-09-01T21:05:00,717446,55.686107369600904,18.607678305087322,0.0
2026-09-01T21:05:00,717445,57.412571419501134,18.607678305087322,0.0
2026-09-01T21:05:00,717458,56.91880425421768,18.607678305087322,0.0
2026-09-01T21:05:00,717459,54.53761355445584,18.607678305087322,0.0
2026-09-01T21:05:00,717460,56.75293652959442,18.607678305087322,0.0
2026-09-01T21:05:00,717461,57.33335581559334,18.607678305087322,1.8
2026-09-01T21:05:00,717462,57.06655768114255,18.607678305087322,0.0
2026-09-01T21:05:00,717463,54.59199060229561,18.607678305087322,0.0
2026-09-01T21:10:00,717447,66.64227794463815,18.652566892474706,0.0
2026-09-01T21:10:00,717512,63.260391557460224,18.652566892474706,0.0
2026-09-01T21:10:00,717446,60.501652017843654,18.652566892474706,1.8
2026-09-01T21:10:00,717445,58.26219951989975,18.652566892474706,1.8
2026-09-01T21:10:00,717458,59.335234788773846,18.652566892474706,0.0
2026-09-01T21:10:00,717459,55.93055565829749,18.652566892474706,1.8
2026-09-01T21:10:00,717460,58.514013633925416,18.652566892474706,0.0
2026-09-01T21:10:00,717461,53.57549821691015,18.652566892474706,1.8
2026-09-01T21:10:00,717462,53.605872297340795,18.652566892474706,0.0
2026-09-01T21:10:00,717463,57.09198743049777,18.652566892474706,0.0
2026-09-01T21:15:00,717447,68.27100133430851,18.698908306266617,0.0
2026-09-01T21:15:00,717512,66.96349601876373,18.698908306266617,0.0
2026-09-01T21:15:00,717446,62.17129640799319,18.698908306266617,0.0
2026-09-01T21:15:00,717445,59.47767140246918,18.698908306266617,0.0
2026-09-01T21:15:00,717458,61.43311158609656,18.698908306266617,0.0
2026-09-01T21:15:00,717459,56.095195409057744,18.698908306266617,0.0
2026-09-01T21:15:00,717460,59.75799355386178,18.698908306266617,1.8
2026-09-01T21:15:00,717461,54.41785418685604,18.698908306266617,0.0
2026-09-01T21:15:00,717462,54.47401805787705,18.698908306266617,0.0
2026-09-01T21:15:00,717463,56.22934573820545,18.698908306266617,0.0
2026-09-01T21:20:00,717447,59.318525507,18.74668243372968,0.0
2026-09-01T21:20:00,717512,61.788780665118914,18.74668243372968,0.0
2026-09-01T21:20:00,717446,63.49241938470872,18.74668243372968,0.0
2026-09-01T21:20:00,717445,62.93472621418942,18.74668243372968,1.8
2026-09-01T21:20:00,717458,61.21343397086635,18.74668243372968,0.0
2026-09-01T21:20:00,717459,58.08857528251045,18.74668243372968,0.0
2026-09-01T21:20:00,717460,60.200256767900385,18.74668243372968,1.8
2026-09-01T21:20:00,717461,53.48331354477224,18.74668243372968,0.0
2026-09-01T21:20:00,717462,52.16497958781509,18.74668243372968,0.0
2026-09-01T21:20:00,717463,55.06227626672079,18.74668243372968,0.0
2026-09-01T21:25:00,717447,61.61347371668083,18.79586854031548,0.0
2026-09-01T21:25:00,717512,68.78117024388929,18.79586854031548,1.8
2026-09-01T21:25:00,717446,64.79962633652802,18.79586854031548,0.0
2026-09-01T21:25:00,717445,59.51212711476349,18.79586854031548,0.0
2026-09-01T21:25:00,717458,62.581454335662684,18.79586854031548,0.0
2026-09-01T21:25:00,717459,55.136497611962575,18.79586854031548,0.0
2026-09-01T21:25:00,717460,61.980401502911505,18.79586854031548,1.8
2026-09-01T21:25:00,717461,56.4664962002611,18.79586854031548,0.0
2026-09-01T21:25:00,717462,53.434814181457185,18.79586854031548,0.0
2026-09-01T21:25:00,717463,53.12650308808153,18.79586854031548,0.0
2026-09-01T21:30:00,717447,62.610709394412105,18.846445278659615,0.0
2026-09-01T21:30:00,717512,62.99417266992923,18.846445278659615,0.0
2026-09-01T21:30:00,717446,58.927896124370534,18.846445278659615,0.0
2026-09-01T21:30:00,717445,66.72041418650589,18.846445278659615,0.0
2026-09-01T21:30:00,717458,58.35959868903627,18.846445278659615,1.8
2026-09-01T21:30:00,717459,61.35363282122165,18.846445278659615,1.8
2026-09-01T21:30:00,717460,58.28719271362375,18.846445278659615,0.0
2026-09-01T21:30:00,717461,53.50518031123453,18.846445278659615,0.0
2026-09-01T21:30:00,717462,54.69399845742152,18.846445278659615,0.0
2026-09-01T21:30:00,717463,57.63812130023352,18.846445278659615,0.0
2026-09-01T21:35:00,717447,63.50821297138731,18.898390697846683,0.0
2026-09-01T21:35:00,717512,60.447655944861836,18.898390697846683,1.8
2026-09-01T21:35:00,717446,64.12454342880336,18.898390697846683,0.0
2026-09-01T21:35:00,717445,54.77246907392496,18.898390697846683,0.0
2026-09-01T21:35:00,717458,59.25455051925965,18.898390697846683,0.0
2026-09-01T21:35:00,717459,62.76100480525393,18.898390697846683,0.0
2026-09-01T21:35:00,717460,57.0393017271556,18.898390697846683,0.0
2026-09-01T21:35:00,717461,59.299615765727076,18.898390697846683,0.0
2026-09-01T21:35:00,717462,52.0107585079201,18.898390697846683,1.8
2026-09-01T21:35:00,717463,53.326155055579164,18.898390697846683,1.8
2026-09-01T21:40:00,717447,63.8747944868504,18.951682252937278,0.0
2026-09-01T21:40:00,717512,65.17805220842877,18.951682252937278,0.0
2026-09-01T21:40:00,717446,62.71380414495061,18.951682252937278,0.0
2026-09-01T21:40:00,717445,55.25050660673138,18.951682252937278,0.0
2026-09-01T21:40:00,717458,64.43612362060546,18.951682252937278,1.8
2026-09-01T21:40:00,717459,57.373165881169705,18.951682252937278,1.8
2026-09-01T21:40:00,717460,57.87788042273327,18.951682252937278,0.0
2026-09-01T21:40:00,717461,55.58133946123561,18.951682252937278,0.0
2026-09-01T21:40:00,717462,55.26045757622206,18.951682252937278,0.0
2026-09-01T21:40:00,717463,53.7928323307067,18.951682252937278,0.0
2026-09-01T21:45:00,717447,62.26700298630511,19.006296814752748,0.0
2026-09-01T21:45:00,717512,66.04437989457941,19.006296814752748,0.0
2026-09-01T21:45:00,717446,60.52742410853991,19.006296814752748,0.0
2026-09-01T21:45:00,717445,59.130084665501144,19.006296814752748,0.0
2026-09-01T21:45:00,717458,55.49417932284215,19.006296814752748,0.0
2026-09-01T21:45:00,717459,57.31107631948261,19.006296814752748,0.0
2026-09-01T21:45:00,717460,55.691299403293556,19.006296814752748,0.0
2026-09-01T21:45:00,717461,47.7862233934216,19.006296814752748,0.0
2026-09-01T21:45:00,717462,49.276974968505186,19.006296814752748,0.0
2026-09-01T21:45:00,717463,45.63201358792,19.006296814752748,0.0
2026-09-01T21:50:00,717447,64.26708549264521,19.062210679913537,0.0
2026-09-01T21:50:00,717512,67.91112772367025,19.062210679913537,0.0
2026-09-01T21:50:00,717446,58.36584821828097,19.062210679913537,0.0
2026-09-01T21:50:00,717445,61.24040276292008,19.062210679913537,0.0
2026-09-01T21:50:00,717458,59.39820707348193,19.062210679913537,0.0
2026-09-01T21:50:00,717459,60.82389554657118,19.062210679913537,0.0
2026-09-01T21:50:00,717460,59.85437503419864,19.062210679913537,1.8
2026-09-01T21:50:00,717461,63.008840666931384,19.062210679913537,0.0
2026-09-01T21:50:00,717462,56.082305480731186,19.062210679913537,0.0
2026-09-01T21:50:00,717463,51.73721455336334,19.062210679913537,0.0
2026-09-01T21:55:00,717447,63.259396977617605,19.11939958112675,0.0
2026-09-01T21:55:00,717512,62.34217891778622,19.11939958112675,0.0
2026-09-01T21:55:00,717446,60.63112562084843,19.11939958112675,0.0
2026-09-01T21:55:00,717445,66.35218183411017,19.11939958112675,1.8
2026-09-01T21:55:00,717458,62.11304453607026,19.11939958112675,1.8
2026-09-01T21:55:00,717459,54.06212074998835,19.11939958112675,0.0
2026-09-01T21:55:00,717460,59.19690758545735,19.11939958112675,0.0
2026-09-01T21:55:00,717461,53.390803054798226,19.11939958112675,0.0
2026-09-01T21:55:00,717462,57.43443317678615,19.11939958112675,0.0
2026-09-01T21:55:00,717463,57.47362528012371,19.11939958112675,0.0
2026-09-01T22:00:00,717447,64.27184894230277,19.177838697718432,0.0
2026-09-01T22:00:00,717512,62.03649304208732,19.177838697718432,0.0
2026-09-01T22:00:00,717446,66.97885584354316,19.177838697718432,0.0
2026-09-01T22:00:00,717445,59.26726611058893,19.177838697718432,0.0
2026-09-01T22:00:00,717458,57.77734136153238,19.177838697718432,0.0
2026-09-01T22:00:00,717459,56.11556127869348,19.177838697718432,0.0
2026-09-01T22:00:00,717460,57.51760669940238,19.177838697718432,0.0
2026-09-01T22:00:00,717461,57.295026954073954,19.177838697718432,1.8
2026-09-01T22:00:00,717462,58.21967050399031,19.177838697718432,1.8
2026-09-01T22:00:00,717463,55.74644554208925,19.177838697718432,0.0
2026-09-01T22:05:00,717447,66.50386152985561,19.23750266640606,1.8
2026-09-01T22:05:00,717512,67.59109961189577,19.23750266640606,0.0
2026-09-01T22:05:00,717446,59.59479111985343,19.23750266640606,0.0
2026-09-01T22:05:00,717445,57.03777332987339,19.23750266640606,0.0
2026-09-01T22:05:00,717458,61.90547969843006,19.23750266640606,0.0
2026-09-01T22:05:00,717459,58.5874107840539,19.23750266640606,0.0
2026-09-01T22:05:00,717460,60.63919683473168,19.23750266640606,0.0
2026-09-01T22:05:00,717461,56.457160438141436,19.23750266640606,1.8
2026-09-01T22:05:00,717462,53.548336829072056,19.23750266640606,0.0
2026-09-01T22:05:00,717463,55.95098004506336,19.23750266640606,0.0
2026-09-01T22:10:00,717447,65.22325411647606,19.298365592306503,1.8
2026-09-01T22:10:00,717512,63.66573960515696,19.298365592306503,1.8
2026-09-01T22:10:00,717446,69.74453482891876,19.298365592306503,0.0
2026-09-01T22:10:00,717445,64.93218878589597,19.298365592306503,1.8
2026-09-01T22:10:00,717458,62.34789953526399,19.298365592306503,0.0
2026-09-01T22:10:00,717459,59.314816324917615,19.298365592306503,0.0
2026-09-01T22:10:00,717460,57.858033108629556,19.298365592306503,0.0
2026-09-01T22:10:00,717461,55.66872587450971,19.298365592306503,0.0
2026-09-01T22:10:00,717462,56.011221368200374,19.298365592306503,0.0
2026-09-01T22:10:00,717463,52.71399060997638,19.298365592306503,0.0
2026-09-01T22:15:00,717447,61.41726557282091,19.360401060174713,0.0
2026-09-01T22:15:00,717512,63.63451536904144,19.360401060174713,0.0
2026-09-01T22:15:00,717446,63.45699792444426,19.360401060174713,0.0
2026-09-01T22:15:00,717445,64.2576747247506,19.360401060174713,0.0
2026-09-01T22:15:00,717458,57.811510456342106,19.360401060174713,0.0
2026-09-01T22:15:00,717459,59.08618012011024,19.360401060174713,0.0
2026-09-01T22:15:00,717460,59.34076937274615,19.360401060174713,0.0
2026-09-01T22:15:00,717461,58.071570894508504,19.360401060174713,0.0
2026-09-01T22:15:00,717462,60.19717315635159,19.360401060174713,1.8
2026-09-01T22:15:00,717463,53.328873060299756,19.360401060174713,0.0
2026-09-01T22:20:00,717447,62.383075997909486,19.423582145868274,0.0
2026-09-01T22:20:00,717512,64.0812987619844,19.423582145868274,0.0
2026-09-01T22:20:00,717446,61.88010929476811,19.423582145868274,0.0
2026-09-01T22:20:00,717445,60.16720314919136,19.423582145868274,1.8
2026-09-01T22:20:00,717458,58.58358887017152,19.423582145868274,0.0
2026-09-01T22:20:00,717459,59.872773249830956,19.423582145868274,0.0
2026-09-01T22:20:00,717460,55.7915919883161,19.423582145868274,0.0
2026-09-01T22:20:00,717461,58.75356933901892,19.423582145868274,0.0
2026-09-01T22:20:00,717462,57.40369270614797,19.423582145868274,1.8
2026-09-01T22:20:00,717463,55.34046509872218,19.423582145868274,0.0
2026-09-01T22:25:00,717447,62.007453874968284,19.487881428032786,0.0
2026-09-01T22:25:00,717512,64.53938400916189,19.487881428032786,0.0
2026-09-01T22:25:00,717446,65.67897874323363,19.487881428032786,1.8
2026-09-01T22:25:00,717445,63.78084522157989,19.487881428032786,0.0
2026-09-01T22:25:00,717458,62.12750257689025,19.487881428032786,0.0
2026-09-01T22:25:00,717459,59.048883153461745,19.487881428032786,0.0
2026-09-01T22:25:00,717460,57.71804093875858,19.487881428032786,0.0
2026-09-01T22:25:00,717461,60.19809318431688,19.487881428032786,0.0
2026-09-01T22:25:00,717462,56.22799101540321,19.487881428032786,0.0
2026-09-01T22:25:00,717463,55.06543047041359,19.487881428032786,0.0
2026-09-01T22:30:00,717447,73.25862242397443,19.553271000003072,0.0
2026-09-01T22:30:00,717512,62.87613735035332,19.553271000003072,0.0
2026-09-01T22:30:00,717446,56.322060496255254,19.553271000003072,1.8
2026-09-01T22:30:00,717445,60.88219445242701,19.553271000003072,0.0
2026-09-01T22:30:00,717458,59.84904668629555,19.553271000003072,0.0
2026-09-01T22:30:00,717459,59.78577400775164,19.553271000003072,0.0
2026-09-01T22:30:00,717460,59.25152356750054,19.553271000003072,0.0
2026-09-01T22:30:00,717461,50.74485392684746,19.553271000003072,0.0
2026-09-01T22:30:00,717462,56.9140300092208,19.553271000003072,0.0
2026-09-01T22:30:00,717463,54.02078309759263,19.553271000003072,0.0
2026-09-01T22:35:00,717447,64.20644647917348,19.61972248191502,0.0
2026-09-01T22:35:00,717512,59.00700481651066,19.61972248191502,0.0
2026-09-01T22:35:00,717446,66.87660281510064,19.61972248191502,0.0
2026-09-01T22:35:00,717445,60.136382464257345,19.61972248191502,0.0
2026-09-01T22:35:00,717458,62.17304044557383,19.61972248191502,1.8
2026-09-01T22:35:00,717459,56.582841478050554,19.61972248191502,0.0
2026-09-01T22:35:00,717460,58.71672357235691,19.61972248191502,0.0
2026-09-01T22:35:00,717461,55.851429467513874,19.61972248191502,0.0
2026-09-01T22:35:00,717462,57.27750561491849,19.61972248191502,1.8
2026-09-01T22:35:00,717463,53.3561643323434,19.61972248191502,0.0
2026-09-01T22:40:00,717447,62.45898391583983,19.687207033022766,0.0
2026-09-01T22:40:00,717512,63.753706331602146,19.687207033022766,0.0
2026-09-01T22:40:00,717446,62.408058562956704,19.687207033022766,0.0
2026-09-01T22:40:00,717445,62.11972397454236,19.687207033022766,0.0
2026-09-01T22:40:00,717458,62.96652907746427,19.687207033022766,0.0
2026-09-01T22:40:00,717459,55.84413326383876,19.687207033022766,0.0
2026-09-01T22:40:00,717460,60.40232073109448,19.687207033022766,1.8
2026-09-01T22:40:00,717461,53.036993947992606,19.687207033022766,1.8
2026-09-01T22:40:00,717462,57.15957089373537,19.687207033022766,0.0
2026-09-01T22:40:00,717463,56.055219583430784,19.687207033022766,0.0
2026-09-01T22:45:00,717447,63.59151908302813,19.75569536421593,0.0
2026-09-01T22:45:00,717512,61.52071164930295,19.75569536421593,0.0
2026-09-01T22:45:00,717446,60.177876635754934,19.75569536421593,1.8
2026-09-01T22:45:00,717445,61.62409224312436,19.75569536421593,1.8
2026-09-01T22:45:00,717458,62.25377666200434,19.75569536421593,0.0
2026-09-01T22:45:00,717459,58.57206166507871,19.75569536421593,0.0
2026-09-01T22:45:00,717460,51.262373463914784,19.75569536421593,1.8
2026-09-01T22:45:00,717461,55.00860653258806,19.75569536421593,0.0
2026-09-01T22:45:00,717462,53.711481125053986,19.75569536421593,0.0
2026-09-01T22:45:00,717463,55.635090283397346,19.75569536421593,0.0
2026-09-01T22:50:00,717447,66.59084794617482,19.825157750731474,0.0
2026-09-01T22:50:00,717512,64.24440007324526,19.825157750731474,0.0
2026-09-01T22:50:00,717446,65.21000959525739,19.825157750731474,1.8
2026-09-01T22:50:00,717445,64.24420895090705,19.825157750731474,0.0
2026-09-01T22:50:00,717458,58.77038332947748,19.825157750731474,0.0
2026-09-01T22:50:00,717459,56.519433686348556,19.825157750731474,0.0
2026-09-01T22:50:00,717460,57.57015530943711,19.825157750731474,0.0
2026-09-01T22:50:00,717461,51.543766929813025,19.825157750731474,0.0
2026-09-01T22:50:00,717462,55.83857555665225,19.825157750731474,1.8
2026-09-01T22:50:00,717463,52.631374951432214,19.825157750731474,0.0
2026-09-01T22:55:00,717447,74.22892653871531,19.895564045054563,0.0
2026-09-01T22:55:00,717512,67.87869312871474,19.895564045054563,0.0
2026-09-01T22:55:00,717446,60.77432699936184,19.895564045054563,0.0
2026-09-01T22:55:00,717445,58.35490624805156,19.895564045054563,0.0
2026-09-01T22:55:00,717458,58.15420472296509,19.895564045054563,1.8
2026-09-01T22:55:00,717459,61.90182350024942,19.895564045054563,1.8
2026-09-01T22:55:00,717460,60.779692071765126,19.895564045054563,0.0
2026-09-01T22:55:00,717461,60.720088583808156,19.895564045054563,0.0
2026-09-01T22:55:00,717462,52.84118512995149,19.895564045054563,0.0
2026-09-01T22:55:00,717463,55.624442260249836,19.895564045054563,0.0
2026-09-01T23:00:00,717447,62.68346235673115,19.966883690002966,0.0
2026-09-01T23:00:00,717512,68.62734022623769,19.966883690002966,0.0
2026-09-01T23:00:00,717446,60.13255019342599,19.966883690002966,0.0
2026-09-01T23:00:00,717445,57.740924829343186,19.966883690002966,1.8
2026-09-01T23:00:00,717458,57.00611820845773,19.966883690002966,0.0
2026-09-01T23:00:00,717459,58.969243802958616,19.966883690002966,0.0
2026-09-01T23:00:00,717460,59.811511973740394,19.966883690002966,0.0
2026-09-01T23:00:00,717461,58.41014978974345,19.966883690002966,0.0
2026-09-01T23:00:00,717462,52.316567574331735,19.966883690002966,0.0
2026-09-01T23:00:00,717463,53.07897349108583,19.966883690002966,0.0
2026-09-01T23:05:00,717447,63.50950677886302,20.039085731989267,1.8
2026-09-01T23:05:00,717512,60.33862470735457,20.039085731989267,0.0
2026-09-01T23:05:00,717446,61.04434406872532,20.039085731989267,0.0
2026-09-01T23:05:00,717445,65.37493025662005,20.039085731989267,0.0
2026-09-01T23:05:00,717458,56.38334498197076,20.039085731989267,0.0
2026-09-01T23:05:00,717459,59.6332916877209,20.039085731989267,0.0
2026-09-01T23:05:00,717460,61.85244425526906,20.039085731989267,0.0
2026-09-01T23:05:00,717461,60.47733785386355,20.039085731989267,0.0
2026-09-01T23:05:00,717462,60.39030048173934,20.039085731989267,0.0
2026-09-01T23:05:00,717463,55.11483136490298,20.039085731989267,0.0
2026-09-01T23:10:00,717447,66.34152480962392,20.112138834455074,0.0
2026-09-01T23:10:00,717512,62.29564067504635,20.112138834455074,1.8
2026-09-01T23:10:00,717446,58.72765873257834,20.112138834455074,0.0
2026-09-01T23:10:00,717445,60.96956625232442,20.112138834455074,1.8
2026-09-01T23:10:00,717458,63.48898435310775,20.112138834455074,0.0
2026-09-01T23:10:00,717459,52.42558144492115,20.112138834455074,0.0
2026-09-01T23:10:00,717460,56.420049150925564,20.112138834455074,1.8
2026-09-01T23:10:00,717461,58.22951548203242,20.112138834455074,0.0
2026-09-01T23:10:00,717462,55.408786179135966,20.112138834455074,0.0
2026-09-01T23:10:00,717463,57.88931410373304,20.112138834455074,1.8
2026-09-01T23:15:00,717447,67.94757097587639,20.186011291471445,0.0
2026-09-01T23:15:00,717512,59.59930937801753,20.186011291471445,0.0
2026-09-01T23:15:00,717446,62.84801925912085,20.186011291471445,0.0
2026-09-01T23:15:00,717445,59.215005844657114,20.186011291471445,0.0
2026-09-01T23:15:00,717458,57.98020805564766,20.186011291471445,0.0
2026-09-01T23:15:00,717459,54.99568972683586,20.186011291471445,0.0
2026-09-01T23:15:00,717460,58.520139079405226,20.186011291471445,0.0
2026-09-01T23:15:00,717461,60.35892002187129,20.186011291471445,0.0
2026-09-01T23:15:00,717462,56.380087749397866,20.186011291471445,0.0
2026-09-01T23:15:00,717463,50.03162535693359,20.186011291471445,0.0
2026-09-01T23:20:00,717447,64.84508439733042,20.26067104149969,1.8
2026-09-01T23:20:00,717512,65.3089242887756,20.26067104149969,0.0
2026-09-01T23:20:00,717446,62.229620990766044,20.26067104149969,0.0
2026-09-01T23:20:00,717445,62.32679551200233,20.26067104149969,0.0
2026-09-01T23:20:00,717458,58.232590024520036,20.26067104149969,0.0
2026-09-01T23:20:00,717459,58.29251944833436,20.26067104149969,0.0
2026-09-01T23:20:00,717460,56.91628591014026,20.26067104149969,0.0
2026-09-01T23:20:00,717461,60.957919818282924,20.26067104149969,0.0
2026-09-01T23:20:00,717462,52.374306985262315,20.26067104149969,0.0
2026-09-01T23:20:00,717463,47.94195954970436,20.26067104149969,0.0
2026-09-01T23:25:00,717447,69.13515864533913,20.336085681306436,0.0
2026-09-01T23:25:00,717512,64.14722352463545,20.336085681306436,0.0
2026-09-01T23:25:00,717446,59.005850475302836,20.336085681306436,0.0
2026-09-01T23:25:00,717445,64.06098909229348,20.336085681306436,0.0
2026-09-01T23:25:00,717458,61.89427683875499,20.336085681306436,0.0
2026-09-01T23:25:00,717459,63.90714318136207,20.336085681306436,1.8
2026-09-01T23:25:00,717460,58.37754051914854,20.336085681306436,0.0
2026-09-01T23:25:00,717461,63.7760786687766,20.336085681306436,0.0
2026-09-01T23:25:00,717462,55.05534301667743,20.336085681306436,0.0
2026-09-01T23:25:00,717463,55.90006494150717,20.336085681306436,1.8
2026-09-01T23:30:00,717447,67.13405202018515,20.412222480027012,0.0
2026-09-01T23:30:00,717512,73.13855088492019,20.412222480027012,0.0
2026-09-01T23:30:00,717446,61.328541235720564,20.412222480027012,0.0
2026-09-01T23:30:00,717445,60.03957795663711,20.412222480027012,0.0
2026-09-01T23:30:00,717458,62.398307527253905,20.412222480027012,0.0
2026-09-01T23:30:00,717459,55.17712392455829,20.412222480027012,0.0
2026-09-01T23:30:00,717460,55.59712031587556,20.412222480027012,0.0
2026-09-01T23:30:00,717461,56.175231369775126,20.412222480027012,0.0
2026-09-01T23:30:00,717462,60.19478570471177,20.412222480027012,1.8
2026-09-01T23:30:00,717463,56.40046372230627,20.412222480027012,0.0
2026-09-01T23:35:00,717447,65.22969873537205,20.48904839337107,0.0
2026-09-01T23:35:00,717512,62.26458085019017,20.48904839337107,0.0
2026-09-01T23:35:00,717446,56.28562300686004,20.48904839337107,0.0
2026-09-01T23:35:00,717445,67.52640525562128,20.48904839337107,0.0
2026-09-01T23:35:00,717458,60.02614827438636,20.48904839337107,0.0
2026-09-01T23:35:00,717459,56.79452112184332,20.48904839337107,0.0
2026-09-01T23:35:00,717460,64.63113101817699,20.48904839337107,0.0
2026-09-01T23:35:00,717461,52.896335528749894,20.48904839337107,0.0
2026-09-01T23:35:00,717462,59.26409869857421,20.48904839337107,0.0
2026-09-01T23:35:00,717463,54.24339852180505,20.48904839337107,0.0
2026-09-01T23:40:00,717447,67.19291046036258,20.5665300779642,0.0
2026-09-01T23:40:00,717512,65.41521345165549,20.5665300779642,0.0
2026-09-01T23:40:00,717446,64.74711130351865,20.5665300779642,1.8
2026-09-01T23:40:00,717445,68.58299428175349,20.5665300779642,0.0
2026-09-01T23:40:00,717458,66.75519326511447,20.5665300779642,0.0
2026-09-01T23:40:00,717459,56.93976255099625,20.5665300779642,0.0
2026-09-01T23:40:00,717460,59.29719602841938,20.5665300779642,1.8
2026-09-01T23:40:00,717461,51.523096085076155,20.5665300779642,0.0
2026-09-01T23:40:00,717462,57.884085024686065,20.5665300779642,0.0
2026-09-01T23:40:00,717463,57.41315008121455,20.5665300779642,0.0
2026-09-01T23:45:00,717447,58.776476195455466,20.64463390581932,0.0
2026-09-01T23:45:00,717512,63.73383065649159,20.64463390581932,0.0
2026-09-01T23:45:00,717446,64.78712618351149,20.64463390581932,0.0
2026-09-01T23:45:00,717445,62.45343165138565,20.64463390581932,0.0
2026-09-01T23:45:00,717458,56.550192836097274,20.64463390581932,0.0
2026-09-01T23:45:00,717459,55.63534480622932,20.64463390581932,0.0
2026-09-01T23:45:00,717460,57.38439851468273,20.64463390581932,0.0
2026-09-01T23:45:00,717461,55.32826512153734,20.64463390581932,0.0
2026-09-01T23:45:00,717462,54.39420300290032,20.64463390581932,0.0
2026-09-01T23:45:00,717463,50.1767411085997,20.64463390581932,0.0
2026-09-01T23:50:00,717447,65.09414194586088,20.723325978931676,0.0
2026-09-01T23:50:00,717512,68.62268926846109,20.723325978931676,0.0
2026-09-01T23:50:00,717446,59.06318387536758,20.723325978931676,0.0
2026-09-01T23:50:00,717445,60.74094599220967,20.723325978931676,0.0
2026-09-01T23:50:00,717458,62.02853248488836,20.723325978931676,0.0
2026-09-01T23:50:00,717459,54.33383314773882,20.723325978931676,0.0
2026-09-01T23:50:00,717460,57.923816716024874,20.723325978931676,0.0
2026-09-01T23:50:00,717461,59.71143104523728,20.723325978931676,0.0
2026-09-01T23:50:00,717462,52.41918580248044,20.723325978931676,1.8
2026-09-01T23:50:00,717463,54.6077280509176,20.723325978931676,0.0
2026-09-01T23:55:00,717447,67.86885297050392,20.80257214399097,0.0
2026-09-01T23:55:00,717512,70.77398788178833,20.80257214399097,0.0
2026-09-01T23:55:00,717446,62.85352339167587,20.80257214399097,0.0
2026-09-01T23:55:00,717445,59.259213954508354,20.80257214399097,0.0
2026-09-01T23:55:00,717458,54.737687130823836,20.80257214399097,0.0
2026-09-01T23:55:00,717459,56.882647514943784,20.80257214399097,0.0
2026-09-01T23:55:00,717460,53.62409282137469,20.80257214399097,1.8
2026-09-01T23:55:00,717461,61.712274198407236,20.80257214399097,0.0
2026-09-01T23:55:00,717462,58.0674294385933,20.80257214399097,0.0
2026-09-01T23:55:00,717463,50.83471465566222,20.80257214399097,0.0
2026-09-02T00:00:00,717447,62.69940788597813,22.0,0.0
2026-09-02T00:00:00,717512,64.00421680773765,22.0,0.0
2026-09-02T00:00:00,717446,65.68630697426222,22.0,0.0
2026-09-02T00:00:00,717445,62.90505513549815,22.0,0.0
2026-09-02T00:00:00,717458,61.40070756657211,22.0,0.0
2026-09-02T00:00:00,717459,59.60495871537955,22.0,1.8
2026-09-02T00:00:00,717460,54.57893402323853,22.0,0.0
2026-09-02T00:00:00,717461,56.843247628694265,22.0,0.0
2026-09-02T00:00:00,717462,55.28031684873665,22.0,0.0
2026-09-02T00:00:00,717463,49.98728130120702,22.0,0.0
2026-09-02T00:05:00,717447,70.02009183844312,22.08332730530057,0.0
2026-09-02T00:05:00,717512,62.03164280016939,22.08332730530057,0.0
2026-09-02T00:05:00,717446,58.4582038822866,22.08332730530057,0.0
2026-09-02T00:05:00,717445,60.09153367546309,22.08332730530057,1.8
2026-09-02T00:05:00,717458,59.42713854345257,22.08332730530057,0.0
2026-09-02T00:05:00,717459,58.79109964008522,22.08332730530057,0.0
2026-09-02T00:05:00,717460,56.978812243485265,22.08332730530057,1.8
2026-09-02T00:05:00,717461,56.55718894113739,22.08332730530057,0.0
2026-09-02T00:05:00,717462,55.84879387254191,22.08332730530057,0.0
2026-09-02T00:05:00,717463,54.49348152410931,22.08332730530057,0.0
2026-09-02T00:10:00,717447,66.17790234692765,22.166618445544078,0.0
2026-09-02T00:10:00,717512,65.1607565705024,22.166618445544078,0.0
2026-09-02T00:10:00,717446,64.03852264397956,22.166618445544078,0.0
2026-09-02T00:10:00,717445,63.58682358368609,22.166618445544078,0.0
2026-09-02T00:10:00,717458,58.122947677273366,22.166618445544078,0.0
2026-09-02T00:10:00,717459,57.022882175308816,22.166618445544078,0.0
2026-09-02T00:10:00,717460,60.90164316474737,22.166618445544078,0.0
2026-09-02T00:10:00,717461,55.37761967809995,22.166618445544078,0.0
2026-09-02T00:10:00,717462,55.027142668487436,22.166618445544078,0.0
2026-09-02T00:10:00,717463,53.56584731052084,22.166618445544078,0.0
2026-09-02T00:15:00,717447,71.82747628289901,22.249837271369522,0.0
2026-09-02T00:15:00,717512,61.24332607096413,22.249837271369522,0.0
2026-09-02T00:15:00,717446,59.992139038990175,22.249837271369522,0.0
2026-09-02T00:15:00,717445,61.36739858885118,22.249837271369522,0.0
2026-09-02T00:15:00,717458,59.64756255290649,22.249837271369522,0.0
2026-09-02T00:15:00,717459,55.60946381150205,22.249837271369522,0.0
2026-09-02T00:15:00,717460,57.5241296521433,22.249837271369522,0.0
2026-09-02T00:15:00,717461,56.648075846841586,22.249837271369522,0.0
2026-09-02T00:15:00,717462,53.889291143232946,22.249837271369522,0.0
2026-09-02T00:15:00,717463,53.74815795606631,22.249837271369522,0.0
2026-09-02T00:20:00,717447,62.7016375080921,22.332947664801242,0.0
2026-09-02T00:20:00,717512,60.41581233550103,22.332947664801242,0.0
2026-09-02T00:20:00,717446,61.356119298208526,22.332947664801242,0.0
2026-09-02T00:20:00,717445,58.4144781202264,22.332947664801242,0.0
2026-09-02T00:20:00,717458,56.295236051514124,22.332947664801242,0.0
2026-09-02T00:20:00,717459,53.44094455123141,22.332947664801242,1.8
2026-09-02T00:20:00,717460,58.455977920196005,22.332947664801242,0.0
2026-09-02T00:20:00,717461,55.26103845422108,22.332947664801242,0.0
2026-09-02T00:20:00,717462,58.52129267785863,22.332947664801242,0.0
2026-09-02T00:20:00,717463,48.33485368896927,22.332947664801242,0.0
2026-09-02T00:25:00,717447,63.893181682775186,22.415913554924543,0.0
2026-09-02T00:25:00,717512,64.44142638169276,22.415913554924543,0.0
2026-09-02T00:25:00,717446,60.69377035918336,22.415913554924543,0.0
2026-09-02T00:25:00,717445,61.276121938847716,22.415913554924543,0.0
2026-09-02T00:25:00,717458,54.660280856456325,22.415913554924543,0.0
2026-09-02T00:25:00,717459,57.71403641911997,22.415913554924543,0.0
2026-09-02T00:25:00,717460,55.26069709549263,22.415913554924543,1.8
2026-09-02T00:25:00,717461,59.37701662837774,22.415913554924543,0.0
2026-09-02T00:25:00,717462,55.848368268859495,22.415913554924543,0.0
2026-09-02T00:25:00,717463,56.51225062872594,22.415913554924543,0.0
2026-09-02T00:30:00,717447,68.47951989894209,22.49869893354091,0.0
2026-09-02T00:30:00,717512,62.28210140281349,22.49869893354091,1.8
2026-09-02T00:30:00,717446,62.921509745555845,22.49869893354091,0.0
2026-09-02T00:30:00,717445,58.164461775683264,22.49869893354091,0.0
2026-09-02T00:30:00,717458,61.2811801848313,22.49869893354091,0.0
2026-09-02T00:30:00,717459,60.51286355992988,22.49869893354091,1.8
2026-09-02T00:30:00,717460,58.67289419018938,22.49869893354091,0.0
2026-09-02T00:30:00,717461,55.07897402196689,22.49869893354091,0.0
2026-09-02T00:30:00,717462,60.75432511733235,22.49869893354091,1.8
2026-09-02T00:30:00,717463,54.24035109363494,22.49869893354091,0.0
2026-09-02T00:35:00,717447,73.80697370660437,22.581267870796008,0.0
2026-09-02T00:35:00,717512,60.58001590295233,22.581267870796008,0.0
2026-09-02T00:35:00,717446,64.40063889685385,22.581267870796008,0.0
2026-09-02T00:35:00,717445,64.27379616526808,22.581267870796008,0.0
2026-09-02T00:35:00,717458,57.03190759972102,22.581267870796008,0.0
2026-09-02T00:35:00,717459,58.229164624255674,22.581267870796008,0.0
2026-09-02T00:35:00,717460,53.60658356434813,22.581267870796008,0.0
2026-09-02T00:35:00,717461,60.20772951529671,22.581267870796008,0.0
2026-09-02T00:35:00,717462,55.09401584971322,22.581267870796008,0.0
2026-09-02T00:35:00,717463,51.672702109242046,22.581267870796008,0.0
2026-09-02T00:40:00,717447,67.91617089657852,22.66358453077366,0.0
2026-09-02T00:40:00,717512,63.76008609322345,22.66358453077366,0.0
2026-09-02T00:40:00,717446,65.05811980377757,22.66358453077366,1.8
2026-09-02T00:40:00,717445,62.67166844669132,22.66358453077366,0.0
2026-09-02T00:40:00,717458,57.30265210076749,22.66358453077366,0.0
2026-09-02T00:40:00,717459,57.384278979469485,22.66358453077366,0.0
2026-09-02T00:40:00,717460,55.346952809543964,22.66358453077366,1.8
2026-09-02T00:40:00,717461,53.1985089289403,22.66358453077366,0.0
2026-09-02T00:40:00,717462,50.518985236759114,22.66358453077366,0.0
2026-09-02T00:40:00,717463,60.26777069106781,22.66358453077366,0.0
2026-09-02T00:45:00,717447,65.81726418888387,22.74561318704908,0.0
2026-09-02T00:45:00,717512,65.05239526838693,22.74561318704908,0.0
2026-09-02T00:45:00,717446,65.87632035087032,22.74561318704908,0.0
2026-09-02T00:45:00,717445,59.75628408630224,22.74561318704908,1.8
2026-09-02T00:45:00,717458,56.19241278641721,22.74561318704908,0.0
2026-09-02T00:45:00,717459,61.172409676866536,22.74561318704908,0.0
2026-09-02T00:45:00,717460,54.2008242036524,22.74561318704908,0.0
2026-09-02T00:45:00,717461,58.69675905416542,22.74561318704908,0.0
2026-09-02T00:45:00,717462,50.98853134522929,22.74561318704908,0.0
2026-09-02T00:45:00,717463,50.41169067182736,22.74561318704908,1.8
2026-09-02T00:50:00,717447,63.07675619858449,22.827318238194565,0.0
2026-09-02T00:50:00,717512,65.77716302993981,22.827318238194565,0.0
2026-09-02T00:50:00,717446,67.45636291718216,22.827318238194565,0.0
2026-09-02T00:50:00,717445,62.647479886565584,22.827318238194565,0.0
2026-09-02T00:50:00,717458,58.38453129138156,22.827318238194565,0.0
2026-09-02T00:50:00,717459,61.73125549725627,22.827318238194565,0.0
2026-09-02T00:50:00,717460,53.3115235587056,22.827318238194565,0.0
2026-09-02T00:50:00,717461,53.84536349867018,22.827318238194565,0.0
2026-09-02T00:50:00,717462,55.63872060302605,22.827318238194565,0.0
2026-09-02T00:50:00,717463,56.47647324669039,22.827318238194565,0.0
2026-09-02T00:55:00,717447,64.37399488334533,22.908664223230947,0.0
2026-09-02T00:55:00,717512,62.86199465980965,22.908664223230947,0.0
2026-09-02T00:55:00,717446,61.82809999515336,22.908664223230947,1.8
2026-09-02T00:55:00,717445,64.64633693598616,22.908664223230947,0.0
2026-09-02T00:55:00,717458,57.92308790029669,22.908664223230947,0.0
2026-09-02T00:55:00,717459,56.06377748807743,22.908664223230947,1.8
2026-09-02T00:55:00,717460,56.98276994719566,22.908664223230947,0.0
2026-09-02T00:55:00,717461,60.301172832015304,22.908664223230947,1.8
2026-09-02T00:55:00,717462,53.429931960124485,22.908664223230947,0.0
2026-09-02T00:55:00,717463,53.41907287319242,22.908664223230947,0.0
2026-09-02T01:00:00,717447,60.46987635909544,22.989615837018093,0.0
2026-09-02T01:00:00,717512,63.138385307581586,22.989615837018093,0.0
2026-09-02T01:00:00,717446,63.26984273481731,22.989615837018093,0.0
2026-09-02T01:00:00,717445,57.80482362019506,22.989615837018093,1.8
2026-09-02T01:00:00,717458,63.45259472718183,22.989615837018093,0.0
2026-09-02T01:00:00,717459,59.63090911571719,22.989615837018093,0.0
2026-09-02T01:00:00,717460,56.24672765338454,22.989615837018093,0.0
2026-09-02T01:00:00,717461,57.25340701429737,22.989615837018093,0.0
2026-09-02T01:00:00,717462,56.82676530283694,22.989615837018093,0.0
2026-09-02T01:00:00,717463,48.959312921014536,22.989615837018093,1.8
2026-09-02T01:05:00,717447,65.76851180894627,23.070137945577745,0.0
2026-09-02T01:05:00,717512,67.3799330096448,23.070137945577745,0.0
2026-09-02T01:05:00,717446,60.28477754807309,23.070137945577745,0.0
2026-09-02T01:05:00,717445,59.906114451409906,23.070137945577745,0.0
2026-09-02T01:05:00,717458,59.158440506526645,23.070137945577745,1.8
2026-09-02T01:05:00,717459,61.312406651827345,23.070137945577745,0.0
2026-09-02T01:05:00,717460,54.6384935057704,23.070137945577745,0.0
2026-09-02T01:05:00,717461,57.88344317732214,23.070137945577745,0.0
2026-09-02T01:05:00,717462,54.41153209120947,23.070137945577745,0.0
2026-09-02T01:05:00,717463,59.22457901060564,23.070137945577745,1.8
2026-09-02T01:10:00,717447,64.17559307243835,23.150195601342112,0.0
2026-09-02T01:10:00,717512,57.19626956634365,23.150195601342112,0.0
2026-09-02T01:10:00,717446,64.44131255406613,23.150195601342112,0.0
2026-09-02T01:10:00,717445,62.52636755957817,23.150195601342112,0.0
2026-09-02T01:10:00,717458,60.702710304099384,23.150195601342112,0.0
2026-09-02T01:10:00,717459,62.48677877921341,23.150195601342112,0.0
2026-09-02T01:10:00,717460,52.903955331617155,23.150195601342112,0.0
2026-09-02T01:10:00,717461,53.88515648788221,23.150195601342112,0.0
2026-09-02T01:10:00,717462,55.26121633489738,23.150195601342112,1.8
2026-09-02T01:10:00,717463,54.54230446337597,23.150195601342112,0.0
2026-09-02T01:15:00,717447,64.42927744512896,23.229754058321525,0.0
2026-09-02T01:15:00,717512,59.307659972551356,23.229754058321525,0.0
2026-09-02T01:15:00,717446,61.133341621237534,23.229754058321525,0.0
2026-09-02T01:15:00,717445,66.16682096370086,23.229754058321525,0.0
2026-09-02T01:15:00,717458,56.91133900376291,23.229754058321525,0.0
2026-09-02T01:15:00,717459,58.796385833270165,23.229754058321525,0.0
2026-09-02T01:15:00,717460,59.0948948672814,23.229754058321525,0.0
2026-09-02T01:15:00,717461,58.81902638272211,23.229754058321525,0.0
2026-09-02T01:15:00,717462,57.226206745741855,23.229754058321525,0.0
2026-09-02T01:15:00,717463,52.528608260651914,23.229754058321525,0.0
2026-09-02T01:20:00,717447,62.27369095259872,23.308778787184607,0.0
2026-09-02T01:20:00,717512,68.85357446883299,23.308778787184607,1.8
2026-09-02T01:20:00,717446,65.12689194606435,23.308778787184607,0.0
2026-09-02T01:20:00,717445,61.469587900694755,23.308778787184607,0.0
2026-09-02T01:20:00,717458,64.25304722248364,23.308778787184607,0.0
2026-09-02T01:20:00,717459,54.462413069126015,23.308778787184607,0.0
2026-09-02T01:20:00,717460,53.80788457102986,23.308778787184607,0.0
2026-09-02T01:20:00,717461,50.06609676843858,23.308778787184607,1.8
2026-09-02T01:20:00,717462,55.70857569881964,23.308778787184607,1.8
2026-09-02T01:20:00,717463,54.64802569820229,23.308778787184607,0.0
2026-09-02T01:25:00,717447,60.766829450557665,23.38723549024445,0.0
2026-09-02T01:25:00,717512,66.20946417159797,23.38723549024445,0.0
2026-09-02T01:25:00,717446,56.92171341098575,23.38723549024445,0.0
2026-09-02T01:25:00,717445,62.33447252014928,23.38723549024445,0.0
2026-09-02T01:25:00,717458,61.80309463966506,23.38723549024445,0.0
2026-09-02T01:25:00,717459,59.273280762523655,23.38723549024445,1.8
2026-09-02T01:25:00,717460,53.205393998024974,23.38723549024445,0.0
2026-09-02T01:25:00,717461,60.0508021314508,23.38723549024445,0.0
2026-09-02T01:25:00,717462,53.82040488246778,23.38723549024445,0.0
2026-09-02T01:25:00,717463,52.62927197853617,23.38723549024445,0.0
2026-09-02T01:30:00,717447,62.87170643807434,23.46509011634419,0.0
2026-09-02T01:30:00,717512,65.7337862073053,23.46509011634419,0.0
2026-09-02T01:30:00,717446,60.88905770670037,23.46509011634419,1.8
2026-09-02T01:30:00,717445,57.86267526697122,23.46509011634419,0.0
2026-09-02T01:30:00,717458,62.97792521220363,23.46509011634419,0.0
2026-09-02T01:30:00,717459,58.726772329000696,23.46509011634419,0.0
2026-09-02T01:30:00,717460,60.69172071228735,23.46509011634419,0.0
2026-09-02T01:30:00,717461,56.53970365475082,23.46509011634419,1.8
2026-09-02T01:30:00,717462,53.0863990114119,23.46509011634419,0.0
2026-09-02T01:30:00,717463,48.87809106172338,23.46509011634419,0.0
2026-09-02T01:35:00,717447,65.32117221594977,23.542308875635644,0.0
2026-09-02T01:35:00,717512,62.76455921355879,23.542308875635644,1.8
2026-09-02T01:35:00,717446,64.66379877312716,23.542308875635644,0.0
2026-09-02T01:35:00,717445,59.561050043160805,23.542308875635644,0.0
2026-09-02T01:35:00,717458,61.22547549883778,23.542308875635644,0.0
2026-09-02T01:35:00,717459,58.81988723190719,23.542308875635644,0.0
2026-09-02T01:35:00,717460,55.24816009811704,23.542308875635644,0.0
2026-09-02T01:35:00,717461,54.97697925962418,23.542308875635644,0.0
2026-09-02T01:35:00,717462,51.35068064882918,23.542308875635644,0.0
2026-09-02T01:35:00,717463,59.504507736152235,23.542308875635644,1.8
2026-09-02T01:40:00,717447,65.95989534724723,23.6188582542445,0.0
2026-09-02T01:40:00,717512,59.57916957227223,23.6188582542445,1.8
2026-09-02T01:40:00,717446,67.71377605370387,23.6188582542445,0.0
2026-09-02T01:40:00,717445,58.07566239903513,23.6188582542445,0.0
2026-09-02T01:40:00,717458,58.31403685858803,23.6188582542445,0.0
2026-09-02T01:40:00,717459,58.16745891723103,23.6188582542445,1.8
2026-09-02T01:40:00,717460,57.69022985078294,23.6188582542445,0.0
2026-09-02T01:40:00,717461,58.578949768058855,23.6188582542445,0.0
2026-09-02T01:40:00,717462,49.498024581133755,23.6188582542445,0.0
2026-09-02T01:40:00,717463,54.13626543598302,23.6188582542445,0.0
2026-09-02T01:45:00,717447,64.01997990175234,23.69470502881575,0.0
2026-09-02T01:45:00,717512,64.17425594327128,23.69470502881575,0.0
2026-09-02T01:45:00,717446,61.47989436927022,23.69470502881575,0.0
2026-09-02T01:45:00,717445,59.89940619299148,23.69470502881575,1.8
2026-09-02T01:45:00,717458,59.69044257124628,23.69470502881575,0.0
2026-09-02T01:45:00,717459,63.91021952977138,23.69470502881575,1.8
2026-09-02T01:45:00,717460,56.35305893147056,23.69470502881575,0.0
2026-09-02T01:45:00,717461,59.89694971660537,23.69470502881575,0.0
2026-09-02T01:45:00,717462,55.648318355635745,23.69470502881575,0.0
2026-09-02T01:45:00,717463,54.31034814380217,23.69470502881575,0.0
2026-09-02T01:50:00,717447,65.4024986916542,23.769816280933036,0.0
2026-09-02T01:50:00,717512,65.08502559564884,23.769816280933036,1.8
2026-09-02T01:50:00,717446,61.36692463415715,23.769816280933036,0.0
2026-09-02T01:50:00,717445,64.46486839588579,23.769816280933036,0.0
2026-09-02T01:50:00,717458,61.49258670071178,23.769816280933036,1.8
2026-09-02T01:50:00,717459,55.172951463679475,23.769816280933036,0.0
2026-09-02T01:50:00,717460,51.216852034206596,23.769816280933036,0.0
2026-09-02T01:50:00,717461,61.39841226400804,23.769816280933036,0.0
2026-09-02T01:50:00,717462,55.89621042456577,23.769816280933036,0.0
2026-09-02T01:50:00,717463,50.05394673758936,23.769816280933036,0.0
2026-09-02T01:55:00,717447,63.54914771607,23.84415941140561,0.0
2026-09-02T01:55:00,717512,66.32534145908835,23.84415941140561,0.0
2026-09-02T01:55:00,717446,61.91868111139353,23.84415941140561,0.0
2026-09-02T01:55:00,717445,60.97472647265369,23.84415941140561,0.0
2026-09-02T01:55:00,717458,62.112816571429946,23.84415941140561,0.0
2026-09-02T01:55:00,717459,59.77630855046807,23.84415941140561,0.0
2026-09-02T01:55:00,717460,59.31374457816848,23.84415941140561,0.0
2026-09-02T01:55:00,717461,58.479614224747145,23.84415941140561,0.0
2026-09-02T01:55:00,717462,53.162172755309506,23.84415941140561,0.0
2026-09-02T01:55:00,717463,52.21537480719044,23.84415941140561,0.0
2026-09-02T02:00:00,717447,62.430953106869794,23.917702154416812,0.0
2026-09-02T02:00:00,717512,61.965097451629724,23.917702154416812,0.0
2026-09-02T02:00:00,717446,62.06224558564268,23.917702154416812,0.0
2026-09-02T02:00:00,717445,61.06998216561025,23.917702154416812,0.0
2026-09-02T02:00:00,717458,64.14652353453371,23.917702154416812,0.0
2026-09-02T02:00:00,717459,59.631487558477914,23.917702154416812,0.0
2026-09-02T02:00:00,717460,57.318740515787354,23.917702154416812,1.8
2026-09-02T02:00:00,717461,64.10270015551625,23.917702154416812,0.0
2026-09-02T02:00:00,717462,52.233080192317615,23.917702154416812,0.0
2026-09-02T02:00:00,717463,53.13894138301239,23.917702154416812,0.0
2026-09-02T02:05:00,717447,70.06756474252064,23.990412591527804,0.0
2026-09-02T02:05:00,717512,68.80976628577953,23.990412591527804,0.0
2026-09-02T02:05:00,717446,61.50427500909607,23.990412591527804,0.0
2026-09-02T02:05:00,717445,56.38648862408341,23.990412591527804,0.0
2026-09-02T02:05:00,717458,58.724127226957165,23.990412591527804,0.0
2026-09-02T02:05:00,717459,62.98416860852652,23.990412591527804,0.0
2026-09-02T02:05:00,717460,57.282110538693104,23.990412591527804,0.0
2026-09-02T02:05:00,717461,58.51602936120651,23.990412591527804,1.8
2026-09-02T02:05:00,717462,55.20927732400724,23.990412591527804,0.0
2026-09-02T02:05:00,717463,49.84721426823194,23.990412591527804,0.0
2026-09-02T02:10:00,717447,64.91234763387652,24.06225916553056,0.0
2026-09-02T02:10:00,717512,66.12534221620574,24.06225916553056,1.8
2026-09-02T02:10:00,717446,60.72646548617275,24.06225916553056,0.0
2026-09-02T02:10:00,717445,63.640939371752616,24.06225916553056,0.0
2026-09-02T02:10:00,717458,60.29447153822447,24.06225916553056,0.0
2026-09-02T02:10:00,717459,61.070217880448325,24.06225916553056,0.0
2026-09-02T02:10:00,717460,58.619352154319415,24.06225916553056,1.8
2026-09-02T02:10:00,717461,53.605360075904265,24.06225916553056,0.0
2026-09-02T02:10:00,717462,54.3678049813258,24.06225916553056,0.0
2026-09-02T02:10:00,717463,53.076394399187734,24.06225916553056,0.0
2026-09-02T02:15:00,717447,62.9955660656886,24.13321069414408,0.0
2026-09-02T02:15:00,717512,64.38013356644437,24.13321069414408,0.0
2026-09-02T02:15:00,717446,68.30080048360479,24.13321069414408,0.0
2026-09-02T02:15:00,717445,64.46916487642862,24.13321069414408,0.0
2026-09-02T02:15:00,717458,63.70252467963124,24.13321069414408,0.0
2026-09-02T02:15:00,717459,56.82810101926854,24.13321069414408,0.0
2026-09-02T02:15:00,717460,61.3584316327988,24.13321069414408,0.0
2026-09-02T02:15:00,717461,61.22096715013155,24.13321069414408,1.8
2026-09-02T02:15:00,717462,53.13840886959901,24.13321069414408,0.0
2026-09-02T02:15:00,717463,55.34795586510438,24.13321069414408,0.0
2026-09-02T02:20:00,717447,66.22830834716261,24.20323638354788,1.8
2026-09-02T02:20:00,717512,62.96997744007841,24.20323638354788,0.0
2026-09-02T02:20:00,717446,62.94017593113592,24.20323638354788,0.0
2026-09-02T02:20:00,717445,62.77697476025872,24.20323638354788,1.8
2026-09-02T02:20:00,717458,59.55836725257194,24.20323638354788,0.0
2026-09-02T02:20:00,717459,61.9109413606007,24.20323638354788,0.0
2026-09-02T02:20:00,717460,53.987137591959,24.20323638354788,0.0
2026-09-02T02:20:00,717461,55.46425352559639,24.20323638354788,0.0
2026-09-02T02:20:00,717462,57.37858716400327,24.20323638354788,0.0
2026-09-02T02:20:00,717463,59.49952815621876,24.20323638354788,1.8
2026-09-02T02:25:00,717447,68.11580730926606,24.272305841746867,0.0
2026-09-02T02:25:00,717512,64.07946411473884,24.272305841746867,0.0
2026-09-02T02:25:00,717446,62.094834334221055,24.272305841746867,0.0
2026-09-02T02:25:00,717445,60.42195161418906,24.272305841746867,0.0
2026-09-02T02:25:00,717458,59.23883392332924,24.272305841746867,0.0
2026-09-02T02:25:00,717459,53.66179231011795,24.272305841746867,0.0
2026-09-02T02:25:00,717460,62.94771199503769,24.272305841746867,0.0
2026-09-02T02:25:00,717461,56.30741295040274,24.272305841746867,0.0
2026-09-02T02:25:00,717462,52.967307293038864,24.272305841746867,0.0
2026-09-02T02:25:00,717463,55.30043123149595,24.272305841746867,1.8
2026-09-02T02:30:00,717447,62.77851337733522,24.34038909176185,0.0
2026-09-02T02:30:00,717512,66.39445701180473,24.34038909176185,0.0
2026-09-02T02:30:00,717446,60.25218790407593,24.34038909176185,0.0
2026-09-02T02:30:00,717445,63.521080775164044,24.34038909176185,0.0
2026-09-02T02:30:00,717458,59.180706673389125,24.34038909176185,0.0
2026-09-02T02:30:00,717459,59.69480611883597,24.34038909176185,0.0
2026-09-02T02:30:00,717460,60.15920233231914,24.34038909176185,0.0
2026-09-02T02:30:00,717461,54.92134484046329,24.34038909176185,0.0
2026-09-02T02:30:00,717462,57.68150205508412,24.34038909176185,0.0
2026-09-02T02:30:00,717463,48.971141104871705,24.34038909176185,0.0
2026-09-02T02:35:00,717447,69.34336500062652,24.407456584639895,0.0
2026-09-02T02:35:00,717512,66.61589581328975,24.407456584639895,1.8
2026-09-02T02:35:00,717446,62.20719832987455,24.407456584639895,0.0
2026-09-02T02:35:00,717445,64.78469509505945,24.407456584639895,0.0
2026-09-02T02:35:00,717458,63.23079950576097,24.407456584639895,0.0
2026-09-02T02:35:00,717459,58.866891378718236,24.407456584639895,0.0
2026-09-02T02:35:00,717460,57.63564066423645,24.407456584639895,0.0
2026-09-02T02:35:00,717461,53.832736790721064,24.407456584639895,0.0
2026-09-02T02:35:00,717462,55.42206378952363,24.407456584639895,0.0
2026-09-02T02:35:00,717463,49.76433493425653,24.407456584639895,0.0
2026-09-02T02:40:00,717447,67.08173381602207,24.47347921227895,0.0
2026-09-02T02:40:00,717512,65.94973213572725,24.47347921227895,0.0
2026-09-02T02:40:00,717446,57.40917592499526,24.47347921227895,0.0
2026-09-02T02:40:00,717445,65.40162135295002,24.47347921227895,0.0
2026-09-02T02:40:00,717458,58.276621335774365,24.47347921227895,0.0
2026-09-02T02:40:00,717459,67.47295588945744,24.47347921227895,0.0
2026-09-02T02:40:00,717460,58.33883093434406,24.47347921227895,1.8
2026-09-02T02:40:00,717461,60.63540697780554,24.47347921227895,0.0
2026-09-02T02:40:00,717462,52.546411005284426,24.47347921227895,0.0
2026-09-02T02:40:00,717463,53.17449865570989,24.47347921227895,1.8
2026-09-02T02:45:00,717447,63.30735866681007,24.538428320061076,0.0
2026-09-02T02:45:00,717512,59.31783382652227,24.538428320061076,0.0
2026-09-02T02:45:00,717446,58.79553679146559,24.538428320061076,0.0
2026-09-02T02:45:00,717445,60.8951698029289,24.538428320061076,0.0
2026-09-02T02:45:00,717458,61.19489020776882,24.538428320061076,0.0
2026-09-02T02:45:00,717459,55.85847450032073,24.538428320061076,0.0
2026-09-02T02:45:00,717460,56.60024723606358,24.538428320061076,0.0
2026-09-02T02:45:00,717461,54.36444389543947,24.538428320061076,0.0
2026-09-02T02:45:00,717462,55.08504408370066,24.538428320061076,1.8
2026-09-02T02:45:00,717463,56.0383194311414,24.538428320061076,0.0
2026-09-02T02:50:00,717447,65.17503363027319,24.602275719288944,0.0
2026-09-02T02:50:00,717512,61.98834596410864,24.602275719288944,0.0
2026-09-02T02:50:00,717446,65.5211014503766,24.602275719288944,0.0
2026-09-02T02:50:00,717445,62.29631609878479,24.602275719288944,0.0
2026-09-02T02:50:00,717458,60.46097219899667,24.602275719288944,0.0
2026-09-02T02:50:00,717459,55.89149204189391,24.602275719288944,1.8
2026-09-02T02:50:00,717460,60.37013502223088,24.602275719288944,0.0
2026-09-02T02:50:00,717461,57.79406740734729,24.602275719288944,0.0
2026-09-02T02:50:00,717462,56.7514099291536,24.602275719288944,0.0
2026-09-02T02:50:00,717463,53.41464788715622,24.602275719288944,0.0
2026-09-02T02:55:00,717447,63.698267224352975,24.664993699420027,0.0
2026-09-02T02:55:00,717512,68.96635290671512,24.664993699420027,0.0
2026-09-02T02:55:00,717446,61.25600359794061,24.664993699420027,0.0
2026-09-02T02:55:00,717445,57.75546920562461,24.664993699420027,0.0
2026-09-02T02:55:00,717458,60.60746588553552,24.664993699420027,0.0
2026-09-02T02:55:00,717459,58.84237240767459,24.664993699420027,1.8
2026-09-02T02:55:00,717460,60.868412027942824,24.664993699420027,0.0
2026-09-02T02:55:00,717461,56.028549055502886,24.664993699420027,1.8
2026-09-02T02:55:00,717462,57.13792789256086,24.664993699420027,0.0
2026-09-02T02:55:00,717463,58.43596824892029,24.664993699420027,1.8
2026-09-02T03:00:00,717447,66.01490971004556,24.726555040093338,0.0
2026-09-02T03:00:00,717512,60.82210336405121,24.726555040093338,0.0
2026-09-02T03:00:00,717446,57.29268647301949,24.726555040093338,0.0
2026-09-02T03:00:00,717445,62.500076607914444,24.726555040093338,0.0
2026-09-02T03:00:00,717458,59.04821316024533,24.726555040093338,1.8
2026-09-02T03:00:00,717459,59.60667860710133,24.726555040093338,0.0
2026-09-02T03:00:00,717460,57.66407447834467,24.726555040093338,0.0
2026-09-02T03:00:00,717461,52.900533469193114,24.726555040093338,0.0
2026-09-02T03:00:00,717462,54.812481571331936,24.726555040093338,0.0
2026-09-02T03:00:00,717463,51.07302262009594,24.726555040093338,0.0
2026-09-02T03:05:00,717447,63.44376585098636,24.786933022943384,0.0
2026-09-02T03:05:00,717512,66.35937064500466,24.786933022943384,1.8
2026-09-02T03:05:00,717446,62.68805778488265,24.786933022943384,0.0
2026-09-02T03:05:00,717445,62.94969934765789,24.786933022943384,0.0
2026-09-02T03:05:00,717458,60.5213898959704,24.786933022943384,0.0
2026-09-02T03:05:00,717459,58.043226943365795,24.786933022943384,0.0
2026-09-02T03:05:00,717460,58.41499202755388,24.786933022943384,0.0
2026-09-02T03:05:00,717461,51.72961842002626,24.786933022943384,0.0
2026-09-02T03:05:00,717462,57.49252692086758,24.786933022943384,0.0
2026-09-02T03:05:00,717463,51.69149099919112,24.786933022943384,0.0
2026-09-02T03:10:00,717447,66.35586868832367,24.84610144319626,0.0
2026-09-02T03:10:00,717512,62.731742920387155,24.84610144319626,0.0
2026-09-02T03:10:00,717446,58.902044239883814,24.84610144319626,1.8
2026-09-02T03:10:00,717445,59.34618998170627,24.84610144319626,0.0
2026-09-02T03:10:00,717458,61.571638016804954,24.84610144319626,0.0
2026-09-02T03:10:00,717459,65.2943295971849,24.84610144319626,0.0
2026-09-02T03:10:00,717460,57.47875076396922,24.84610144319626,0.0
2026-09-02T03:10:00,717461,62.42640195781356,24.84610144319626,0.0
2026-09-02T03:10:00,717462,50.523033072858475,24.84610144319626,0.0
2026-09-02T03:10:00,717463,46.67995046193451,24.84610144319626,0.0
2026-09-02T03:15:00,717447,64.14501272374427,24.90403462104285,0.0
2026-09-02T03:15:00,717512,63.480941266851616,24.90403462104285,0.0
2026-09-02T03:15:00,717446,64.1298966207211,24.90403462104285,0.0
2026-09-02T03:15:00,717445,59.45142907812924,24.90403462104285,0.0
2026-09-02T03:15:00,717458,61.0852212620927,24.90403462104285,0.0
2026-09-02T03:15:00,717459,58.28482251180404,24.90403462104285,0.0
2026-09-02T03:15:00,717460,61.3310784265239,24.90403462104285,0.0
2026-09-02T03:15:00,717461,57.009763479168576,24.90403462104285,0.0
2026-09-02T03:15:00,717462,63.50860623018614,24.90403462104285,0.0
2026-09-02T03:15:00,717463,53.50753853705176,24.90403462104285,0.0
2026-09-02T03:20:00,717447,68.30897845847997,24.96070741278415,1.8
2026-09-02T03:20:00,717512,68.1251529481768,24.96070741278415,0.0
2026-09-02T03:20:00,717446,55.29338874697034,24.96070741278415,0.0
2026-09-02T03:20:00,717445,63.451815368145866,24.96070741278415,1.8
2026-09-02T03:20:00,717458,56.44986472355091,24.96070741278415,0.0
2026-09-02T03:20:00,717459,58.2036131209084,24.96070741278415,0.0
2026-09-02T03:20:00,717460,54.454859180261764,24.96070741278415,1.8
2026-09-02T03:20:00,717461,60.19005858860306,24.96070741278415,0.0
2026-09-02T03:20:00,717462,53.60864138812308,24.96070741278415,0.0
2026-09-02T03:20:00,717463,49.17591736095927,24.96070741278415,1.8
2026-09-02T03:25:00,717447,65.48081942266668,25.016095221743953,0.0
2026-09-02T03:25:00,717512,67.88544833420664,25.016095221743953,1.8
2026-09-02T03:25:00,717446,59.28949797945212,25.016095221743953,1.8
2026-09-02T03:25:00,717445,63.860711631815086,25.016095221743953,0.0
2026-09-02T03:25:00,717458,54.485027042755014,25.016095221743953,0.0
2026-09-02T03:25:00,717459,63.33228770831667,25.016095221743953,0.0
2026-09-02T03:25:00,717460,58.87408465637941,25.016095221743953,0.0
2026-09-02T03:25:00,717461,53.009377337301345,25.016095221743953,0.0
2026-09-02T03:25:00,717462,57.56204198186831,25.016095221743953,0.0
2026-09-02T03:25:00,717463,52.56349238897244,25.016095221743953,0.0
2026-09-02T03:30:00,717447,62.23431898176768,25.070174008944107,1.8
2026-09-02T03:30:00,717512,62.10249314119824,25.070174008944107,0.0
2026-09-02T03:30:00,717446,64.43566869406197,25.070174008944107,0.0
2026-09-02T03:30:00,717445,58.46290688208848,25.070174008944107,0.0
2026-09-02T03:30:00,717458,53.52794954824286,25.070174008944107,1.8
2026-09-02T03:30:00,717459,57.444464993629275,25.070174008944107,0.0
2026-09-02T03:30:00,717460,61.528889443615924,25.070174008944107,0.0
2026-09-02T03:30:00,717461,60.282762680878854,25.070174008944107,0.0
2026-09-02T03:30:00,717462,53.69855672788928,25.070174008944107,1.8
2026-09-02T03:30:00,717463,52.399207870303265,25.070174008944107,0.0
2026-09-02T03:35:00,717447,63.02674695342706,25.122920303537718,0.0
2026-09-02T03:35:00,717512,61.704995128566495,25.122920303537718,1.8
2026-09-02T03:35:00,717446,60.69152854381456,25.122920303537718,1.8
2026-09-02T03:35:00,717445,62.023119366138,25.122920303537718,0.0
2026-09-02T03:35:00,717458,64.01134781828233,25.122920303537718,0.0
2026-09-02T03:35:00,717459,56.05796493473939,25.122920303537718,0.0
2026-09-02T03:35:00,717460,55.345927437018204,25.122920303537718,0.0
2026-09-02T03:35:00,717461,57.56202625253339,25.122920303537718,0.0
2026-09-02T03:35:00,717462,57.41503206438244,25.122920303537718,0.0
2026-09-02T03:35:00,717463,49.69672219277223,25.122920303537718,0.0
2026-09-02T03:40:00,717447,60.561110718744004,25.174311212995768,0.0
2026-09-02T03:40:00,717512,68.81423980257544,25.174311212995768,0.0
2026-09-02T03:40:00,717446,55.79928580783501,25.174311212995768,0.0
2026-09-02T03:40:00,717445,60.345107473478194,25.174311212995768,0.0
2026-09-02T03:40:00,717458,56.000206805729434,25.174311212995768,0.0
2026-09-02T03:40:00,717459,54.43658171356103,25.174311212995768,0.0
2026-09-02T03:40:00,717460,53.08398503692921,25.174311212995768,0.0
2026-09-02T03:40:00,717461,59.84198434918209,25.174311212995768,1.8
2026-09-02T03:40:00,717462,55.51006761474333,25.174311212995768,0.0
2026-09-02T03:40:00,717463,57.472858107506795,25.174311212995768,0.0
2026-09-02T03:45:00,717447,64.54057724100075,25.22432443304277,0.0
2026-09-02T03:45:00,717512,66.97691084396267,25.22432443304277,1.8
2026-09-02T03:45:00,717446,62.06807887729594,25.22432443304277,0.0
2026-09-02T03:45:00,717445,52.69793774834342,25.22432443304277,0.0
2026-09-02T03:45:00,717458,61.71368568536727,25.22432443304277,0.0
2026-09-02T03:45:00,717459,58.736375979504245,25.22432443304277,0.0
2026-09-02T03:45:00,717460,57.091706573385935,25.22432443304277,0.0
2026-09-02T03:45:00,717461,53.91593411039103,25.22432443304277,0.0
2026-09-02T03:45:00,717462,57.33415064877655,25.22432443304277,0.0
2026-09-02T03:45:00,717463,50.89934513328425,25.22432443304277,0.0
2026-09-02T03:50:00,717447,66.92755250929848,25.272938257337085,0.0
2026-09-02T03:50:00,717512,64.0411476472223,25.272938257337085,0.0
2026-09-02T03:50:00,717446,64.6123492185823,25.272938257337085,0.0
2026-09-02T03:50:00,717445,61.89514865782768,25.272938257337085,0.0
2026-09-02T03:50:00,717458,63.73815092166517,25.272938257337085,0.0
2026-09-02T03:50:00,717459,60.20500489485967,25.272938257337085,0.0
2026-09-02T03:50:00,717460,58.10393337731786,25.272938257337085,0.0
2026-09-02T03:50:00,717461,49.65304900774784,25.272938257337085,0.0
2026-09-02T03:50:00,717462,59.07628499689476,25.272938257337085,0.0
2026-09-02T03:50:00,717463,49.45336938332065,25.272938257337085,0.0
2026-09-02T03:55:00,717447,61.03080580975373,25.320131586891726,1.8
2026-09-02T03:55:00,717512,66.10764626059698,25.320131586891726,1.8
2026-09-02T03:55:00,717446,62.596770709947556,25.320131586891726,0.0
2026-09-02T03:55:00,717445,56.76013933114095,25.320131586891726,0.0
2026-09-02T03:55:00,717458,58.39006121787914,25.320131586891726,0.0
2026-09-02T03:55:00,717459,62.49119043665135,25.320131586891726,0.0
2026-09-02T03:55:00,717460,58.20323306265193,25.320131586891726,0.0
2026-09-02T03:55:00,717461,56.6695967098025,25.320131586891726,1.8
2026-09-02T03:55:00,717462,53.24372041061336,25.320131586891726,0.0
2026-09-02T03:55:00,717463,56.622224183801336,25.320131586891726,0.0
2026-09-02T04:00:00,717447,64.62171217415438,25.365883939231587,0.0
2026-09-02T04:00:00,717512,65.59886228414621,25.365883939231587,0.0
2026-09-02T04:00:00,717446,60.153484169845235,25.365883939231587,0.0
2026-09-02T04:00:00,717445,67.70701376858614,25.365883939231587,0.0
2026-09-02T04:00:00,717458,64.295359531677,25.365883939231587,0.0
2026-09-02T04:00:00,717459,59.36882564539607,25.365883939231587,0.0
2026-09-02T04:00:00,717460,58.804988142646266,25.365883939231587,0.0
2026-09-02T04:00:00,717461,54.81439894577275,25.365883939231587,0.0
2026-09-02T04:00:00,717462,57.44869493603645,25.365883939231587,1.8
2026-09-02T04:00:00,717463,47.72992975883681,25.365883939231587,0.0
2026-09-02T04:05:00,717447,69.94797740817279,25.410175457283078,0.0
2026-09-02T04:05:00,717512,65.6573105403045,25.410175457283078,0.0
2026-09-02T04:05:00,717446,59.59272593800705,25.410175457283078,1.8
2026-09-02T04:05:00,717445,66.25781856822137,25.410175457283078,1.8
2026-09-02T04:05:00,717458,66.16215975188793,25.410175457283078,0.0
2026-09-02T04:05:00,717459,60.166789028281855,25.410175457283078,0.0
2026-09-02T04:05:00,717460,55.396707797962264,25.410175457283078,0.0
2026-09-02T04:05:00,717461,56.71082274282397,25.410175457283078,0.0
2026-09-02T04:05:00,717462,57.00135306774265,25.410175457283078,1.8
2026-09-02T04:05:00,717463,55.10721694285745,25.410175457283078,0.0
2026-09-02T04:10:00,717447,61.989080713784105,25.452986917992344,0.0
2026-09-02T04:10:00,717512,65.34038009201244,25.452986917992344,0.0
2026-09-02T04:10:00,717446,66.04194534944234,25.452986917992344,0.0
2026-09-02T04:10:00,717445,57.73178965916642,25.452986917992344,0.0
2026-09-02T04:10:00,717458,56.84175696495801,25.452986917992344,0.0
2026-09-02T04:10:00,717459,57.0912085384439,25.452986917992344,0.0
2026-09-02T04:10:00,717460,57.1415501075237,25.452986917992344,0.0
2026-09-02T04:10:00,717461,59.09546449865143,25.452986917992344,0.0
2026-09-02T04:10:00,717462,58.804204579142755,25.452986917992344,0.0
2026-09-02T04:10:00,717463,51.672730638812155,25.452986917992344,0.0
2026-09-02T04:15:00,717447,65.57753279343999,25.494299740668286,0.0
2026-09-02T04:15:00,717512,67.06124018079606,25.494299740668286,0.0
2026-09-02T04:15:00,717446,69.11438806020661,25.494299740668286,0.0
2026-09-02T04:15:00,717445,61.961701928246335,25.494299740668286,0.0
2026-09-02T04:15:00,717458,60.92705437602186,25.494299740668286,0.0
2026-09-02T04:15:00,717459,60.17638611704962,25.494299740668286,0.0
2026-09-02T04:15:00,717460,56.82541885617944,25.494299740668286,0.0
2026-09-02T04:15:00,717461,56.92843707426902,25.494299740668286,0.0
2026-09-02T04:15:00,717462,49.482033863802116,25.494299740668286,0.0
2026-09-02T04:15:00,717463,52.41735572637119,25.494299740668286,0.0
2026-09-02T04:20:00,717447,66.47930279841015,25.534095995046815,0.0
2026-09-02T04:20:00,717512,61.09955711936548,25.534095995046815,0.0
2026-09-02T04:20:00,717446,65.15943416386777,25.534095995046815,1.8
2026-09-02T04:20:00,717445,56.28688339447243,25.534095995046815,1.8
2026-09-02T04:20:00,717458,62.63250090494023,25.534095995046815,0.0
2026-09-02T04:20:00,717459,61.42372232123725,25.534095995046815,0.0
2026-09-02T04:20:00,717460,64.37784548400111,25.534095995046815,1.8
2026-09-02T04:20:00,717461,55.503527564165104,25.534095995046815,0.0
2026-09-02T04:20:00,717462,55.377734244289705,25.534095995046815,0.0
2026-09-02T04:20:00,717463,58.77042377693121,25.534095995046815,0.0
2026-09-02T04:25:00,717447,69.09442152884056,25.57235840907281,0.0
2026-09-02T04:25:00,717512,66.82298824003313,25.57235840907281,0.0
2026-09-02T04:25:00,717446,63.58652624680297,25.57235840907281,0.0
2026-09-02T04:25:00,717445,65.86370254632983,25.57235840907281,0.0
2026-09-02T04:25:00,717458,68.08891445080472,25.57235840907281,0.0
2026-09-02T04:25:00,717459,60.75717618446926,25.57235840907281,0.0
2026-09-02T04:25:00,717460,57.91086321671139,25.57235840907281,0.0
2026-09-02T04:25:00,717461,58.730219674989804,25.57235840907281,0.0
2026-09-02T04:25:00,717462,55.90309183241481,25.57235840907281,0.0
2026-09-02T04:25:00,717463,53.344078758650326,25.57235840907281,0.0
2026-09-02T04:30:00,717447,67.55296168824287,25.60907037639638,1.8
2026-09-02T04:30:00,717512,62.25933633551738,25.60907037639638,0.0
2026-09-02T04:30:00,717446,64.28075348512692,25.60907037639638,0.0
2026-09-02T04:30:00,717445,56.825731545121094,25.60907037639638,0.0
2026-09-02T04:30:00,717458,65.27338887843733,25.60907037639638,0.0
2026-09-02T04:30:00,717459,56.6389430415736,25.60907037639638,0.0
2026-09-02T04:30:00,717460,53.7416939488149,25.60907037639638,1.8
2026-09-02T04:30:00,717461,60.56137152303662,25.60907037639638,1.8
2026-09-02T04:30:00,717462,59.99731733483177,25.60907037639638,0.0
2026-09-02T04:30:00,717463,55.112049183606146,25.60907037639638,0.0
2026-09-02T04:35:00,717447,64.65138794125527,25.644215963580248,0.0
2026-09-02T04:35:00,717512,62.737610027196276,25.644215963580248,0.0
2026-09-02T04:35:00,717446,63.32948717517959,25.644215963580248,0.0
2026-09-02T04:35:00,717445,61.21572115371543,25.644215963580248,0.0
2026-09-02T04:35:00,717458,59.648611779650295,25.644215963580248,0.0
2026-09-02T04:35:00,717459,56.32314379433467,25.644215963580248,0.0
2026-09-02T04:35:00,717460,54.30670591110598,25.644215963580248,1.8
2026-09-02T04:35:00,717461,56.79914414539979,25.644215963580248,0.0
2026-09-02T04:35:00,717462,56.035851738946015,25.644215963580248,0.0
2026-09-02T04:35:00,717463,51.98252853350277,25.644215963580248,0.0
2026-09-02T04:40:00,717447,63.15450175294309,25.67777991701502,0.0
2026-09-02T04:40:00,717512,64.40990321396573,25.67777991701502,0.0
2026-09-02T04:40:00,717446,59.832007546689496,25.67777991701502,0.0
2026-09-02T04:40:00,717445,64.50663174676674,25.67777991701502,0.0
2026-09-02T04:40:00,717458,61.72069425479113,25.67777991701502,0.0
2026-09-02T04:40:00,717459,56.73784495302104,25.67777991701502,0.0
2026-09-02T04:40:00,717460,59.15983094295024,25.67777991701502,1.8
2026-09-02T04:40:00,717461,53.89910376699904,25.67777991701502,0.0
2026-09-02T04:40:00,717462,57.78512208035435,25.67777991701502,0.0
2026-09-02T04:40:00,717463,51.60712960434834,25.67777991701502,0.0
2026-09-02T04:45:00,717447,64.55109091287494,25.70974766953947,0.0
2026-09-02T04:45:00,717512,64.13777575047192,25.70974766953947,1.8
2026-09-02T04:45:00,717446,67.08551172133475,25.70974766953947,0.0
2026-09-02T04:45:00,717445,58.96022367077339,25.70974766953947,0.0
2026-09-02T04:45:00,717458,57.6460430611874,25.70974766953947,1.8
2026-09-02T04:45:00,717459,54.529344212999874,25.70974766953947,0.0
2026-09-02T04:45:00,717460,63.30031768576053,25.70974766953947,0.0
2026-09-02T04:45:00,717461,56.59893064977103,25.70974766953947,0.0
2026-09-02T04:45:00,717462,58.56422290554402,25.70974766953947,0.0
2026-09-02T04:45:00,717463,52.38095610601897,25.70974766953947,0.0
2026-09-02T04:50:00,717447,63.41214631129598,25.740105346762842,0.0
2026-09-02T04:50:00,717512,63.52713488086799,25.740105346762842,1.8
2026-09-02T04:50:00,717446,62.41521613762091,25.740105346762842,0.0
2026-09-02T04:50:00,717445,63.31489490163674,25.740105346762842,0.0
2026-09-02T04:50:00,717458,60.25586855157803,25.740105346762842,0.0
2026-09-02T04:50:00,717459,57.749584332518005,25.740105346762842,0.0
2026-09-02T04:50:00,717460,63.34149664958767,25.740105346762842,0.0
2026-09-02T04:50:00,717461,53.81376394501528,25.740105346762842,1.8
2026-09-02T04:50:00,717462,52.94583223828036,25.740105346762842,1.8
2026-09-02T04:50:00,717463,51.45273805215725,25.740105346762842,1.8
2026-09-02T04:55:00,717447,67.00177030256123,25.76883977308651,0.0
2026-09-02T04:55:00,717512,64.97345132898117,25.76883977308651,1.8
2026-09-02T04:55:00,717446,61.952381889142494,25.76883977308651,0.0
2026-09-02T04:55:00,717445,58.47393778147496,25.76883977308651,0.0
2026-09-02T04:55:00,717458,60.45827466696434,25.76883977308651,0.0
2026-09-02T04:55:00,717459,61.442568124655665,25.76883977308651,0.0
2026-09-02T04:55:00,717460,62.36630864147644,25.76883977308651,0.0
2026-09-02T04:55:00,717461,54.592716047878106,25.76883977308651,0.0
2026-09-02T04:55:00,717462,54.74213051556787,25.76883977308651,0.0
2026-09-02T04:55:00,717463,55.3432330648818,25.76883977308651,1.8
2026-09-02T05:00:00,717447,63.63771920070319,25.795938477422347,0.0
2026-09-02T05:00:00,717512,59.62070711496037,25.795938477422347,0.0
2026-09-02T05:00:00,717446,61.91111295984134,25.795938477422347,0.0
2026-09-02T05:00:00,717445,57.551704614932994,25.795938477422347,0.0
2026-09-02T05:00:00,717458,62.8746550976914,25.795938477422347,0.0
2026-09-02T05:00:00,717459,57.86585333785042,25.795938477422347,0.0
2026-09-02T05:00:00,717460,57.39889492115786,25.795938477422347,0.0
2026-09-02T05:00:00,717461,54.135788057115306,25.795938477422347,0.0
2026-09-02T05:00:00,717462,55.11303577691907,25.795938477422347,1.8
2026-09-02T05:00:00,717463,57.817912948993595,25.795938477422347,1.8
2026-09-02T05:05:00,717447,67.97470859019265,25.821389698605323,0.0
2026-09-02T05:05:00,717512,60.296565212435866,25.821389698605323,0.0
2026-09-02T05:05:00,717446,54.18787108321073,25.821389698605323,0.0
2026-09-02T05:05:00,717445,60.67734169514707,25.821389698605323,0.0
2026-09-02T05:05:00,717458,59.029248507554435,25.821389698605323,1.8
2026-09-02T05:05:00,717459,57.65097564091952,25.821389698605323,0.0
2026-09-02T05:05:00,717460,55.868925018304225,25.821389698605323,0.0
2026-09-02T05:05:00,717461,53.0342778257556,25.821389698605323,1.8
2026-09-02T05:05:00,717462,62.0014425750981,25.821389698605323,0.0
2026-09-02T05:05:00,717463,59.52809478712609,25.821389698605323,0.0
2026-09-02T05:10:00,717447,63.45810239621356,25.845182390498014,1.8
2026-09-02T05:10:00,717512,63.844061287627255,25.845182390498014,0.0
2026-09-02T05:10:00,717446,65.20805589845055,25.845182390498014,1.8
2026-09-02T05:10:00,717445,61.4341584593621,25.845182390498014,0.0
2026-09-02T05:10:00,717458,58.4268445979744,25.845182390498014,0.0
2026-09-02T05:10:00,717459,54.74273053623071,25.845182390498014,0.0
2026-09-02T05:10:00,717460,57.49316951287763,25.845182390498014,0.0
2026-09-02T05:10:00,717461,52.66650209077894,25.845182390498014,0.0
2026-09-02T05:10:00,717462,58.654397586396875,25.845182390498014,0.0
2026-09-02T05:10:00,717463,53.75966818532427,25.845182390498014,0.0
2026-09-02T05:15:00,717447,66.13447732082051,25.86730622678472,0.0
2026-09-02T05:15:00,717512,62.3887895801148,25.86730622678472,0.0
2026-09-02T05:15:00,717446,64.66018027749296,25.86730622678472,1.8
2026-09-02T05:15:00,717445,59.07725438620344,25.86730622678472,0.0
2026-09-02T05:15:00,717458,60.64581722515847,25.86730622678472,0.0
2026-09-02T05:15:00,717459,57.48148907499929,25.86730622678472,0.0
2026-09-02T05:15:00,717460,56.70686474859596,25.86730622678472,0.0
2026-09-02T05:15:00,717461,59.08031686696854,25.86730622678472,1.8
2026-09-02T05:15:00,717462,52.70435683966861,25.86730622678472,1.8
2026-09-02T05:15:00,717463,54.8535339886227,25.86730622678472,0.0
2026-09-02T05:20:00,717447,68.46784160037684,25.88775160545325,0.0
2026-09-02T05:20:00,717512,66.0569832379781,25.88775160545325,1.8
2026-09-02T05:20:00,717446,60.25546690559694,25.88775160545325,0.0
2026-09-02T05:20:00,717445,62.36355212563479,25.88775160545325,0.0
2026-09-02T05:20:00,717458,54.587419509396234,25.88775160545325,0.0
2026-09-02T05:20:00,717459,61.49000682047935,25.88775160545325,1.8
2026-09-02T05:20:00,717460,65.18383245416206,25.88775160545325,0.0
2026-09-02T05:20:00,717461,56.975807339544495,25.88775160545325,0.0
2026-09-02T05:20:00,717462,59.039479599220535,25.88775160545325,0.0
2026-09-02T05:20:00,717463,49.63455818495566,25.88775160545325,0.0
2026-09-02T05:25:00,717447,61.33715331577836,25.90650965296229,0.0
2026-09-02T05:25:00,717512,62.153413129013316,25.90650965296229,0.0
2026-09-02T05:25:00,717446,61.473957496756086,25.90650965296229,0.0
2026-09-02T05:25:00,717445,61.67234621719333,25.90650965296229,1.8
2026-09-02T05:25:00,717458,57.746312947663554,25.90650965296229,0.0
2026-09-02T05:25:00,717459,58.766431094972916,25.90650965296229,0.0
2026-09-02T05:25:00,717460,60.049004393593705,25.90650965296229,0.0
2026-09-02T05:25:00,717461,57.42940217289381,25.90650965296229,1.8
2026-09-02T05:25:00,717462,53.66042735363856,25.90650965296229,1.8
2026-09-02T05:25:00,717463,55.77293690944725,25.90650965296229,0.0
2026-09-02T05:30:00,717447,62.990917742683884,25.923572228092624,0.0
2026-09-02T05:30:00,717512,63.25436206976967,25.923572228092624,1.8
2026-09-02T05:30:00,717446,64.53142846941093,25.923572228092624,0.0
2026-09-02T05:30:00,717445,60.05019660194524,25.923572228092624,0.0
2026-09-02T05:30:00,717458,55.773184984697885,25.923572228092624,0.0
2026-09-02T05:30:00,717459,58.37100616830716,25.923572228092624,0.0
2026-09-02T05:30:00,717460,59.76039566627999,25.923572228092624,0.0
2026-09-02T05:30:00,717461,58.8575508386864,25.923572228092624,0.0
2026-09-02T05:30:00,717462,51.48018498555028,25.923572228092624,0.0
2026-09-02T05:30:00,717463,55.49722812925813,25.923572228092624,0.0
2026-09-02T05:35:00,717447,63.30224797507364,25.93893192548054,0.0
2026-09-02T05:35:00,717512,67.22688733994555,25.93893192548054,0.0
2026-09-02T05:35:00,717446,58.05379015132744,25.93893192548054,0.0
2026-09-02T05:35:00,717445,62.46272387708688,25.93893192548054,0.0
2026-09-02T05:35:00,717458,58.186224938948484,25.93893192548054,0.0
2026-09-02T05:35:00,717459,56.26916149890255,25.93893192548054,0.0
2026-09-02T05:35:00,717460,59.702988588651635,25.93893192548054,1.8
2026-09-02T05:35:00,717461,59.009598552797904,25.93893192548054,0.0
2026-09-02T05:35:00,717462,48.58451224682618,25.93893192548054,0.0
2026-09-02T05:35:00,717463,56.161913086248276,25.93893192548054,0.0
2026-09-02T05:40:00,717447,63.615540445333906,25.952582078831828,0.0
2026-09-02T05:40:00,717512,62.70720661557615,25.952582078831828,0.0
2026-09-02T05:40:00,717446,57.70211588575807,25.952582078831828,0.0
2026-09-02T05:40:00,717445,62.04440093953817,25.952582078831828,0.0
2026-09-02T05:40:00,717458,65.9949766663034,25.952582078831828,0.0
2026-09-02T05:40:00,717459,56.23403963515906,25.952582078831828,0.0
2026-09-02T05:40:00,717460,60.32109815239116,25.952582078831828,0.0
2026-09-02T05:40:00,717461,55.397812936169046,25.952582078831828,0.0
2026-09-02T05:40:00,717462,52.74619410627636,25.952582078831828,0.0
2026-09-02T05:40:00,717463,48.782702646631485,25.952582078831828,0.0
2026-09-02T05:45:00,717447,67.75579998261348,25.96451676381505,0.0
2026-09-02T05:45:00,717512,62.71307185374174,25.96451676381505,0.0
2026-09-02T05:45:00,717446,59.8498933333985,25.96451676381505,0.0
2026-09-02T05:45:00,717445,59.1139583763899,25.96451676381505,1.8
2026-09-02T05:45:00,717458,60.85241660002879,25.96451676381505,0.0
2026-09-02T05:45:00,717459,56.245263213340735,25.96451676381505,0.0
2026-09-02T05:45:00,717460,53.60201401617876,25.96451676381505,0.0
2026-09-02T05:45:00,717461,54.8386836606079,25.96451676381505,1.8
2026-09-02T05:45:00,717462,53.54870513816085,25.96451676381505,0.0
2026-09-02T05:45:00,717463,52.284442032843074,25.96451676381505,0.0
2026-09-02T05:50:00,717447,62.00174221624349,25.97473080063275,0.0
2026-09-02T05:50:00,717512,65.91677195547928,25.97473080063275,0.0
2026-09-02T05:50:00,717446,69.23851862623614,25.97473080063275,0.0
2026-09-02T05:50:00,717445,56.58465368859779,25.97473080063275,0.0
2026-09-02T05:50:00,717458,52.26726819224386,25.97473080063275,0.0
2026-09-02T05:50:00,717459,56.592806023648166,25.97473080063275,0.0
2026-09-02T05:50:00,717460,50.15273429634934,25.97473080063275,0.0
2026-09-02T05:50:00,717461,50.401084147692394,25.97473080063275,0.0
2026-09-02T05:50:00,717462,52.16086136262996,25.97473080063275,0.0
2026-09-02T05:50:00,717463,54.54826496556869,25.97473080063275,0.0
2026-09-02T05:55:00,717447,62.23424090484606,25.983219756269566,0.0
2026-09-02T05:55:00,717512,54.86883159537564,25.983219756269566,1.8
2026-09-02T05:55:00,717446,59.79643035865043,25.983219756269566,0.0
2026-09-02T05:55:00,717445,58.80966854535944,25.983219756269566,0.0
2026-09-02T05:55:00,717458,57.65822578661126,25.983219756269566,0.0
2026-09-02T05:55:00,717459,60.26870137654106,25.983219756269566,0.0
2026-09-02T05:55:00,717460,58.49287921971549,25.983219756269566,1.8
2026-09-02T05:55:00,717461,54.790002893099356,25.983219756269566,0.0
2026-09-02T05:55:00,717462,59.54668027967889,25.983219756269566,0.0
2026-09-02T05:55:00,717463,47.85801324800193,25.983219756269566,0.0
2026-09-02T06:00:00,717447,61.05350109297491,25.989979946416216,0.0
2026-09-02T06:00:00,717512,61.01945709938911,25.989979946416216,0.0
2026-09-02T06:00:00,717446,60.125818088542495,25.989979946416216,0.0
2026-09-02T06:00:00,717445,54.73232484173234,25.989979946416216,0.0
2026-09-02T06:00:00,717458,51.97343781211275,25.989979946416216,0.0
2026-09-02T06:00:00,717459,56.587601389238564,25.989979946416216,0.0
2026-09-02T06:00:00,717460,50.628588298210076,25.989979946416216,0.0
2026-09-02T06:00:00,717461,52.205060497744775,25.989979946416216,0.0
2026-09-02T06:00:00,717462,53.349504312767515,25.989979946416216,0.0
2026-09-02T06:00:00,717463,47.94224078798288,25.989979946416216,0.0
2026-09-02T06:05:00,717447,63.16177935087615,25.995008437068513,0.0
2026-09-02T06:05:00,717512,58.52940597158865,25.995008437068513,1.8
2026-09-02T06:05:00,717446,58.67440673187176,25.995008437068513,0.0
2026-09-02T06:05:00,717445,60.08425022357847,25.995008437068513,0.0
2026-09-02T06:05:00,717458,57.124676880448966,25.995008437068513,0.0
2026-09-02T06:05:00,717459,57.09079056835334,25.995008437068513,1.8
2026-09-02T06:05:00,717460,56.28989612348886,25.995008437068513,0.0
2026-09-02T06:05:00,717461,53.47650843710019,25.995008437068513,0.0
2026-09-02T06:05:00,717462,53.66512241152969,25.995008437068513,0.0
2026-09-02T06:05:00,717463,49.33091755041947,25.995008437068513,0.0
2026-09-02T06:10:00,717447,63.16051589179702,25.998303045800768,0.0
2026-09-02T06:10:00,717512,59.79893626634868,25.998303045800768,0.0
2026-09-02T06:10:00,717446,63.19395054947251,25.998303045800768,1.8
2026-09-02T06:10:00,717445,58.49916518171795,25.998303045800768,0.0
2026-09-02T06:10:00,717458,55.2344181581117,25.998303045800768,0.0
2026-09-02T06:10:00,717459,57.21524705278778,25.998303045800768,0.0
2026-09-02T06:10:00,717460,58.544580963803995,25.998303045800768,0.0
2026-09-02T06:10:00,717461,51.88645714550549,25.998303045800768,1.8
2026-09-02T06:10:00,717462,50.20016861802123,25.998303045800768,0.0
2026-09-02T06:10:00,717463,43.03177976303698,25.998303045800768,0.0
2026-09-02T06:15:00,717447,61.54475110971812,25.999862342712994,0.0
2026-09-02T06:15:00,717512,58.96047897343188,25.999862342712994,0.0
2026-09-02T06:15:00,717446,60.25519152969801,25.999862342712994,0.0
2026-09-02T06:15:00,717445,59.12269813650273,25.999862342712994,0.0
2026-09-02T06:15:00,717458,52.18915775584114,25.999862342712994,0.0
2026-09-02T06:15:00,717459,57.844366178176784,25.999862342712994,0.0
2026-09-02T06:15:00,717460,51.641044479554765,25.999862342712994,0.0
2026-09-02T06:15:00,717461,51.355378935261044,25.999862342712994,0.0
2026-09-02T06:15:00,717462,44.780799902561945,25.999862342712994,0.0
2026-09-02T06:15:00,717463,51.3470846070777,25.999862342712994,0.0
2026-09-02T06:20:00,717447,57.23158236728497,25.9996856510515,0.0
2026-09-02T06:20:00,717512,57.46944117642283,25.9996856510515,0.0
2026-09-02T06:20:00,717446,54.58086403296797,25.9996856510515,0.0
2026-09-02T06:20:00,717445,59.91473105771197,25.9996856510515,1.8
2026-09-02T06:20:00,717458,54.58451980958722,25.9996856510515,0.0
2026-09-02T06:20:00,717459,50.71841422313419,25.9996856510515,0.0
2026-09-02T06:20:00,717460,49.70353184354258,25.9996856510515,1.8
2026-09-02T06:20:00,717461,54.554148393366766,25.9996856510515,1.8
2026-09-02T06:20:00,717462,48.377647256739536,25.9996856510515,0.0
2026-09-02T06:20:00,717463,48.27785824295411,25.9996856510515,0.0
2026-09-02T06:25:00,717447,59.95874854231714,25.997773047502594,0.0
2026-09-02T06:25:00,717512,57.701951477945265,25.997773047502594,0.0
2026-09-02T06:25:00,717446,51.9569785186853,25.997773047502594,0.0
2026-09-02T06:25:00,717445,58.093924982450055,25.997773047502594,0.0
2026-09-02T06:25:00,717458,54.31393890779614,25.997773047502594,1.8
2026-09-02T06:25:00,717459,54.73018172301645,25.997773047502594,0.0
2026-09-02T06:25:00,717460,54.725676769285656,25.997773047502594,0.0
2026-09-02T06:25:00,717461,45.362992149297,25.997773047502594,1.8
2026-09-02T06:25:00,717462,52.355444556017694,25.997773047502594,0.0
2026-09-02T06:25:00,717463,56.54131541547403,25.997773047502594,0.0
2026-09-02T06:30:00,717447,60.301331080260226,25.994125362159327,1.8
2026-09-02T06:30:00,717512,61.85751421727846,25.994125362159327,0.0
2026-09-02T06:30:00,717446,59.56850867309639,25.994125362159327,0.0
2026-09-02T06:30:00,717445,57.48516370415163,25.994125362159327,0.0
2026-09-02T06:30:00,717458,57.28632355163295,25.994125362159327,1.8
2026-09-02T06:30:00,717459,56.64019697633301,25.994125362159327,0.0
2026-09-02T06:30:00,717460,55.576348314900116,25.994125362159327,0.0
2026-09-02T06:30:00,717461,47.06404533971367,25.994125362159327,0.0
2026-09-02T06:30:00,717462,52.69065566543514,25.994125362159327,0.0
2026-09-02T06:30:00,717463,47.52039030182285,25.994125362159327,0.0
2026-09-02T06:35:00,717447,62.07669193804613,25.988744178161195,1.8
2026-09-02T06:35:00,717512,58.545180500170304,25.988744178161195,0.0
2026-09-02T06:35:00,717446,52.20128154091794,25.988744178161195,0.0
2026-09-02T06:35:00,717445,58.94482542733545,25.988744178161195,0.0
2026-09-02T06:35:00,717458,51.18617863599507,25.988744178161195,1.8
2026-09-02T06:35:00,717459,51.3529003680315,25.988744178161195,0.0
2026-09-02T06:35:00,717460,56.14798194849334,25.988744178161195,0.0
2026-09-02T06:35:00,717461,50.303921646281836,25.988744178161195,0.0
2026-09-02T06:35:00,717462,47.62647004065178,25.988744178161195,0.0
2026-09-02T06:35:00,717463,47.24616256274838,25.988744178161195,0.0
2026-09-02T06:40:00,717447,56.269120501220776,25.98163183100706,0.0
2026-09-02T06:40:00,717512,58.59611784839794,25.98163183100706,0.0
2026-09-02T06:40:00,717446,53.9570450371634,25.98163183100706,1.8
2026-09-02T06:40:00,717445,53.650966984150365,25.98163183100706,0.0
2026-09-02T06:40:00,717458,54.311764544291584,25.98163183100706,0.0
2026-09-02T06:40:00,717459,52.75510557015927,25.98163183100706,0.0
2026-09-02T06:40:00,717460,48.11795384580749,25.98163183100706,0.0
2026-09-02T06:40:00,717461,51.43587372210477,25.98163183100706,0.0
2026-09-02T06:40:00,717462,46.22513600229755,25.98163183100706,0.0
2026-09-02T06:40:00,717463,43.50521892845113,25.98163183100706,0.0
2026-09-02T06:45:00,717447,51.15466054232098,25.9727914075415,1.8
2026-09-02T06:45:00,717512,54.67511161421382,25.9727914075415,0.0
2026-09-02T06:45:00,717446,49.269278369383876,25.9727914075415,0.0
2026-09-02T06:45:00,717445,50.35391173912115,25.9727914075415,0.0
2026-09-02T06:45:00,717458,51.558917912748846,25.9727914075415,1.8
2026-09-02T06:45:00,717459,53.87808860864764,25.9727914075415,0.0
2026-09-02T06:45:00,717460,48.36608110530182,25.9727914075415,1.8
2026-09-02T06:45:00,717461,43.798988793913104,25.9727914075415,0.0
2026-09-02T06:45:00,717462,46.48317029436242,25.9727914075415,0.0
2026-09-02T06:45:00,717463,48.94388912320069,25.9727914075415,0.0
2026-09-02T06:50:00,717447,54.46244937522178,25.962226744615087,0.0
2026-09-02T06:50:00,717512,58.209404490161525,25.962226744615087,0.0
2026-09-02T06:50:00,717446,52.905534864292385,25.962226744615087,0.0
2026-09-02T06:50:00,717445,53.892799228031585,25.962226744615087,0.0
2026-09-02T06:50:00,717458,51.22627206925128,25.962226744615087,0.0
2026-09-02T06:50:00,717459,53.23769538223766,25.962226744615087,0.0
2026-09-02T06:50:00,717460,54.60012627037348,25.962226744615087,0.0
2026-09-02T06:50:00,717461,45.56181171360735,25.962226744615087,1.8
2026-09-02T06:50:00,717462,46.247373259431384,25.962226744615087,0.0
2026-09-02T06:50:00,717463,48.03912511497214,25.962226744615087,0.0
2026-09-02T06:55:00,717447,55.030586964894304,25.949942427419153,1.8
2026-09-02T06:55:00,717512,47.69014588083264,25.949942427419153,0.0
2026-09-02T06:55:00,717446,51.00565684396605,25.949942427419153,0.0
2026-09-02T06:55:00,717445,51.40449106751603,25.949942427419153,0.0
2026-09-02T06:55:00,717458,54.251908943181846,25.949942427419153,0.0
2026-09-02T06:55:00,717459,48.57998953641734,25.949942427419153,0.0
2026-09-02T06:55:00,717460,44.42933912949752,25.949942427419153,0.0
2026-09-02T06:55:00,717461,46.67691783533529,25.949942427419153,0.0
2026-09-02T06:55:00,717462,49.078727850932296,25.949942427419153,0.0
2026-09-02T06:55:00,717463,41.602564405887826,25.949942427419153,0.0
2026-09-02T07:00:00,717447,51.5949434051496,25.93594378749575,0.0
2026-09-02T07:00:00,717512,50.08436577474059,25.93594378749575,0.0
2026-09-02T07:00:00,717446,46.839395690958405,25.93594378749575,0.0
2026-09-02T07:00:00,717445,49.683185894704415,25.93594378749575,0.0
2026-09-02T07:00:00,717458,48.12887451661089,25.93594378749575,0.0
2026-09-02T07:00:00,717459,42.00283987772522,25.93594378749575,0.0
2026-09-02T07:00:00,717460,43.47866294528562,25.93594378749575,0.0
2026-09-02T07:00:00,717461,45.27123846671503,25.93594378749575,1.8
2026-09-02T07:00:00,717462,45.55306767903289,25.93594378749575,0.0
2026-09-02T07:00:00,717463,45.195346109987774,25.93594378749575,0.0
2026-09-02T07:05:00,717447,54.19602315295969,25.920236900423696,0.0
2026-09-02T07:05:00,717512,50.68844265829011,25.920236900423696,0.0
2026-09-02T07:05:00,717446,45.177424816126695,25.920236900423696,1.8
2026-09-02T07:05:00,717445,47.617797191823236,25.920236900423696,0.0
2026-09-02T07:05:00,717458,39.95829013967732,25.920236900423696,0.0
2026-09-02T07:05:00,717459,46.47153971724137,25.920236900423696,0.0
2026-09-02T07:05:00,717460,42.729984406302364,25.920236900423696,1.8
2026-09-02T07:05:00,717461,37.34504157073233,25.920236900423696,1.8
2026-09-02T07:05:00,717462,43.414186169532606,25.920236900423696,0.0
2026-09-02T07:05:00,717463,45.45988857104328,25.920236900423696,1.8
2026-09-02T07:10:00,717447,45.930943846801796,25.902828583181726,0.0
2026-09-02T07:10:00,717512,50.80701597813949,25.902828583181726,1.8
2026-09-02T07:10:00,717446,47.05522989382798,25.902828583181726,1.8
2026-09-02T07:10:00,717445,44.74812293525321,25.902828583181726,0.0
2026-09-02T07:10:00,717458,43.55428586341356,25.902828583181726,0.0
2026-09-02T07:10:00,717459,43.45454204096292,25.902828583181726,0.0
2026-09-02T07:10:00,717460,42.24403079235839,25.902828583181726,0.0
2026-09-02T07:10:00,717461,42.11096145306451,25.902828583181726,0.0
2026-09-02T07:10:00,717462,38.47489034687793,25.902828583181726,0.0
2026-09-02T07:10:00,717463,37.827066046161484,25.902828583181726,0.0
2026-09-02T07:15:00,717447,51.00231890161797,25.883726391189803,0.0
2026-09-02T07:15:00,717512,45.33382719708859,25.883726391189803,0.0
2026-09-02T07:15:00,717446,47.71536347915403,25.883726391189803,0.0
2026-09-02T07:15:00,717445,44.71017158956216,25.883726391189803,1.8
2026-09-02T07:15:00,717458,42.90834152583275,25.883726391189803,0.0
2026-09-02T07:15:00,717459,48.79387010454484,25.883726391189803,1.8
2026-09-02T07:15:00,717460,38.335729900090215,25.883726391189803,0.0
2026-09-02T07:15:00,717461,45.552073534384355,25.883726391189803,0.0
2026-09-02T07:15:00,717462,42.24307651570782,25.883726391189803,0.0
2026-09-02T07:15:00,717463,36.65285533080621,25.883726391189803,0.0
2026-09-02T07:20:00,717447,50.62294794459996,25.86293861503,0.0
2026-09-02T07:20:00,717512,38.707571224360514,25.86293861503,1.8
2026-09-02T07:20:00,717446,43.470234190838234,25.86293861503,0.0
2026-09-02T07:20:00,717445,41.65801436848085,25.86293861503,0.0
2026-09-02T07:20:00,717458,44.387452695049134,25.86293861503,1.8
2026-09-02T07:20:00,717459,44.13818278600196,25.86293861503,0.0
2026-09-02T07:20:00,717460,41.937252103979546,25.86293861503,1.8
2026-09-02T07:20:00,717461,40.0030598750566,25.86293861503,0.0
2026-09-02T07:20:00,717462,41.238371294312095,25.86293861503,1.8
2026-09-02T07:20:00,717463,39.5610128992986,25.86293861503,0.0
2026-09-02T07:25:00,717447,44.7496740766618,25.84047427684828,0.0
2026-09-02T07:25:00,717512,43.859156465243935,25.84047427684828,1.8
2026-09-02T07:25:00,717446,46.45404771454221,25.84047427684828,0.0
2026-09-02T07:25:00,717445,42.9551684651119,25.84047427684828,0.0
2026-09-02T07:25:00,717458,41.95689890785946,25.84047427684828,0.0
2026-09-02T07:25:00,717459,41.13844345915805,25.84047427684828,0.0
2026-09-02T07:25:00,717460,34.24221085222591,25.84047427684828,0.0
2026-09-02T07:25:00,717461,36.22307646992742,25.84047427684828,0.0
2026-09-02T07:25:00,717462,38.5279609039614,25.84047427684828,1.8
2026-09-02T07:25:00,717463,33.79979023003934,25.84047427684828,0.0
2026-09-02T07:30:00,717447,44.679717541179635,25.816343126438774,0.0
2026-09-02T07:30:00,717512,45.592432515694405,25.816343126438774,0.0
2026-09-02T07:30:00,717446,45.984316722818384,25.816343126438774,0.0
2026-09-02T07:30:00,717445,45.17518892152391,25.816343126438774,0.0
2026-09-02T07:30:00,717458,44.16641070289603,25.816343126438774,0.0
2026-09-02T07:30:00,717459,38.952578089691556,25.816343126438774,0.0
2026-09-02T07:30:00,717460,37.44502977794001,25.816343126438774,0.0
2026-09-02T07:30:00,717461,33.50401070260365,25.816343126438774,1.8
2026-09-02T07:30:00,717462,40.17990246556164,25.816343126438774,0.0
2026-09-02T07:30:00,717463,33.72177690477409,25.816343126438774,0.0
2026-09-02T07:35:00,717447,48.402525559005895,25.79055563701226,0.0
2026-09-02T07:35:00,717512,43.753860331106374,25.79055563701226,0.0
2026-09-02T07:35:00,717446,44.84479621439029,25.79055563701226,0.0
2026-09-02T07:35:00,717445,40.25639523464341,25.79055563701226,0.0
2026-09-02T07:35:00,717458,41.00441668240803,25.79055563701226,0.0
2026-09-02T07:35:00,717459,41.358738684567186,25.79055563701226,0.0
2026-09-02T07:35:00,717460,35.40217969653857,25.79055563701226,0.0
2026-09-02T07:35:00,717461,39.29110063269323,25.79055563701226,1.8
2026-09-02T07:35:00,717462,31.365087609240454,25.79055563701226,0.0
2026-09-02T07:35:00,717463,38.65136433655498,25.79055563701226,0.0
2026-09-02T07:40:00,717447,43.286038995555685,25.76312300065065,0.0
2026-09-02T07:40:00,717512,39.60266285109629,25.76312300065065,0.0
2026-09-02T07:40:00,717446,42.87926170922823,25.76312300065065,0.0
2026-09-02T07:40:00,717445,40.2399003375121,25.76312300065065,0.0
2026-09-02T07:40:00,717458,32.912334931078895,25.76312300065065,0.0
2026-09-02T07:40:00,717459,35.664874392284055,25.76312300065065,0.0
2026-09-02T07:40:00,717460,32.64020103179453,25.76312300065065,0.0
2026-09-02T07:40:00,717461,31.677578278093556,25.76312300065065,1.8
2026-09-02T07:40:00,717462,30.380290688538253,25.76312300065065,0.0
2026-09-02T07:40:00,717463,33.59880184572467,25.76312300065065,1.8
2026-09-02T07:45:00,717447,44.326098924790514,25.734057123449503,0.0
2026-09-02T07:45:00,717512,38.144433026943425,25.734057123449503,0.0
2026-09-02T07:45:00,717446,33.41869719942705,25.734057123449503,0.0
2026-09-02T07:45:00,717445,30.888684074435965,25.734057123449503,0.0
2026-09-02T07:45:00,717458,43.03606100584494,25.734057123449503,0.0
2026-09-02T07:45:00,717459,36.11768522888814,25.734057123449503,1.8
2026-09-02T07:45:00,717460,36.902619753062,25.734057123449503,0.0
2026-09-02T07:45:00,717461,32.656982670529786,25.734057123449503,0.0
2026-09-02T07:45:00,717462,25.6714221469108,25.734057123449503,0.0
2026-09-02T07:45:00,717463,32.08424937400275,25.734057123449503,0.0
2026-09-02T07:50:00,717447,45.46571227239535,25.703370620350633,0.0
2026-09-02T07:50:00,717512,37.426356934108476,25.703370620350633,0.0
2026-09-02T07:50:00,717446,31.46122014462049,25.703370620350633,0.0
2026-09-02T07:50:00,717445,33.4094598991462,25.703370620350633,0.0
2026-09-02T07:50:00,717458,38.330452699748975,25.703370620350633,0.0
2026-09-02T07:50:00,717459,35.486102710816404,25.703370620350633,0.0
2026-09-02T07:50:00,717460,36.919788391315436,25.703370620350633,1.8
2026-09-02T07:50:00,717461,32.14035871059302,25.703370620350633,0.0
2026-09-02T07:50:00,717462,32.96734481560608,25.703370620350633,0.0
2026-09-02T07:50:00,717463,28.45039693285807,25.703370620350633,0.0
2026-09-02T07:55:00,717447,36.17544081648373,25.67107680966706,1.8
2026-09-02T07:55:00,717512,40.334469846047824,25.67107680966706,0.0
2026-09-02T07:55:00,717446,39.742362778094694,25.67107680966706,0.0
2026-09-02T07:55:00,717445,34.05040533841006,25.67107680966706,0.0
2026-09-02T07:55:00,717458,39.28961661810027,25.67107680966706,0.0
2026-09-02T07:55:00,717459,38.18938421147929,25.67107680966706,0.0
2026-09-02T07:55:00,717460,29.425331097362278,25.67107680966706,0.0
2026-09-02T07:55:00,717461,28.35148095650213,25.67107680966706,0.0
2026-09-02T07:55:00,717462,27.280250033440076,25.67107680966706,0.0
2026-09-02T07:55:00,717463,28.29259184142714,25.67107680966706,0.0
2026-09-02T08:00:00,717447,37.40660454029364,25.637189707302728,0.0
2026-09-02T08:00:00,717512,33.41905485114681,25.637189707302728,0.0
2026-09-02T08:00:00,717446,33.62128834649919,25.637189707302728,0.0
2026-09-02T08:00:00,717445,28.612838178567422,25.637189707302728,0.0
2026-09-02T08:00:00,717458,27.83989740813689,25.637189707302728,1.8
2026-09-02T08:00:00,717459,28.090068348580516,25.637189707302728,0.0
2026-09-02T08:00:00,717460,37.30961543032359,25.637189707302728,0.0
2026-09-02T08:00:00,717461,35.63519516051879,25.637189707302728,0.0
2026-09-02T08:00:00,717462,31.181353193084014,25.637189707302728,0.0
2026-09-02T08:00:00,717463,25.94106894837246,25.637189707302728,1.8
2026-09-02T08:05:00,717447,33.225700549177056,25.6017240206694,1.8
2026-09-02T08:05:00,717512,36.47542981074749,25.6017240206694,0.0
2026-09-02T08:05:00,717446,36.639275763165124,25.6017240206694,0.0
2026-09-02T08:05:00,717445,31.860136337654872,25.6017240206694,1.8
2026-09-02T08:05:00,717458,34.0702354363783,25.6017240206694,0.0
2026-09-02T08:05:00,717459,28.182390326971507,25.6017240206694,0.0
2026-09-02T08:05:00,717460,28.777984782524737,25.6017240206694,0.0
2026-09-02T08:05:00,717461,28.53829955007884,25.6017240206694,0.0
2026-09-02T08:05:00,717462,33.72554860559601,25.6017240206694,0.0
2026-09-02T08:05:00,717463,24.359672891554972,25.6017240206694,1.8
2026-09-02T08:10:00,717447,44.34519954864497,25.564695142303492,0.0
2026-09-02T08:10:00,717512,37.132914720422384,25.564695142303492,0.0
2026-09-02T08:10:00,717446,42.21131762898509,25.564695142303492,0.0
2026-09-02T08:10:00,717445,30.440755369434882,25.564695142303492,0.0
2026-09-02T08:10:00,717458,28.86028062442006,25.564695142303492,0.0
2026-09-02T08:10:00,717459,28.75693579151347,25.564695142303492,0.0
2026-09-02T08:10:00,717460,29.888552099185052,25.564695142303492,1.8
2026-09-02T08:10:00,717461,33.702175781470245,25.564695142303492,0.0
2026-09-02T08:10:00,717462,25.567053035178347,25.564695142303492,0.0
2026-09-02T08:10:00,717463,28.917069494883926,25.564695142303492,0.0
2026-09-02T08:15:00,717447,42.272264316302326,25.52611914318551,0.0
2026-09-02T08:15:00,717512,36.04243746914461,25.52611914318551,0.0
2026-09-02T08:15:00,717446,37.35658057984123,25.52611914318551,0.0
2026-09-02T08:15:00,717445,30.454209879981008,25.52611914318551,0.0
2026-09-02T08:15:00,717458,32.89937988816143,25.52611914318551,0.0
2026-09-02T08:15:00,717459,32.47206872352992,25.52611914318551,0.0
2026-09-02T08:15:00,717460,25.230423320415202,25.52611914318551,0.0
2026-09-02T08:15:00,717461,25.375785642427743,25.52611914318551,0.0
2026-09-02T08:15:00,717462,25.969707205062356,25.52611914318551,0.0
2026-09-02T08:15:00,717463,20.79024988931731,25.52611914318551,0.0
2026-09-02T08:20:00,717447,33.88632336303324,25.48601276576506,1.8
2026-09-02T08:20:00,717512,34.3061582200853,25.48601276576506,0.0
2026-09-02T08:20:00,717446,29.24441348112739,25.48601276576506,0.0
2026-09-02T08:20:00,717445,37.88992441119317,25.48601276576506,1.8
2026-09-02T08:20:00,717458,34.30572031819367,25.48601276576506,1.8
2026-09-02T08:20:00,717459,40.66036667584417,25.48601276576506,1.8
2026-09-02T08:20:00,717460,25.13974176346613,25.48601276576506,0.0
2026-09-02T08:20:00,717461,29.022682754312257,25.48601276576506,0.0
2026-09-02T08:20:00,717462,24.312565050112354,25.48601276576506,0.0
2026-09-02T08:20:00,717463,21.896236209730972,25.48601276576506,0.0
2026-09-02T08:25:00,717447,38.671559956695766,25.444393416694414,0.0
2026-09-02T08:25:00,717512,34.79614606526028,25.444393416694414,0.0
2026-09-02T08:25:00,717446,32.32952545452491,25.444393416694414,0.0
2026-09-02T08:25:00,717445,33.09382897266214,25.444393416694414,0.0
2026-09-02T08:25:00,717458,28.452296715524792,25.444393416694414,0.0
2026-09-02T08:25:00,717459,27.159430825387112,25.444393416694414,0.0
2026-09-02T08:25:00,717460,26.57152099769885,25.444393416694414,1.8
2026-09-02T08:25:00,717461,30.921265422650812,25.444393416694414,0.0
2026-09-02T08:25:00,717462,29.437514221343037,25.444393416694414,0.0
2026-09-02T08:25:00,717463,21.173138137610678,25.444393416694414,0.0
2026-09-02T08:30:00,717447,41.00277782572645,25.40127915927381,1.8
2026-09-02T08:30:00,717512,34.4554444599607,25.40127915927381,0.0
2026-09-02T08:30:00,717446,34.64705814254604,25.40127915927381,0.0
2026-09-02T08:30:00,717445,29.998454297777606,25.40127915927381,0.0
2026-09-02T08:30:00,717458,31.01327824349678,25.40127915927381,1.8
2026-09-02T08:30:00,717459,26.356798293437258,25.40127915927381,0.0
2026-09-02T08:30:00,717460,26.202938232439042,25.40127915927381,0.0
2026-09-02T08:30:00,717461,29.909495919184593,25.40127915927381,0.0
2026-09-02T08:30:00,717462,28.78689191915697,25.40127915927381,0.0
2026-09-02T08:30:00,717463,26.391825779987066,25.40127915927381,0.0
2026-09-02T08:35:00,717447,34.54223232152046,25.356688705611774,0.0
2026-09-02T08:35:00,717512,30.727809457928952,25.356688705611774,0.0
2026-09-02T08:35:00,717446,37.331099373889394,25.356688705611774,0.0
2026-09-02T08:35:00,717445,35.11205276136299,25.356688705611774,0.0
2026-09-02T08:35:00,717458,25.515581387286776,25.356688705611774,1.8
2026-09-02T08:35:00,717459,32.52548922947003,25.356688705611774,0.0
2026-09-02T08:35:00,717460,27.527783677389824,25.356688705611774,0.0
2026-09-02T08:35:00,717461,29.538737198904556,25.356688705611774,0.0
2026-09-02T08:35:00,717462,21.83621301878832,25.356688705611774,0.0
2026-09-02T08:35:00,717463,23.025772524543456,25.356688705611774,0.0
2026-09-02T08:40:00,717447,36.356783815770115,25.31064140850384,0.0
2026-09-02T08:40:00,717512,40.29146846651559,25.31064140850384,1.8
2026-09-02T08:40:00,717446,41.673916779964735,25.31064140850384,0.0
2026-09-02T08:40:00,717445,32.76466847426345,25.31064140850384,1.8
2026-09-02T08:40:00,717458,34.62324493820728,25.31064140850384,0.0
2026-09-02T08:40:00,717459,30.76948502679032,25.31064140850384,0.0
2026-09-02T08:40:00,717460,29.458431889272514,25.31064140850384,0.0
2026-09-02T08:40:00,717461,29.285637226823994,25.31064140850384,1.8
2026-09-02T08:40:00,717462,26.297910756012243,25.31064140850384,1.8
2026-09-02T08:40:00,717463,27.75241106499628,25.31064140850384,0.0
2026-09-02T08:45:00,717447,33.27408855804692,25.26315725303319,0.0
2026-09-02T08:45:00,717512,35.117558447107,25.26315725303319,1.8
2026-09-02T08:45:00,717446,39.80820148008805,25.26315725303319,0.0
2026-09-02T08:45:00,717445,36.36436553068777,25.26315725303319,0.0
2026-09-02T08:45:00,717458,32.63517776398803,25.26315725303319,1.8
2026-09-02T08:45:00,717459,33.47889357303874,25.26315725303319,0.0
2026-09-02T08:45:00,717460,33.95295166152275,25.26315725303319,0.0
2026-09-02T08:45:00,717461,22.217376334281298,25.26315725303319,0.0
2026-09-02T08:45:00,717462,26.041517005623547,25.26315725303319,0.0
2026-09-02T08:45:00,717463,23.657022705155732,25.26315725303319,0.0
2026-09-02T08:50:00,717447,32.81442653057347,25.21425684789688,1.8
2026-09-02T08:50:00,717512,42.094817199042375,25.21425684789688,0.0
2026-09-02T08:50:00,717446,36.38576440634844,25.21425684789688,0.0
2026-09-02T08:50:00,717445,36.308569888644655,25.21425684789688,0.0
2026-09-02T08:50:00,717458,30.328997728472377,25.21425684789688,0.0
2026-09-02T08:50:00,717459,30.127933965974364,25.21425684789688,0.0
2026-09-02T08:50:00,717460,29.80621448476327,25.21425684789688,1.8
2026-09-02T08:50:00,717461,29.81782567411939,25.21425684789688,1.8
2026-09-02T08:50:00,717462,29.77708962777607,25.21425684789688,1.8
2026-09-02T08:50:00,717463,20.888491493734342,25.21425684789688,0.0
2026-09-02T08:55:00,717447,39.85656210771067,25.163961416461447,0.0
2026-09-02T08:55:00,717512,35.81115298448866,25.163961416461447,0.0
2026-09-02T08:55:00,717446,40.136070341401314,25.163961416461447,0.0
2026-09-02T08:55:00,717445,38.17268610090745,25.163961416461447,0.0
2026-09-02T08:55:00,717458,33.78646211249168,25.163961416461447,0.0
2026-09-02T08:55:00,717459,31.808880419154356,25.163961416461447,0.0
2026-09-02T08:55:00,717460,29.585126447829058,25.163961416461447,1.8
2026-09-02T08:55:00,717461,30.52679538446864,25.163961416461447,0.0
2026-09-02T08:55:00,717462,31.983707382172888,25.163961416461447,0.0
2026-09-02T08:55:00,717463,27.07792288563411,25.163961416461447,0.0
2026-09-02T09:00:00,717447,36.86316920290215,25.112292787551684,0.0
2026-09-02T09:00:00,717512,37.43142203150486,25.112292787551684,0.0
2026-09-02T09:00:00,717446,37.0649237839745,25.112292787551684,0.0
2026-09-02T09:00:00,717445,31.551714143769807,25.112292787551684,0.0
2026-09-02T09:00:00,717458,29.64118753997717,25.112292787551684,0.0
2026-09-02T09:00:00,717459,30.937872270564263,25.112292787551684,0.0
2026-09-02T09:00:00,717460,36.14957340851767,25.112292787551684,1.8
2026-09-02T09:00:00,717461,33.805314554145916,25.112292787551684,0.0
2026-09-02T09:00:00,717462,24.219245526417346,25.112292787551684,0.0
2026-09-02T09:00:00,717463,24.936391791886287,25.112292787551684,0.0
2026-09-02T09:05:00,717447,41.77135500876165,25.05927338597668,0.0
2026-09-02T09:05:00,717512,37.03050475221988,25.05927338597668,0.0
2026-09-02T09:05:00,717446,38.454581309892355,25.05927338597668,0.0
2026-09-02T09:05:00,717445,31.305186624199216,25.05927338597668,0.0
2026-09-02T09:05:00,717458,34.70869862589317,25.05927338597668,0.0
2026-09-02T09:05:00,717459,33.193566074865295,25.05927338597668,0.0
2026-09-02T09:05:00,717460,35.17557298605473,25.05927338597668,0.0
2026-09-02T09:05:00,717461,32.26916605154954,25.05927338597668,0.0
2026-09-02T09:05:00,717462,30.3011614834721,25.05927338597668,0.0
2026-09-02T09:05:00,717463,23.494157723044154,25.05927338597668,1.8
2026-09-02T09:10:00,717447,46.373314974927084,25.004926222797174,0.0
2026-09-02T09:10:00,717512,41.37486327640539,25.004926222797174,0.0
2026-09-02T09:10:00,717446,35.98008369926092,25.004926222797174,1.8
2026-09-02T09:10:00,717445,37.265366028558915,25.004926222797174,0.0
2026-09-02T09:10:00,717458,34.5608312503306,25.004926222797174,0.0
2026-09-02T09:10:00,717459,33.89669239907784,25.004926222797174,0.0
2026-09-02T09:10:00,717460,36.93144864225749,25.004926222797174,0.0
2026-09-02T09:10:00,717461,29.303607675231213,25.004926222797174,0.0
2026-09-02T09:10:00,717462,33.1096875878125,25.004926222797174,0.0
2026-09-02T09:10:00,717463,33.477549487252936,25.004926222797174,0.0
2026-09-02T09:15:00,717447,43.319572108018974,24.949274885338475,0.0
2026-09-02T09:15:00,717512,39.97396846881604,24.949274885338475,0.0
2026-09-02T09:15:00,717446,36.90527462140517,24.949274885338475,0.0
2026-09-02T09:15:00,717445,36.08773484959138,24.949274885338475,0.0
2026-09-02T09:15:00,717458,37.25763582243816,24.949274885338475,0.0
2026-09-02T09:15:00,717459,29.985014485332442,24.949274885338475,0.0
2026-09-02T09:15:00,717460,34.60257853598338,24.949274885338475,0.0
2026-09-02T09:15:00,717461,35.83926986559127,24.949274885338475,0.0
2026-09-02T09:15:00,717462,27.661897898930057,24.949274885338475,0.0
2026-09-02T09:15:00,717463,34.417182642081016,24.949274885338475,0.0
2026-09-02T09:20:00,717447,50.976527885037186,24.892343526953297,0.0
2026-09-02T09:20:00,717512,41.452909131403686,24.892343526953297,0.0
2026-09-02T09:20:00,717446,39.78409090493656,24.892343526953297,1.8
2026-09-02T09:20:00,717445,38.861924370745704,24.892343526953297,0.0
2026-09-02T09:20:00,717458,38.35208157353458,24.892343526953297,0.0
2026-09-02T09:20:00,717459,35.950756519243704,24.892343526953297,0.0
2026-09-02T09:20:00,717460,29.83925263619417,24.892343526953297,0.0
2026-09-02T09:20:00,717461,33.996060500966664,24.892343526953297,0.0
2026-09-02T09:20:00,717462,30.30624429706768,24.892343526953297,0.0
2026-09-02T09:20:00,717463,32.53422605266299,24.892343526953297,0.0
2026-09-02T09:25:00,717447,48.0418214853576,24.83415685653889,0.0
2026-09-02T09:25:00,717512,40.053350454979785,24.83415685653889,0.0
2026-09-02T09:25:00,717446,46.959180946980545,24.83415685653889,1.8
2026-09-02T09:25:00,717445,39.40413870118915,24.83415685653889,0.0
2026-09-02T09:25:00,717458,36.77811758426371,24.83415685653889,1.8
2026-09-02T09:25:00,717459,40.16131189196965,24.83415685653889,0.0
2026-09-02T09:25:00,717460,35.46607698867241,24.83415685653889,0.0
2026-09-02T09:25:00,717461,35.565776944234784,24.83415685653889,0.0
2026-09-02T09:25:00,717462,34.568838517635044,24.83415685653889,0.0
2026-09-02T09:25:00,717463,35.17430732474592,24.83415685653889,0.0
2026-09-02T09:30:00,717447,45.17010264829003,24.774740127813086,0.0
2026-09-02T09:30:00,717512,43.63948431100777,24.774740127813086,0.0
2026-09-02T09:30:00,717446,41.821912422724196,24.774740127813086,0.0
2026-09-02T09:30:00,717445,43.34157075632474,24.774740127813086,0.0
2026-09-02T09:30:00,717458,39.009156572268765,24.774740127813086,0.0
2026-09-02T09:30:00,717459,43.452346118064824,24.774740127813086,0.0
2026-09-02T09:30:00,717460,38.29595408016627,24.774740127813086,1.8
2026-09-02T09:30:00,717461,31.95052725985125,24.774740127813086,1.8
2026-09-02T09:30:00,717462,36.72231897497361,24.774740127813086,0.0
2026-09-02T09:30:00,717463,36.020394613060205,24.774740127813086,0.0
2026-09-02T09:35:00,717447,50.80769275499328,24.71411912835389,0.0
2026-09-02T09:35:00,717512,43.295314405375436,24.71411912835389,0.0
2026-09-02T09:35:00,717446,41.678433262572085,24.71411912835389,0.0
2026-09-02T09:35:00,717445,45.08990437648461,24.71411912835389,0.0
2026-09-02T09:35:00,717458,45.4117502960133,24.71411912835389,0.0
2026-09-02T09:35:00,717459,38.383389630381245,24.71411912835389,1.8
2026-09-02T09:35:00,717460,40.325234695412135,24.71411912835389,0.0
2026-09-02T09:35:00,717461,38.13671328696366,24.71411912835389,0.0
2026-09-02T09:35:00,717462,34.88136540813776,24.71411912835389,0.0
2026-09-02T09:35:00,717463,35.560533302465366,24.71411912835389,0.0
2026-09-02T09:40:00,717447,51.285869543189285,24.652320168407343,0.0
2026-09-02T09:40:00,717512,46.94586825855734,24.652320168407343,1.8
2026-09-02T09:40:00,717446,45.12494361611775,24.652320168407343,0.0
2026-09-02T09:40:00,717445,46.2411399690866,24.652320168407343,0.0
2026-09-02T09:40:00,717458,46.79143578842966,24.652320168407343,1.8
2026-09-02T09:40:00,717459,39.13583353931533,24.652320168407343,0.0
2026-09-02T09:40:00,717460,41.77353652482894,24.652320168407343,0.0
2026-09-02T09:40:00,717461,38.55332759666615,24.652320168407343,0.0
2026-09-02T09:40:00,717462,38.55929567216823,24.652320168407343,0.0
2026-09-02T09:40:00,717463,39.29077648524116,24.652320168407343,0.0
2026-09-02T09:45:00,717447,48.49414750213418,24.58937006946858,0.0
2026-09-02T09:45:00,717512,42.06848341574529,24.58937006946858,0.0
2026-09-02T09:45:00,717446,46.69792001805633,24.58937006946858,0.0
2026-09-02T09:45:00,717445,48.71717649555381,24.58937006946858,0.0
2026-09-02T09:45:00,717458,45.89407005861376,24.58937006946858,0.0
2026-09-02T09:45:00,717459,43.03052780845955,24.58937006946858,0.0
2026-09-02T09:45:00,717460,42.5625581794215,24.58937006946858,0.0
2026-09-02T09:45:00,717461,41.13867705034015,24.58937006946858,0.0
2026-09-02T09:45:00,717462,34.5125853495842,24.58937006946858,0.0
2026-09-02T09:45:00,717463,39.014072205068395,24.58937006946858,0.0
2026-09-02T09:50:00,717447,46.824290557477774,24.525296152640944,0.0
2026-09-02T09:50:00,717512,52.89945799660319,24.525296152640944,0.0
2026-09-02T09:50:00,717446,44.36255003797336,24.525296152640944,0.0
2026-09-02T09:50:00,717445,45.814453597332914,24.525296152640944,0.0
2026-09-02T09:50:00,717458,44.06119250693889,24.525296152640944,0.0
2026-09-02T09:50:00,717459,49.300972298895054,24.525296152640944,0.0
2026-09-02T09:50:00,717460,46.755507969314976,24.525296152640944,0.0
2026-09-02T09:50:00,717461,35.41151360283443,24.525296152640944,0.0
2026-09-02T09:50:00,717462,40.999246037573236,24.525296152640944,0.0
2026-09-02T09:50:00,717463,36.473073744364285,24.525296152640944,1.8
2026-09-02T09:55:00,717447,52.37553480195445,24.460126226778343,0.0
2026-09-02T09:55:00,717512,52.68037392737396,24.460126226778343,0.0
2026-09-02T09:55:00,717446,50.22892783401296,24.460126226778343,0.0
2026-09-02T09:55:00,717445,50.47396712010051,24.460126226778343,0.0
2026-09-02T09:55:00,717458,46.32242775445591,24.460126226778343,0.0
2026-09-02T09:55:00,717459,46.726242521375696,24.460126226778343,0.0
2026-09-02T09:55:00,717460,46.758200900253755,24.460126226778343,1.8
2026-09-02T09:55:00,717461,42.16276449027294,24.460126226778343,1.8
2026-09-02T09:55:00,717462,39.73211571838197,24.460126226778343,0.0
2026-09-02T09:55:00,717463,39.164034954814014,24.460126226778343,0.0
2026-09-02T10:00:00,717447,52.7548724473526,24.393888576415826,0.0
2026-09-02T10:00:00,717512,51.95292049302037,24.393888576415826,0.0
2026-09-02T10:00:00,717446,51.71667090990177,24.393888576415826,0.0
2026-09-02T10:00:00,717445,47.29674915870099,24.393888576415826,0.0
2026-09-02T10:00:00,717458,50.4653432412254,24.393888576415826,0.0
2026-09-02T10:00:00,717459,52.567152604096876,24.393888576415826,0.0
2026-09-02T10:00:00,717460,44.15463431237099,24.393888576415826,0.0
2026-09-02T10:00:00,717461,52.06494698076526,24.393888576415826,1.8
2026-09-02T10:00:00,717462,49.45873819946714,24.393888576415826,0.0
2026-09-02T10:00:00,717463,42.343478545712465,24.393888576415826,0.0
2026-09-02T10:05:00,717447,53.82795624166738,24.326611949493778,1.8
2026-09-02T10:05:00,717512,51.09950254371058,24.326611949493778,0.0
2026-09-02T10:05:00,717446,54.491344009130344,24.326611949493778,0.0
2026-09-02T10:05:00,717445,50.90469249436071,24.326611949493778,1.8
2026-09-02T10:05:00,717458,50.01835810504548,24.326611949493778,0.0
2026-09-02T10:05:00,717459,45.7665607269058,24.326611949493778,0.0
2026-09-02T10:05:00,717460,49.7842608805923,24.326611949493778,0.0
2026-09-02T10:05:00,717461,45.19195450888157,24.326611949493778,0.0
2026-09-02T10:05:00,717462,41.50526139121194,24.326611949493778,0.0
2026-09-02T10:05:00,717463,43.26768383452131,24.326611949493778,0.0
2026-09-02T10:10:00,717447,53.0462161546987,24.258325544880964,1.8
2026-09-02T10:10:00,717512,58.275387337335346,24.258325544880964,1.8
2026-09-02T10:10:00,717446,58.871855514415415,24.258325544880964,0.0
2026-09-02T10:10:00,717445,51.65367254598563,24.258325544880964,0.0
2026-09-02T10:10:00,717458,53.796769250436405,24.258325544880964,0.0
2026-09-02T10:10:00,717459,52.51293385256904,24.258325544880964,0.0
2026-09-02T10:10:00,717460,39.30835780316457,24.258325544880964,0.0
2026-09-02T10:10:00,717461,45.04592319593427,24.258325544880964,0.0
2026-09-02T10:10:00,717462,46.13783364053185,24.258325544880964,0.0
2026-09-02T10:10:00,717463,43.31421429032695,24.258325544880964,0.0
2026-09-02T10:15:00,717447,54.26104758975684,24.18905899970186,0.0
2026-09-02T10:15:00,717512,58.57208418176231,24.18905899970186,0.0
2026-09-02T10:15:00,717446,52.63749370114279,24.18905899970186,0.0
2026-09-02T10:15:00,717445,53.82456708764079,24.18905899970186,0.0
2026-09-02T10:15:00,717458,54.672492187695354,24.18905899970186,0.0
2026-09-02T10:15:00,717459,54.71669064894379,24.18905899970186,1.8
2026-09-02T10:15:00,717460,46.05702693412752,24.18905899970186,1.8
2026-09-02T10:15:00,717461,45.090691812008025,24.18905899970186,0.0
2026-09-02T10:15:00,717462,47.47936716805235,24.18905899970186,0.0
2026-09-02T10:15:00,717463,39.76801068713594,24.18905899970186,0.0
2026-09-02T10:20:00,717447,54.590317622931394,24.118842376473793,0.0
2026-09-02T10:20:00,717512,59.90526235928422,24.118842376473793,0.0
2026-09-02T10:20:00,717446,56.88096511062407,24.118842376473793,0.0
2026-09-02T10:20:00,717445,53.421975618396885,24.118842376473793,1.8
2026-09-02T10:20:00,717458,53.998877981675825,24.118842376473793,0.0
2026-09-02T10:20:00,717459,53.49775299089931,24.118842376473793,0.0
2026-09-02T10:20:00,717460,46.048075258616365,24.118842376473793,0.0
2026-09-02T10:20:00,717461,47.554041152021874,24.118842376473793,0.0
2026-09-02T10:20:00,717462,54.88283942740994,24.118842376473793,0.0
2026-09-02T10:20:00,717463,50.76127977157301,24.118842376473793,0.0
2026-09-02T10:25:00,717447,58.99634685080389,24.047706150059437,0.0
2026-09-02T10:25:00,717512,57.975161845479995,24.047706150059437,1.8
2026-09-02T10:25:00,717446,55.76120051650611,24.047706150059437,0.0
2026-09-02T10:25:00,717445,49.45752678859714,24.047706150059437,0.0
2026-09-02T10:25:00,717458,51.67202065167304,24.047706150059437,0.0
2026-09-02T10:25:00,717459,53.506799633322075,24.047706150059437,0.0
2026-09-02T10:25:00,717460,49.71703204310565,24.047706150059437,0.0
2026-09-02T10:25:00,717461,46.81720616470517,24.047706150059437,0.0
2026-09-02T10:25:00,717462,45.96959525200256,24.047706150059437,0.0
2026-09-02T10:25:00,717463,51.72930767853016,24.047706150059437,1.8
2026-09-02T10:30:00,717447,57.58591822907041,23.975681194440355,0.0
2026-09-02T10:30:00,717512,61.43112230119409,23.975681194440355,0.0
2026-09-02T10:30:00,717446,57.61292814939154,23.975681194440355,0.0
2026-09-02T10:30:00,717445,54.80134587956058,23.975681194440355,0.0
2026-09-02T10:30:00,717458,52.01550543682561,23.975681194440355,0.0
2026-09-02T10:30:00,717459,55.085463531181794,23.975681194440355,0.0
2026-09-02T10:30:00,717460,55.008562072031154,23.975681194440355,0.0
2026-09-02T10:30:00,717461,52.98716410009984,23.975681194440355,0.0
2026-09-02T10:30:00,717462,45.63693243824412,23.975681194440355,0.0
2026-09-02T10:30:00,717463,46.778055223749746,23.975681194440355,0.0
2026-09-02T10:35:00,717447,58.66570680383282,23.902798769317325,0.0
2026-09-02T10:35:00,717512,52.91842811572474,23.902798769317325,0.0
2026-09-02T10:35:00,717446,58.83877420702548,23.902798769317325,1.8
2026-09-02T10:35:00,717445,58.07342704981701,23.902798769317325,0.0
2026-09-02T10:35:00,717458,56.76335641112178,23.902798769317325,0.0
2026-09-02T10:35:00,717459,55.03716050230367,23.902798769317325,0.0
2026-09-02T10:35:00,717460,51.70798898369664,23.902798769317325,0.0
2026-09-02T10:35:00,717461,49.05805376263021,23.902798769317325,0.0
2026-09-02T10:35:00,717462,49.29777160928755,23.902798769317325,0.0
2026-09-02T10:35:00,717463,49.98903654205077,23.902798769317325,0.0
2026-09-02T10:40:00,717447,64.3751898412641,23.82909050654325,0.0
2026-09-02T10:40:00,717512,59.56082719018373,23.82909050654325,0.0
2026-09-02T10:40:00,717446,58.25899263696696,23.82909050654325,0.0
2026-09-02T10:40:00,717445,51.419498666215894,23.82909050654325,0.0
2026-09-02T10:40:00,717458,56.870863438488016,23.82909050654325,0.0
2026-09-02T10:40:00,717459,58.62338432232596,23.82909050654325,0.0
2026-09-02T10:40:00,717460,52.99721256544136,23.82909050654325,0.0
2026-09-02T10:40:00,717461,51.57454433369941,23.82909050654325,0.0
2026-09-02T10:40:00,717462,49.800304814520445,23.82909050654325,1.8
2026-09-02T10:40:00,717463,51.82519767543427,23.82909050654325,0.0
2026-09-02T10:45:00,717447,55.51415050648368,23.75458839639453,0.0
2026-09-02T10:45:00,717512,63.47913825796884,23.75458839639453,0.0
2026-09-02T10:45:00,717446,58.05834527048572,23.75458839639453,0.0
2026-09-02T10:45:00,717445,58.739172685740186,23.75458839639453,0.0
2026-09-02T10:45:00,717458,58.685254831621876,23.75458839639453,0.0
2026-09-02T10:45:00,717459,52.404320762437784,23.75458839639453,1.8
2026-09-02T10:45:00,717460,53.8794174800003,23.75458839639453,0.0
2026-09-02T10:45:00,717461,51.9955323116635,23.75458839639453,1.8
2026-09-02T10:45:00,717462,48.13665923306612,23.75458839639453,0.0
2026-09-02T10:45:00,717463,53.4267139772834,23.75458839639453,0.0
2026-09-02T10:50:00,717447,60.70656103354732,23.679324773686947,0.0
2026-09-02T10:50:00,717512,56.973393909728664,23.679324773686947,0.0
2026-09-02T10:50:00,717446,59.405310056309936,23.679324773686947,0.0
2026-09-02T10:50:00,717445,53.81753786771637,23.679324773686947,0.0
2026-09-02T10:50:00,717458,55.533186540063106,23.679324773686947,0.0
2026-09-02T10:50:00,717459,56.56801675498052,23.679324773686947,1.8
2026-09-02T10:50:00,717460,49.944677087416466,23.679324773686947,0.0
2026-09-02T10:50:00,717461,55.178795401939496,23.679324773686947,0.0
2026-09-02T10:50:00,717462,52.35967303115034,23.679324773686947,0.0
2026-09-02T10:50:00,717463,53.25078101354259,23.679324773686947,0.0
2026-09-02T10:55:00,717447,64.50010793476596,23.603332303741904,0.0
2026-09-02T10:55:00,717512,59.51962208573995,23.603332303741904,0.0
2026-09-02T10:55:00,717446,58.397346871549985,23.603332303741904,0.0
2026-09-02T10:55:00,717445,59.997427196876124,23.603332303741904,0.0
2026-09-02T10:55:00,717458,54.203452984813126,23.603332303741904,0.0
2026-09-02T10:55:00,717459,53.02125805112409,23.603332303741904,0.0
2026-09-02T10:55:00,717460,53.121096336034526,23.603332303741904,0.0
2026-09-02T10:55:00,717461,49.727435067492145,23.603332303741904,1.8
2026-09-02T10:55:00,717462,49.02850496960049,23.603332303741904,0.0
2026-09-02T10:55:00,717463,47.91637909349062,23.603332303741904,0.0
2026-09-02T11:00:00,717447,61.62986430641385,23.526643968209328,0.0
2026-09-02T11:00:00,717512,60.29728041033501,23.526643968209328,0.0
2026-09-02T11:00:00,717446,63.04342026414903,23.526643968209328,0.0
2026-09-02T11:00:00,717445,58.081128118138096,23.526643968209328,0.0
2026-09-02T11:00:00,717458,57.51296813914283,23.526643968209328,0.0
2026-09-02T11:00:00,717459,61.789956857304375,23.526643968209328,0.0
2026-09-02T11:00:00,717460,48.66223372003738,23.526643968209328,0.0
2026-09-02T11:00:00,717461,54.78520107658284,23.526643968209328,0.0
2026-09-02T11:00:00,717462,52.32251114272896,23.526643968209328,0.0
2026-09-02T11:00:00,717463,52.68552648750389,23.526643968209328,0.0
2026-09-02T11:05:00,717447,61.29682725596062,23.4492930507532,1.8
2026-09-02T11:05:00,717512,60.83699891645729,23.4492930507532,0.0
2026-09-02T11:05:00,717446,64.25978436321716,23.4492930507532,0.0
2026-09-02T11:05:00,717445,60.756448809504796,23.4492930507532,0.0
2026-09-02T11:05:00,717458,57.380147213005095,23.4492930507532,0.0
2026-09-02T11:05:00,717459,54.650603257556796,23.4492930507532,1.8
2026-09-02T11:05:00,717460,52.595579587496786,23.4492930507532,0.0
2026-09-02T11:05:00,717461,53.07243166285547,23.4492930507532,0.0
2026-09-02T11:05:00,717462,45.051769892813745,23.4492930507532,0.0
2026-09-02T11:05:00,717463,51.634355548398595,23.4492930507532,0.0
2026-09-02T11:10:00,717447,68.47566348127233,23.371313122606082,0.0
2026-09-02T11:10:00,717512,62.464115495225386,23.371313122606082,0.0
2026-09-02T11:10:00,717446,58.89658195917859,23.371313122606082,1.8
2026-09-02T11:10:00,717445,52.97283429930129,23.371313122606082,0.0
2026-09-02T11:10:00,717458,56.09757588433212,23.371313122606082,0.0
2026-09-02T11:10:00,717459,55.80162033489069,23.371313122606082,0.0
2026-09-02T11:10:00,717460,56.75020591541323,23.371313122606082,0.0
2026-09-02T11:10:00,717461,53.504280431092845,23.371313122606082,0.0
2026-09-02T11:10:00,717462,59.04729890302345,23.371313122606082,0.0
2026-09-02T11:10:00,717463,51.75656094175256,23.371313122606082,0.0
2026-09-02T11:15:00,717447,66.53581811070676,23.292738027998748,0.0
2026-09-02T11:15:00,717512,57.622082055199066,23.292738027998748,0.0
2026-09-02T11:15:00,717446,60.9602970703298,23.292738027998748,0.0
2026-09-02T11:15:00,717445,57.60730621910055,23.292738027998748,1.8
2026-09-02T11:15:00,717458,61.82743064704728,23.292738027998748,0.0
2026-09-02T11:15:00,717459,56.369479738450565,23.292738027998748,0.0
2026-09-02T11:15:00,717460,60.162167536354545,23.292738027998748,1.8
2026-09-02T11:15:00,717461,57.029610905769964,23.292738027998748,0.0
2026-09-02T11:15:00,717462,52.39262373374723,23.292738027998748,0.0
2026-09-02T11:15:00,717463,49.552409031031786,23.292738027998748,0.0
2026-09-02T11:20:00,717447,61.612597542933756,23.213601869471425,1.8
2026-09-02T11:20:00,717512,61.68797595428602,23.213601869471425,1.8
2026-09-02T11:20:00,717446,63.25042864491056,23.213601869471425,1.8
2026-09-02T11:20:00,717445,60.101009113219206,23.213601869471425,0.0
2026-09-02T11:20:00,717458,61.40555784496598,23.213601869471425,0.0
2026-09-02T11:20:00,717459,61.868193818679586,23.213601869471425,0.0
2026-09-02T11:20:00,717460,56.65637654088165,23.213601869471425,0.0
2026-09-02T11:20:00,717461,52.478424478098624,23.213601869471425,0.0
2026-09-02T11:20:00,717462,55.24710662229055,23.213601869471425,0.0
2026-09-02T11:20:00,717463,58.77256594861767,23.213601869471425,0.0
2026-09-02T11:25:00,717447,66.59201571651049,23.133938993072853,0.0
2026-09-02T11:25:00,717512,63.61928182372546,23.133938993072853,0.0
2026-09-02T11:25:00,717446,59.02248492568071,23.133938993072853,1.8
2026-09-02T11:25:00,717445,59.78563146665057,23.133938993072853,1.8
2026-09-02T11:25:00,717458,54.6283592804945,23.133938993072853,0.0
2026-09-02T11:25:00,717459,54.6406391739746,23.133938993072853,0.0
2026-09-02T11:25:00,717460,57.91542404768393,23.133938993072853,1.8
2026-09-02T11:25:00,717461,50.4631786303843,23.133938993072853,1.8
2026-09-02T11:25:00,717462,53.351200466727036,23.133938993072853,0.0
2026-09-02T11:25:00,717463,49.55141152728555,23.133938993072853,0.0
2026-09-02T11:30:00,717447,60.94335826786071,23.053783973453683,0.0
2026-09-02T11:30:00,717512,63.08998989556963,23.053783973453683,0.0
2026-09-02T11:30:00,717446,59.596168707602786,23.053783973453683,0.0
2026-09-02T11:30:00,717445,56.402916622531464,23.053783973453683,0.0
2026-09-02T11:30:00,717458,57.71481105863158,23.053783973453683,1.8
2026-09-02T11:30:00,717459,53.91388758067018,23.053783973453683,0.0
2026-09-02T11:30:00,717460,60.56828078397271,23.053783973453683,0.0
2026-09-02T11:30:00,717461,57.802336842493084,23.053783973453683,0.0
2026-09-02T11:30:00,717462,56.5882095004012,23.053783973453683,0.0
2026-09-02T11:30:00,717463,50.93203369565006,23.053783973453683,0.0
2026-09-02T11:35:00,717447,65.53632065863354,22.97317159886068,0.0
2026-09-02T11:35:00,717512,63.65646309314347,22.97317159886068,0.0
2026-09-02T11:35:00,717446,59.680723139829645,22.97317159886068,0.0
2026-09-02T11:35:00,717445,60.44125982545045,22.97317159886068,0.0
2026-09-02T11:35:00,717458,54.828252018012904,22.97317159886068,0.0
2026-09-02T11:35:00,717459,55.18957821362116,22.97317159886068,0.0
2026-09-02T11:35:00,717460,56.76058765316523,22.97317159886068,0.0
2026-09-02T11:35:00,717461,54.41993837329678,22.97317159886068,0.0
2026-09-02T11:35:00,717462,55.66421649515927,22.97317159886068,0.0
2026-09-02T11:35:00,717463,51.35345608279262,22.97317159886068,0.0
2026-09-02T11:40:00,717447,63.34361804083396,22.892136856038192,0.0
2026-09-02T11:40:00,717512,63.123350872484735,22.892136856038192,0.0
2026-09-02T11:40:00,717446,59.646888707045555,22.892136856038192,0.0
2026-09-02T11:40:00,717445,59.695130448217725,22.892136856038192,0.0
2026-09-02T11:40:00,717458,60.15823023458559,22.892136856038192,0.0
2026-09-02T11:40:00,717459,62.95493130949336,22.892136856038192,0.0
2026-09-02T11:40:00,717460,54.86302487848228,22.892136856038192,0.0
2026-09-02T11:40:00,717461,54.555939153418144,22.892136856038192,0.0
2026-09-02T11:40:00,717462,63.035576824005325,22.892136856038192,0.0
2026-09-02T11:40:00,717463,56.20320799650085,22.892136856038192,0.0
2026-09-02T11:45:00,717447,67.87694409266956,22.81071491504347,0.0
2026-09-02T11:45:00,717512,64.84771096782042,22.81071491504347,0.0
2026-09-02T11:45:00,717446,65.39051935083296,22.81071491504347,1.8
2026-09-02T11:45:00,717445,58.4115320851936,22.81071491504347,0.0
2026-09-02T11:45:00,717458,62.667710508794315,22.81071491504347,0.0
2026-09-02T11:45:00,717459,60.68473913687316,22.81071491504347,0.0
2026-09-02T11:45:00,717460,54.07889756048375,22.81071491504347,0.0
2026-09-02T11:45:00,717461,55.086846179193294,22.81071491504347,0.0
2026-09-02T11:45:00,717462,48.766603361017836,22.81071491504347,0.0
2026-09-02T11:45:00,717463,54.03991634410578,22.81071491504347,1.8
2026-09-02T11:50:00,717447,67.49177717975671,22.728941113982454,0.0
2026-09-02T11:50:00,717512,61.79813382769255,22.728941113982454,0.0
2026-09-02T11:50:00,717446,59.26415700373279,22.728941113982454,0.0
2026-09-02T11:50:00,717445,57.87873050001282,22.728941113982454,0.0
2026-09-02T11:50:00,717458,59.66567230994468,22.728941113982454,0.0
2026-09-02T11:50:00,717459,60.104212238230076,22.728941113982454,0.0
2026-09-02T11:50:00,717460,62.015697883792015,22.728941113982454,0.0
2026-09-02T11:50:00,717461,49.8484423198447,22.728941113982454,0.0
2026-09-02T11:50:00,717462,59.17265581587309,22.728941113982454,0.0
2026-09-02T11:50:00,717463,54.28197530254076,22.728941113982454,0.0
2026-09-02T11:55:00,717447,67.40437580157273,22.64685094367261,0.0
2026-09-02T11:55:00,717512,65.45049312852689,22.64685094367261,0.0
2026-09-02T11:55:00,717446,62.31259224858666,22.64685094367261,0.0
2026-09-02T11:55:00,717445,61.00103180200079,22.64685094367261,0.0
2026-09-02T11:55:00,717458,60.92779192361148,22.64685094367261,0.0
2026-09-02T11:55:00,717459,57.85486669664105,22.64685094367261,0.0
2026-09-02T11:55:00,717460,56.88119776639708,22.64685094367261,0.0
2026-09-02T11:55:00,717461,45.521555446572414,22.64685094367261,0.0
2026-09-02T11:55:00,717462,56.723160387918846,22.64685094367261,0.0
2026-09-02T11:55:00,717463,51.50823071241941,22.64685094367261,0.0
2026-09-02T12:00:00,717447,67.76402023353151,22.56448003223947,1.8
2026-09-02T12:00:00,717512,66.2877798739156,22.56448003223947,0.0
2026-09-02T12:00:00,717446,60.881348382852686,22.56448003223947,0.0
2026-09-02T12:00:00,717445,62.81006251195419,22.56448003223947,1.8
2026-09-02T12:00:00,717458,61.21002170532489,22.56448003223947,0.0
2026-09-02T12:00:00,717459,56.98998490882244,22.56448003223947,0.0
2026-09-02T12:00:00,717460,59.43604737286422,22.56448003223947,0.0
2026-09-02T12:00:00,717461,60.74776711185714,22.56448003223947,1.8
2026-09-02T12:00:00,717462,58.275926997810764,22.56448003223947,1.8
2026-09-02T12:00:00,717463,49.754208366013664,22.56448003223947,1.8
2026-09-02T12:05:00,717447,66.1610280795953,22.48186412965361,0.0
2026-09-02T12:05:00,717512,66.17849857794758,22.48186412965361,0.0
2026-09-02T12:05:00,717446,60.45523468351368,22.48186412965361,1.8
2026-09-02T12:05:00,717445,64.21001510179052,22.48186412965361,0.0
2026-09-02T12:05:00,717458,57.74105928251771,22.48186412965361,0.0
2026-09-02T12:05:00,717459,57.927252224572705,22.48186412965361,0.0
2026-09-02T12:05:00,717460,55.44601798106412,22.48186412965361,0.0
2026-09-02T12:05:00,717461,53.79348832397694,22.48186412965361,0.0
2026-09-02T12:05:00,717462,56.22449838332121,22.48186412965361,0.0
2026-09-02T12:05:00,717463,50.02689636913402,22.48186412965361,1.8
2026-09-02T12:10:00,717447,64.1206831368914,22.399039092214725,0.0
2026-09-02T12:10:00,717512,64.66238263355072,22.399039092214725,0.0
2026-09-02T12:10:00,717446,60.320495674634124,22.399039092214725,0.0
2026-09-02T12:10:00,717445,64.79794898127182,22.399039092214725,0.0
2026-09-02T12:10:00,717458,59.54656695078424,22.399039092214725,0.0
2026-09-02T12:10:00,717459,63.17719863201776,22.399039092214725,0.0
2026-09-02T12:10:00,717460,62.574325962689215,22.399039092214725,0.0
2026-09-02T12:10:00,717461,52.16862648741738,22.399039092214725,0.0
2026-09-02T12:10:00,717462,56.380635588020816,22.399039092214725,0.0
2026-09-02T12:10:00,717463,54.562170409926026,22.399039092214725,0.0
2026-09-02T12:15:00,717447,63.67904397294272,22.31604086698956,0.0
2026-09-02T12:15:00,717512,63.69690007001495,22.31604086698956,0.0
2026-09-02T12:15:00,717446,70.6225103843853,22.31604086698956,0.0
2026-09-02T12:15:00,717445,62.851128505686354,22.31604086698956,0.0
2026-09-02T12:15:00,717458,62.21974839314045,22.31604086698956,0.0
2026-09-02T12:15:00,717459,58.46985499487333,22.31604086698956,0.0
2026-09-02T12:15:00,717460,58.84864797297499,22.31604086698956,0.0
2026-09-02T12:15:00,717461,54.061845154112405,22.31604086698956,0.0
2026-09-02T12:15:00,717462,57.48097353818351,22.31604086698956,0.0
2026-09-02T12:15:00,717463,58.26727811442039,22.31604086698956,0.0
2026-09-02T12:20:00,717447,67.3441556125076,22.232905476210455,0.0
2026-09-02T12:20:00,717512,61.53949064558909,22.232905476210455,0.0
2026-09-02T12:20:00,717446,59.64589824193907,22.232905476210455,0.0
2026-09-02T12:20:00,717445,68.2669842630109,22.232905476210455,0.0
2026-09-02T12:20:00,717458,64.0567536241,22.232905476210455,0.0
2026-09-02T12:20:00,717459,61.053872649378874,22.232905476210455,0.0
2026-09-02T12:20:00,717460,62.11762523198118,22.232905476210455,0.0
2026-09-02T12:20:00,717461,56.42328472419829,22.232905476210455,0.0
2026-09-02T12:20:00,717462,57.39554425856655,22.232905476210455,0.0
2026-09-02T12:20:00,717463,57.61365890565226,22.232905476210455,0.0
2026-09-02T12:25:00,717447,64.06008516055711,22.149669001641254,0.0
2026-09-02T12:25:00,717512,65.06384511985233,22.149669001641254,0.0
2026-09-02T12:25:00,717446,65.65158327897072,22.149669001641254,1.8
2026-09-02T12:25:00,717445,58.27479973539035,22.149669001641254,0.0
2026-09-02T12:25:00,717458,58.97307127833214,22.149669001641254,0.0
2026-09-02T12:25:00,717459,61.977072282033475,22.149669001641254,0.0
2026-09-02T12:25:00,717460,58.311628708159716,22.149669001641254,1.8
2026-09-02T12:25:00,717461,56.71048524832977,22.149669001641254,0.0
2026-09-02T12:25:00,717462,55.15789976945778,22.149669001641254,1.8
2026-09-02T12:25:00,717463,57.5147736879255,22.149669001641254,0.0
2026-09-02T12:30:00,717447,62.16911478113848,22.066367568917393,0.0
2026-09-02T12:30:00,717512,62.393762967576855,22.066367568917393,0.0
2026-09-02T12:30:00,717446,58.52290271847508,22.066367568917393,0.0
2026-09-02T12:30:00,717445,60.38488980890812,22.066367568917393,0.0
2026-09-02T12:30:00,717458,60.57729870087962,22.066367568917393,0.0
2026-09-02T12:30:00,717459,53.443251339686086,22.066367568917393,0.0
2026-09-02T12:30:00,717460,55.35645752102289,22.066367568917393,1.8
2026-09-02T12:30:00,717461,57.120037277639334,22.066367568917393,0.0
2026-09-02T12:30:00,717462,56.6282565222323,22.066367568917393,0.0
2026-09-02T12:30:00,717463,59.313592795513145,22.066367568917393,0.0
2026-09-02T12:35:00,717447,66.68483471119994,21.98303733186692,1.8
2026-09-02T12:35:00,717512,63.21954828950301,21.98303733186692,0.0
2026-09-02T12:35:00,717446,62.90638404935614,21.98303733186692,0.0
2026-09-02T12:35:00,717445,61.80784034791058,21.98303733186692,0.0
2026-09-02T12:35:00,717458,58.80753111183608,21.98303733186692,0.0
2026-09-02T12:35:00,717459,59.65639595306483,21.98303733186692,0.0
2026-09-02T12:35:00,717460,56.27104809049379,21.98303733186692,0.0
2026-09-02T12:35:00,717461,57.40515186160274,21.98303733186692,0.0
2026-09-02T12:35:00,717462,55.177119597299956,21.98303733186692,1.8
2026-09-02T12:35:00,717463,53.49082298487569,21.98303733186692,0.0
2026-09-02T12:40:00,717447,64.37883405962025,21.899714456819325,0.0
2026-09-02T12:40:00,717512,65.99342178814616,21.899714456819325,1.8
2026-09-02T12:40:00,717446,64.48550398105787,21.899714456819325,1.8
2026-09-02T12:40:00,717445,60.5488597796351,21.899714456819325,0.0
2026-09-02T12:40:00,717458,62.27013903740185,21.899714456819325,1.8
2026-09-02T12:40:00,717459,58.72619828431735,21.899714456819325,0.0
2026-09-02T12:40:00,717460,57.57098099202719,21.899714456819325,0.0
2026-09-02T12:40:00,717461,55.216029657930896,21.899714456819325,0.0
2026-09-02T12:40:00,717462,60.13855488080892,21.899714456819325,0.0
2026-09-02T12:40:00,717463,58.55529410317092,21.899714456819325,1.8
2026-09-02T12:45:00,717447,63.010887505648846,21.81643510690888,0.0
2026-09-02T12:45:00,717512,62.782914680091594,21.81643510690888,0.0
2026-09-02T12:45:00,717446,63.64353548088972,21.81643510690888,0.0
2026-09-02T12:45:00,717445,62.986821251682265,21.81643510690888,1.8
2026-09-02T12:45:00,717458,57.16096925220771,21.81643510690888,0.0
2026-09-02T12:45:00,717459,56.397570946429816,21.81643510690888,0.0
2026-09-02T12:45:00,717460,49.212767041705874,21.81643510690888,0.0
2026-09-02T12:45:00,717461,58.19660457203832,21.81643510690888,0.0
2026-09-02T12:45:00,717462,51.114050791635606,21.81643510690888,0.0
2026-09-02T12:45:00,717463,52.234528220957586,21.81643510690888,0.0
2026-09-02T12:50:00,717447,67.5439678051502,21.73323542637944,0.0
2026-09-02T12:50:00,717512,66.19420002309073,21.73323542637944,0.0
2026-09-02T12:50:00,717446,67.14385788069652,21.73323542637944,0.0
2026-09-02T12:50:00,717445,67.0710945056534,21.73323542637944,0.0
2026-09-02T12:50:00,717458,68.63608116915033,21.73323542637944,0.0
2026-09-02T12:50:00,717459,57.90080072443836,21.73323542637944,1.8
2026-09-02T12:50:00,717460,56.017235887685686,21.73323542637944,1.8
2026-09-02T12:50:00,717461,57.7605523119043,21.73323542637944,0.0
2026-09-02T12:50:00,717462,51.40318832675282,21.73323542637944,0.0
2026-09-02T12:50:00,717463,53.44716208377443,21.73323542637944,0.0
2026-09-02T12:55:00,717447,65.38622497996693,21.65015152489738,0.0
2026-09-02T12:55:00,717512,65.1872134338992,21.65015152489738,0.0
2026-09-02T12:55:00,717446,64.31500977525957,21.65015152489738,0.0
2026-09-02T12:55:00,717445,60.55702020202198,21.65015152489738,0.0
2026-09-02T12:55:00,717458,56.57887766551174,21.65015152489738,1.8
2026-09-02T12:55:00,717459,55.923504295418006,21.65015152489738,0.0
2026-09-02T12:55:00,717460,51.95514774060585,21.65015152489738,0.0
2026-09-02T12:55:00,717461,54.913960794455946,21.65015152489738,0.0
2026-09-02T12:55:00,717462,51.34106293278291,21.65015152489738,0.0
2026-09-02T12:55:00,717463,52.704401386022134,21.65015152489738,0.0
2026-09-02T13:00:00,717447,66.12332998209419,21.567219461879567,0.0
2026-09-02T13:00:00,717512,60.23525327238496,21.567219461879567,0.0
2026-09-02T13:00:00,717446,62.813657363136635,21.567219461879567,0.0
2026-09-02T13:00:00,717445,60.52175434847937,21.567219461879567,0.0
2026-09-02T13:00:00,717458,61.16203630703957,21.567219461879567,0.0
2026-09-02T13:00:00,717459,60.651240569026,21.567219461879567,0.0
2026-09-02T13:00:00,717460,56.743239924881635,21.567219461879567,1.8
2026-09-02T13:00:00,717461,56.56356811779026,21.567219461879567,0.0
2026-09-02T13:00:00,717462,54.53294200320416,21.567219461879567,0.0
2026-09-02T13:00:00,717463,52.78521763334547,21.567219461879567,1.8
2026-09-02T13:05:00,717447,62.8822315639599,21.484475230843138,0.0
2026-09-02T13:05:00,717512,65.15263726870192,21.484475230843138,0.0
2026-09-02T13:05:00,717446,66.48138469556565,21.484475230843138,1.8
2026-09-02T13:05:00,717445,64.86287287213395,21.484475230843138,0.0
2026-09-02T13:05:00,717458,56.379870949288964,21.484475230843138,0.0
2026-09-02T13:05:00,717459,62.81717611134589,21.484475230843138,0.0
2026-09-02T13:05:00,717460,55.030920960983636,21.484475230843138,0.0
2026-09-02T13:05:00,717461,56.97550669874729,21.484475230843138,1.8
2026-09-02T13:05:00,717462,56.29073650581599,21.484475230843138,0.0
2026-09-02T13:05:00,717463,49.695752581366314,21.484475230843138,0.0
2026-09-02T13:10:00,717447,64.41529200348523,21.40195474378389,0.0
2026-09-02T13:10:00,717512,67.81974023301416,21.40195474378389,0.0
2026-09-02T13:10:00,717446,55.88352594267682,21.40195474378389,0.0
2026-09-02T13:10:00,717445,68.59556917847051,21.40195474378389,0.0
2026-09-02T13:10:00,717458,54.22296876059867,21.40195474378389,0.0
2026-09-02T13:10:00,717459,59.803320945446586,21.40195474378389,1.8
2026-09-02T13:10:00,717460,53.407459199308846,21.40195474378389,1.8
2026-09-02T13:10:00,717461,57.87379645320258,21.40195474378389,0.0
2026-09-02T13:10:00,717462,58.70213691137325,21.40195474378389,0.0
2026-09-02T13:10:00,717463,56.55595994894864,21.40195474378389,0.0
2026-09-02T13:15:00,717447,60.67889855008017,21.31969381559002,0.0
2026-09-02T13:15:00,717512,66.6590875674547,21.31969381559002,0.0
2026-09-02T13:15:00,717446,61.714356553413914,21.31969381559002,1.8
2026-09-02T13:15:00,717445,57.15613032124328,21.31969381559002,0.0
2026-09-02T13:15:00,717458,64.18158884874427,21.31969381559002,0.0
2026-09-02T13:15:00,717459,65.22369331232882,21.31969381559002,0.0
2026-09-02T13:15:00,717460,57.99941493665534,21.31969381559002,0.0
2026-09-02T13:15:00,717461,55.38410303832224,21.31969381559002,0.0
2026-09-02T13:15:00,717462,52.98503910665797,21.31969381559002,0.0
2026-09-02T13:15:00,717463,56.33127868074625,21.31969381559002,0.0
2026-09-02T13:20:00,717447,67.99847977539135,21.237728148498057,0.0
2026-09-02T13:20:00,717512,62.56762015461459,21.237728148498057,0.0
2026-09-02T13:20:00,717446,67.29992257314751,21.237728148498057,0.0
2026-09-02T13:20:00,717445,63.24180010333534,21.237728148498057,0.0
2026-09-02T13:20:00,717458,60.34747648470277,21.237728148498057,0.0
2026-09-02T13:20:00,717459,59.870520879259615,21.237728148498057,0.0
2026-09-02T13:20:00,717460,54.744132963063336,21.237728148498057,0.0
2026-09-02T13:20:00,717461,58.67684451222224,21.237728148498057,0.0
2026-09-02T13:20:00,717462,52.52095124610046,21.237728148498057,0.0
2026-09-02T13:20:00,717463,52.59534467252766,21.237728148498057,1.8
2026-09-02T13:25:00,717447,64.66676206194437,21.156093316597634,1.8
2026-09-02T13:25:00,717512,69.35317151497952,21.156093316597634,0.0
2026-09-02T13:25:00,717446,63.19984904688642,21.156093316597634,1.8
2026-09-02T13:25:00,717445,58.76301945877165,21.156093316597634,0.0
2026-09-02T13:25:00,717458,61.05960984706816,21.156093316597634,1.8
2026-09-02T13:25:00,717459,60.62703818957438,21.156093316597634,0.0
2026-09-02T13:25:00,717460,61.31302707013934,21.156093316597634,0.0
2026-09-02T13:25:00,717461,56.412475641457455,21.156093316597634,0.0
2026-09-02T13:25:00,717462,53.16301649403096,21.156093316597634,1.8
2026-09-02T13:25:00,717463,60.714902125712925,21.156093316597634,1.8
2026-09-02T13:30:00,717447,65.83843805454518,21.07482475039191,0.0
2026-09-02T13:30:00,717512,61.15208100281817,21.07482475039191,0.0
2026-09-02T13:30:00,717446,62.3583787235762,21.07482475039191,0.0
2026-09-02T13:30:00,717445,59.746503733608094,21.07482475039191,0.0
2026-09-02T13:30:00,717458,63.89102447982643,21.07482475039191,0.0
2026-09-02T13:30:00,717459,60.56891650732561,21.07482475039191,0.0
2026-09-02T13:30:00,717460,56.718945095580324,21.07482475039191,0.0
2026-09-02T13:30:00,717461,59.55021252983561,21.07482475039191,0.0
2026-09-02T13:30:00,717462,54.91676682036353,21.07482475039191,0.0
2026-09-02T13:30:00,717463,53.88989796677646,21.07482475039191,0.0
2026-09-02T13:35:00,717447,62.62432141418962,20.993957721420326,0.0
2026-09-02T13:35:00,717512,61.4024027708691,20.993957721420326,0.0
2026-09-02T13:35:00,717446,68.78608022605056,20.993957721420326,0.0
2026-09-02T13:35:00,717445,64.15664222247823,20.993957721420326,0.0
2026-09-02T13:35:00,717458,54.58713151582907,20.993957721420326,0.0
2026-09-02T13:35:00,717459,55.97102744826947,20.993957721420326,0.0
2026-09-02T13:35:00,717460,54.19727407103129,20.993957721420326,0.0
2026-09-02T13:35:00,717461,56.60281529890455,20.993957721420326,0.0
2026-09-02T13:35:00,717462,53.978350694154244,20.993957721420326,0.0
2026-09-02T13:35:00,717463,58.52895842408101,20.993957721420326,0.0
2026-09-02T13:40:00,717447,63.80126811521885,20.913527326950295,0.0
2026-09-02T13:40:00,717512,69.53725064298337,20.913527326950295,0.0
2026-09-02T13:40:00,717446,62.129760157535294,20.913527326950295,0.0
2026-09-02T13:40:00,717445,67.94322378396585,20.913527326950295,0.0
2026-09-02T13:40:00,717458,59.37409273659223,20.913527326950295,0.0
2026-09-02T13:40:00,717459,58.23137372757465,20.913527326950295,0.0
2026-09-02T13:40:00,717460,60.44063822019055,20.913527326950295,0.0
2026-09-02T13:40:00,717461,58.74833506140222,20.913527326950295,0.0
2026-09-02T13:40:00,717462,51.30174270598758,20.913527326950295,0.0
2026-09-02T13:40:00,717463,54.23272696248529,20.913527326950295,0.0
2026-09-02T13:45:00,717447,63.4590681993228,20.833568474744588,0.0
2026-09-02T13:45:00,717512,62.062671824502175,20.833568474744588,0.0
2026-09-02T13:45:00,717446,62.56728375650567,20.833568474744588,0.0
2026-09-02T13:45:00,717445,60.26567225852147,20.833568474744588,0.0
2026-09-02T13:45:00,717458,60.47917913498928,20.833568474744588,0.0
2026-09-02T13:45:00,717459,55.75555922674093,20.833568474744588,0.0
2026-09-02T13:45:00,717460,53.02099977198239,20.833568474744588,0.0
2026-09-02T13:45:00,717461,59.317221613165906,20.833568474744588,1.8
2026-09-02T13:45:00,717462,58.62337557166064,20.833568474744588,0.0
2026-09-02T13:45:00,717463,56.70717062319643,20.833568474744588,0.0
2026-09-02T13:50:00,717447,64.77165375543818,20.75411586791094,0.0
2026-09-02T13:50:00,717512,62.38115658108547,20.75411586791094,0.0
2026-09-02T13:50:00,717446,60.413558529599285,20.75411586791094,0.0
2026-09-02T13:50:00,717445,58.6839726487266,20.75411586791094,0.0
2026-09-02T13:50:00,717458,59.620560354676485,20.75411586791094,0.0
2026-09-02T13:50:00,717459,62.0772277136593,20.75411586791094,0.0
2026-09-02T13:50:00,717460,55.37656090598317,20.75411586791094,0.0
2026-09-02T13:50:00,717461,59.683104582634535,20.75411586791094,0.0
2026-09-02T13:50:00,717462,50.6923784121396,20.75411586791094,0.0
2026-09-02T13:50:00,717463,54.57405948783024,20.75411586791094,0.0
2026-09-02T13:55:00,717447,65.91596761426173,20.675203989840483,0.0
2026-09-02T13:55:00,717512,61.8319999789347,20.675203989840483,1.8
2026-09-02T13:55:00,717446,59.04359274636008,20.675203989840483,1.8
2026-09-02T13:55:00,717445,63.53326104051579,20.675203989840483,0.0
2026-09-02T13:55:00,717458,59.92059339609082,20.675203989840483,0.0
2026-09-02T13:55:00,717459,66.50491305846475,20.675203989840483,1.8
2026-09-02T13:55:00,717460,60.85541418197262,20.675203989840483,0.0
2026-09-02T13:55:00,717461,59.68262663719151,20.675203989840483,0.0
2026-09-02T13:55:00,717462,47.80665876763673,20.675203989840483,0.0
2026-09-02T13:55:00,717463,51.75796459323859,20.675203989840483,0.0
2026-09-02T14:00:00,717447,61.03469237673792,20.59686708924152,0.0
2026-09-02T14:00:00,717512,57.364430334616316,20.59686708924152,1.8
2026-09-02T14:00:00,717446,61.9919682402921,20.59686708924152,0.0
2026-09-02T14:00:00,717445,63.36323765993067,20.59686708924152,0.0
2026-09-02T14:00:00,717458,56.816750723788516,20.59686708924152,0.0
2026-09-02T14:00:00,717459,52.710744271824346,20.59686708924152,0.0
2026-09-02T14:00:00,717460,54.6403606532772,20.59686708924152,0.0
2026-09-02T14:00:00,717461,55.627694253409466,20.59686708924152,1.8
2026-09-02T14:00:00,717462,54.210119238985804,20.59686708924152,0.0
2026-09-02T14:00:00,717463,53.738576882607305,20.59686708924152,0.0
2026-09-02T14:05:00,717447,65.65869439004918,20.5191391652752,0.0
2026-09-02T14:05:00,717512,63.160660969743844,20.5191391652752,0.0
2026-09-02T14:05:00,717446,64.63962311884309,20.5191391652752,0.0
2026-09-02T14:05:00,717445,57.963108267206785,20.5191391652752,0.0
2026-09-02T14:05:00,717458,58.783560411104325,20.5191391652752,0.0
2026-09-02T14:05:00,717459,60.15764465203547,20.5191391652752,0.0
2026-09-02T14:05:00,717460,58.0461567089029,20.5191391652752,0.0
2026-09-02T14:05:00,717461,61.50026437624012,20.5191391652752,0.0
2026-09-02T14:05:00,717462,52.0770731206355,20.5191391652752,0.0
2026-09-02T14:05:00,717463,55.41490302148921,20.5191391652752,0.0
2026-09-02T14:10:00,717447,62.389287742702365,20.442053952799448,0.0
2026-09-02T14:10:00,717512,60.87694743838435,20.442053952799448,0.0
2026-09-02T14:10:00,717446,65.13293462762016,20.442053952799448,0.0
2026-09-02T14:10:00,717445,60.603866986158955,20.442053952799448,0.0
2026-09-02T14:10:00,717458,60.27069979121512,20.442053952799448,0.0
2026-09-02T14:10:00,717459,56.60303432056037,20.442053952799448,0.0
2026-09-02T14:10:00,717460,55.56616498685588,20.442053952799448,0.0
2026-09-02T14:10:00,717461,51.31975463789044,20.442053952799448,0.0
2026-09-02T14:10:00,717462,55.22572777419497,20.442053952799448,1.8
2026-09-02T14:10:00,717463,50.37154725092748,20.442053952799448,0.0
2026-09-02T14:15:00,717447,63.709758748321654,20.365644907727642,0.0
2026-09-02T14:15:00,717512,65.5683630071445,20.365644907727642,0.0
2026-09-02T14:15:00,717446,56.43049181530697,20.365644907727642,0.0
2026-09-02T14:15:00,717445,69.51331662360906,20.365644907727642,0.0
2026-09-02T14:15:00,717458,57.07527356865422,20.365644907727642,0.0
2026-09-02T14:15:00,717459,57.79410842832124,20.365644907727642,0.0
2026-09-02T14:15:00,717460,57.72239358598263,20.365644907727642,0.0
2026-09-02T14:15:00,717461,53.38239333834763,20.365644907727642,0.0
2026-09-02T14:15:00,717462,53.12261961605278,20.365644907727642,0.0
2026-09-02T14:15:00,717463,56.69844934113685,20.365644907727642,0.0
2026-09-02T14:20:00,717447,66.23721312034877,20.28994519250834,0.0
2026-09-02T14:20:00,717512,62.00824231877892,20.28994519250834,0.0
2026-09-02T14:20:00,717446,61.56063064865453,20.28994519250834,0.0
2026-09-02T14:20:00,717445,60.78606321415089,20.28994519250834,0.0
2026-09-02T14:20:00,717458,60.838342595740386,20.28994519250834,0.0
2026-09-02T14:20:00,717459,59.86276586728238,20.28994519250834,0.0
2026-09-02T14:20:00,717460,58.5782718599517,20.28994519250834,0.0
2026-09-02T14:20:00,717461,54.3360286905701,20.28994519250834,0.0
2026-09-02T14:20:00,717462,54.68921527250668,20.28994519250834,0.0
2026-09-02T14:20:00,717463,56.16076989310203,20.28994519250834,0.0
2026-09-02T14:25:00,717447,70.38952545156198,20.214987661732376,0.0
2026-09-02T14:25:00,717512,62.80906725974974,20.214987661732376,0.0
2026-09-02T14:25:00,717446,59.7489894949468,20.214987661732376,0.0
2026-09-02T14:25:00,717445,57.76566674641494,20.214987661732376,0.0
2026-09-02T14:25:00,717458,60.806927942224135,20.214987661732376,0.0
2026-09-02T14:25:00,717459,53.09181117452928,20.214987661732376,0.0
2026-09-02T14:25:00,717460,58.43895060314789,20.214987661732376,0.0
2026-09-02T14:25:00,717461,57.29474344671599,20.214987661732376,0.0
2026-09-02T14:25:00,717462,52.6502140105442,20.214987661732376,0.0
2026-09-02T14:25:00,717463,53.68973676876213,20.214987661732376,0.0
2026-09-02T14:30:00,717447,62.88152567569658,20.140804847873564,0.0
2026-09-02T14:30:00,717512,58.34567662349606,20.140804847873564,0.0
2026-09-02T14:30:00,717446,62.77758567006969,20.140804847873564,0.0
2026-09-02T14:30:00,717445,61.29201249441346,20.140804847873564,0.0
2026-09-02T14:30:00,717458,57.44579939757109,20.140804847873564,0.0
2026-09-02T14:30:00,717459,64.1009037967394,20.140804847873564,0.0
2026-09-02T14:30:00,717460,56.36285656946163,20.140804847873564,0.0
2026-09-02T14:30:00,717461,49.59893635633643,20.140804847873564,0.0
2026-09-02T14:30:00,717462,57.11201570158165,20.140804847873564,0.0
2026-09-02T14:30:00,717463,55.108586916479695,20.140804847873564,0.0
2026-09-02T14:35:00,717447,66.02581655837348,20.067428947169226,0.0
2026-09-02T14:35:00,717512,59.12244652889243,20.067428947169226,0.0
2026-09-02T14:35:00,717446,61.52205826171129,20.067428947169226,0.0
2026-09-02T14:35:00,717445,59.65252819597817,20.067428947169226,0.0
2026-09-02T14:35:00,717458,57.96196360475763,20.067428947169226,0.0
2026-09-02T14:35:00,717459,61.2993614805882,20.067428947169226,0.0
2026-09-02T14:35:00,717460,56.143571524320635,20.067428947169226,0.0
2026-09-02T14:35:00,717461,53.6841048628418,20.067428947169226,0.0
2026-09-02T14:35:00,717462,52.45556334004551,20.067428947169226,0.0
2026-09-02T14:35:00,717463,49.315250358140126,20.067428947169226,0.0
2026-09-02T14:40:00,717447,63.33115870284454,19.99489180564662,0.0
2026-09-02T14:40:00,717512,66.06831934235144,19.99489180564662,0.0
2026-09-02T14:40:00,717446,59.61683039045969,19.99489180564662,0.0
2026-09-02T14:40:00,717445,60.19277045680361,19.99489180564662,0.0
2026-09-02T14:40:00,717458,57.618762843741905,19.99489180564662,0.0
2026-09-02T14:40:00,717459,56.72731981282696,19.99489180564662,0.0
2026-09-02T14:40:00,717460,58.29578580146196,19.99489180564662,0.0
2026-09-02T14:40:00,717461,51.38316565645151,19.99489180564662,0.0
2026-09-02T14:40:00,717462,48.95636171701298,19.99489180564662,0.0
2026-09-02T14:40:00,717463,55.359736410192895,19.99489180564662,1.8
2026-09-02T14:45:00,717447,61.05208042870234,19.923224905301396,0.0
2026-09-02T14:45:00,717512,60.28280743774803,19.923224905301396,0.0
2026-09-02T14:45:00,717446,67.62812805430978,19.923224905301396,0.0
2026-09-02T14:45:00,717445,61.39300381760355,19.923224905301396,1.8
2026-09-02T14:45:00,717458,55.255656313400046,19.923224905301396,0.0
2026-09-02T14:45:00,717459,60.055373855696075,19.923224905301396,0.0
2026-09-02T14:45:00,717460,57.86854130571473,19.923224905301396,0.0
2026-09-02T14:45:00,717461,45.41908740280645,19.923224905301396,0.0
2026-09-02T14:45:00,717462,53.5034839156567,19.923224905301396,0.0
2026-09-02T14:45:00,717463,48.7772442560981,19.923224905301396,0.0
2026-09-02T14:50:00,717447,62.00157826557874,19.85245935043401,0.0
2026-09-02T14:50:00,717512,67.69876730620523,19.85245935043401,0.0
2026-09-02T14:50:00,717446,62.51388939752787,19.85245935043401,0.0
2026-09-02T14:50:00,717445,61.74913615821601,19.85245935043401,0.0
2026-09-02T14:50:00,717458,56.9050161636373,19.85245935043401,0.0
2026-09-02T14:50:00,717459,59.36467067802397,19.85245935043401,0.0
2026-09-02T14:50:00,717460,52.90199088113785,19.85245935043401,0.0
2026-09-02T14:50:00,717461,54.283266225450575,19.85245935043401,1.8
2026-09-02T14:50:00,717462,55.161194728952914,19.85245935043401,0.0
2026-09-02T14:50:00,717463,53.86097127414263,19.85245935043401,1.8
2026-09-02T14:55:00,717447,57.5650593941681,19.782625854150105,0.0
2026-09-02T14:55:00,717512,66.37238039592086,19.782625854150105,1.8
2026-09-02T14:55:00,717446,56.729599114767446,19.782625854150105,1.8
2026-09-02T14:55:00,717445,66.33254870254217,19.782625854150105,0.0
2026-09-02T14:55:00,717458,59.62933284461825,19.782625854150105,0.0
2026-09-02T14:55:00,717459,58.144969532660994,19.782625854150105,0.0
2026-09-02T14:55:00,717460,52.1616863122383,19.782625854150105,0.0
2026-09-02T14:55:00,717461,51.95880736988315,19.782625854150105,0.0
2026-09-02T14:55:00,717462,57.660454611742956,19.782625854150105,0.0
2026-09-02T14:55:00,717463,55.96184807789784,19.782625854150105,0.0
2026-09-02T15:00:00,717447,60.8777269121479,19.713754725030626,1.8
2026-09-02T15:00:00,717512,59.42771946426909,19.713754725030626,0.0
2026-09-02T15:00:00,717446,58.31236140129227,19.713754725030626,0.0
2026-09-02T15:00:00,717445,61.18814469342147,19.713754725030626,0.0
2026-09-02T15:00:00,717458,59.652091947804806,19.713754725030626,0.0
2026-09-02T15:00:00,717459,56.52250775893701,19.713754725030626,0.0
2026-09-02T15:00:00,717460,54.60429227639473,19.713754725030626,0.0
2026-09-02T15:00:00,717461,52.44418145749801,19.713754725030626,0.0
2026-09-02T15:00:00,717462,59.50867135247251,19.713754725030626,0.0
2026-09-02T15:00:00,717463,46.5672716050488,19.713754725030626,0.0
2026-09-02T15:05:00,717447,59.69570660411426,19.645875853977554,0.0
2026-09-02T15:05:00,717512,60.573177877068694,19.645875853977554,0.0
2026-09-02T15:05:00,717446,53.90329680672703,19.645875853977554,0.0
2026-09-02T15:05:00,717445,55.55482057430736,19.645875853977554,0.0
2026-09-02T15:05:00,717458,62.60532291874401,19.645875853977554,1.8
2026-09-02T15:05:00,717459,57.692086181220446,19.645875853977554,0.0
2026-09-02T15:05:00,717460,51.932104709721784,19.645875853977554,0.0
2026-09-02T15:05:00,717461,50.64686579900753,19.645875853977554,0.0
2026-09-02T15:05:00,717462,47.25402555535231,19.645875853977554,0.0
2026-09-02T15:05:00,717463,48.717269860607544,19.645875853977554,0.0
2026-09-02T15:10:00,717447,61.94204235094598,19.579018701240884,0.0
2026-09-02T15:10:00,717512,60.184873633079455,19.579018701240884,0.0
2026-09-02T15:10:00,717446,56.67804010929558,19.579018701240884,0.0
2026-09-02T15:10:00,717445,53.88884337950699,19.579018701240884,0.0
2026-09-02T15:10:00,717458,54.883241497409536,19.579018701240884,0.0
2026-09-02T15:10:00,717459,53.61858892314364,19.579018701240884,0.0
2026-09-02T15:10:00,717460,55.465081093352396,19.579018701240884,0.0
2026-09-02T15:10:00,717461,52.52824375013256,19.579018701240884,0.0
2026-09-02T15:10:00,717462,50.91399126675444,19.579018701240884,0.0
2026-09-02T15:10:00,717463,53.16469619148262,19.579018701240884,0.0
2026-09-02T15:15:00,717447,64.47968359161405,19.51321228363251,0.0
2026-09-02T15:15:00,717512,59.500314498977346,19.51321228363251,0.0
2026-09-02T15:15:00,717446,58.37703635986495,19.51321228363251,0.0
2026-09-02T15:15:00,717445,55.637777682067686,19.51321228363251,0.0
2026-09-02T15:15:00,717458,52.277151327943415,19.51321228363251,0.0
2026-09-02T15:15:00,717459,56.2766823516986,19.51321228363251,0.0
2026-09-02T15:15:00,717460,54.41836484001554,19.51321228363251,0.0
2026-09-02T15:15:00,717461,51.0762323347641,19.51321228363251,1.8
2026-09-02T15:15:00,717462,50.69088900001856,19.51321228363251,0.0
2026-09-02T15:15:00,717463,52.284266344682585,19.51321228363251,0.0
2026-09-02T15:20:00,717447,62.94013036132717,19.44848516193259,0.0
2026-09-02T15:20:00,717512,50.58847660517418,19.44848516193259,0.0
2026-09-02T15:20:00,717446,54.601764249231834,19.44848516193259,0.0
2026-09-02T15:20:00,717445,55.16029011796351,19.44848516193259,0.0
2026-09-02T15:20:00,717458,50.90953286771802,19.44848516193259,1.8
2026-09-02T15:20:00,717459,53.66534317599791,19.44848516193259,0.0
2026-09-02T15:20:00,717460,49.948406428889456,19.44848516193259,0.0
2026-09-02T15:20:00,717461,51.36846566156097,19.44848516193259,0.0
2026-09-02T15:20:00,717462,47.63326822615568,19.44848516193259,1.8
2026-09-02T15:20:00,717463,46.552850873260475,19.44848516193259,0.0
2026-09-02T15:25:00,717447,58.978365095365284,19.384865428493836,0.0
2026-09-02T15:25:00,717512,59.747694070551134,19.384865428493836,0.0
2026-09-02T15:25:00,717446,57.55692805029852,19.384865428493836,0.0
2026-09-02T15:25:00,717445,54.41903587410994,19.384865428493836,0.0
2026-09-02T15:25:00,717458,47.97823077701272,19.384865428493836,0.0
2026-09-02T15:25:00,717459,50.517535307804,19.384865428493836,1.8
2026-09-02T15:25:00,717460,49.00601191047184,19.384865428493836,0.0
2026-09-02T15:25:00,717461,51.93959840729236,19.384865428493836,1.8
2026-09-02T15:25:00,717462,48.98945122860584,19.384865428493836,0.0
2026-09-02T15:25:00,717463,47.90141283051957,19.384865428493836,0.0
2026-09-02T15:30:00,717447,54.90281821869733,19.322380695049056,0.0
2026-09-02T15:30:00,717512,60.288037400136396,19.322380695049056,0.0
2026-09-02T15:30:00,717446,55.45400369115007,19.322380695049056,0.0
2026-09-02T15:30:00,717445,51.1362421728323,19.322380695049056,0.0
2026-09-02T15:30:00,717458,50.1300673455012,19.322380695049056,0.0
2026-09-02T15:30:00,717459,52.286900619846705,19.322380695049056,0.0
2026-09-02T15:30:00,717460,47.432642220775676,19.322380695049056,1.8
2026-09-02T15:30:00,717461,47.01527976487131,19.322380695049056,0.0
2026-09-02T15:30:00,717462,44.38592415065526,19.322380695049056,0.0
2026-09-02T15:30:00,717463,48.68623729833896,19.322380695049056,0.0
2026-09-02T15:35:00,717447,53.81032820345862,19.26105808072736,0.0
2026-09-02T15:35:00,717512,59.97217742777736,19.26105808072736,0.0
2026-09-02T15:35:00,717446,55.37877534933698,19.26105808072736,0.0
2026-09-02T15:35:00,717445,49.48928429854122,19.26105808072736,0.0
2026-09-02T15:35:00,717458,53.41474804109836,19.26105808072736,0.0
2026-09-02T15:35:00,717459,54.60810935912225,19.26105808072736,0.0
2026-09-02T15:35:00,717460,48.97659510149458,19.26105808072736,0.0
2026-09-02T15:35:00,717461,52.616262276568804,19.26105808072736,0.0
2026-09-02T15:35:00,717462,48.2380300461332,19.26105808072736,0.0
2026-09-02T15:35:00,717463,43.871922142334064,19.26105808072736,0.0
2026-09-02T15:40:00,717447,62.10283984325075,19.200924200284124,0.0
2026-09-02T15:40:00,717512,50.21672232465275,19.200924200284124,0.0
2026-09-02T15:40:00,717446,52.094591903610336,19.200924200284124,0.0
2026-09-02T15:40:00,717445,51.76240690805468,19.200924200284124,0.0
2026-09-02T15:40:00,717458,56.61096242201722,19.200924200284124,0.0
2026-09-02T15:40:00,717459,51.73138047888703,19.200924200284124,0.0
2026-09-02T15:40:00,717460,49.97327374169518,19.200924200284124,0.0
2026-09-02T15:40:00,717461,44.88939014832156,19.200924200284124,0.0
2026-09-02T15:40:00,717462,45.520374532212706,19.200924200284124,0.0
2026-09-02T15:40:00,717463,42.99403075154145,19.200924200284124,0.0
2026-09-02T15:45:00,717447,56.06776006092642,19.142005152549853,0.0
2026-09-02T15:45:00,717512,56.88841441540051,19.142005152549853,0.0
2026-09-02T15:45:00,717446,59.5777305347682,19.142005152549853,0.0
2026-09-02T15:45:00,717445,49.506460551166676,19.142005152549853,0.0
2026-09-02T15:45:00,717458,45.544154606013606,19.142005152549853,0.0
2026-09-02T15:45:00,717459,47.54448649147713,19.142005152549853,1.8
2026-09-02T15:45:00,717460,50.40599572172334,19.142005152549853,0.0
2026-09-02T15:45:00,717461,43.54685437170293,19.142005152549853,0.0
2026-09-02T15:45:00,717462,44.87056416891324,19.142005152549853,0.0
2026-09-02T15:45:00,717463,45.41525267615774,19.142005152549853,0.0
2026-09-02T15:50:00,717447,52.11528684351736,19.084326509102986,0.0
2026-09-02T15:50:00,717512,52.90738322703716,19.084326509102986,1.8
2026-09-02T15:50:00,717446,48.23007138385818,19.084326509102986,0.0
2026-09-02T15:50:00,717445,53.677491268456144,19.084326509102986,0.0
2026-09-02T15:50:00,717458,47.911369517997386,19.084326509102986,0.0
2026-09-02T15:50:00,717459,48.018187433217946,19.084326509102986,0.0
2026-09-02T15:50:00,717460,40.97790923813008,19.084326509102986,0.0
2026-09-02T15:50:00,717461,41.8462179251686,19.084326509102986,1.8
2026-09-02T15:50:00,717462,46.84332834079577,19.084326509102986,1.8
2026-09-02T15:50:00,717463,41.274918021555436,19.084326509102986,0.0
2026-09-02T15:55:00,717447,49.67151198908329,19.027913303171523,0.0
2026-09-02T15:55:00,717512,46.789249923876675,19.027913303171523,0.0
2026-09-02T15:55:00,717446,53.716385085753686,19.027913303171523,1.8
2026-09-02T15:55:00,717445,50.84719252632653,19.027913303171523,0.0
2026-09-02T15:55:00,717458,49.43302423368762,19.027913303171523,0.0
2026-09-02T15:55:00,717459,51.41026562101284,19.027913303171523,0.0
2026-09-02T15:55:00,717460,44.15504269632882,19.027913303171523,0.0
2026-09-02T15:55:00,717461,39.83126416932055,19.027913303171523,1.8
2026-09-02T15:55:00,717462,42.89975039938872,19.027913303171523,1.8
2026-09-02T15:55:00,717463,47.296251846451,19.027913303171523,0.0
2026-09-02T16:00:00,717447,51.427109830149725,18.972790018768286,0.0
2026-09-02T16:00:00,717512,53.519808659453446,18.972790018768286,1.8
2026-09-02T16:00:00,717446,44.79625541570618,18.972790018768286,0.0
2026-09-02T16:00:00,717445,45.3562942887468,18.972790018768286,0.0
2026-09-02T16:00:00,717458,49.212094187068224,18.972790018768286,0.0
2026-09-02T16:00:00,717459,45.72704017241167,18.972790018768286,0.0
2026-09-02T16:00:00,717460,43.70156762123737,18.972790018768286,0.0
2026-09-02T16:00:00,717461,46.27228123649243,18.972790018768286,0.0
2026-09-02T16:00:00,717462,44.36732530483158,18.972790018768286,0.0
2026-09-02T16:00:00,717463,41.00875423910327,18.972790018768286,1.8
2026-09-02T16:05:00,717447,42.95382291116439,18.918980580064577,0.0
2026-09-02T16:05:00,717512,48.87202906182253,18.918980580064577,0.0
2026-09-02T16:05:00,717446,48.954788304941935,18.918980580064577,0.0
2026-09-02T16:05:00,717445,41.25050087738163,18.918980580064577,1.8
2026-09-02T16:05:00,717458,46.448421509614874,18.918980580064577,0.0
2026-09-02T16:05:00,717459,47.6612720196529,18.918980580064577,0.0
2026-09-02T16:05:00,717460,42.86639440504807,18.918980580064577,1.8
2026-09-02T16:05:00,717461,38.656443469749526,18.918980580064577,0.0
2026-09-02T16:05:00,717462,33.64989768596995,18.918980580064577,1.8
2026-09-02T16:05:00,717463,40.51030075564442,18.918980580064577,0.0
2026-09-02T16:10:00,717447,43.970389791246966,18.866508341006796,0.0
2026-09-02T16:10:00,717512,49.51712750402077,18.866508341006796,0.0
2026-09-02T16:10:00,717446,52.02005455202983,18.866508341006796,1.8
2026-09-02T16:10:00,717445,38.80361631983544,18.866508341006796,0.0
2026-09-02T16:10:00,717458,41.92910653468747,18.866508341006796,0.0
2026-09-02T16:10:00,717459,42.19978212085882,18.866508341006796,0.0
2026-09-02T16:10:00,717460,47.43549203783637,18.866508341006796,1.8
2026-09-02T16:10:00,717461,40.83547666549343,18.866508341006796,0.0
2026-09-02T16:10:00,717462,37.91911986425447,18.866508341006796,0.0
2026-09-02T16:10:00,717463,41.172259238602024,18.866508341006796,0.0
2026-09-02T16:15:00,717447,46.47221437560829,18.815396075180537,0.0
2026-09-02T16:15:00,717512,44.13835902718692,18.815396075180537,0.0
2026-09-02T16:15:00,717446,47.06455600671265,18.815396075180537,0.0
2026-09-02T16:15:00,717445,47.4380897147352,18.815396075180537,0.0
2026-09-02T16:15:00,717458,35.29788783724399,18.815396075180537,0.0
2026-09-02T16:15:00,717459,39.31846014261365,18.815396075180537,0.0
2026-09-02T16:15:00,717460,41.08091417115368,18.815396075180537,0.0
2026-09-02T16:15:00,717461,38.724315150634034,18.815396075180537,1.8
2026-09-02T16:15:00,717462,37.988767338846046,18.815396075180537,0.0
2026-09-02T16:15:00,717463,33.89069030216152,18.815396075180537,0.0
2026-09-02T16:20:00,717447,48.49944352367433,18.76566596592659,0.0
2026-09-02T16:20:00,717512,49.97180831153695,18.76566596592659,1.8
2026-09-02T16:20:00,717446,41.64827389562015,18.76566596592659,0.0
2026-09-02T16:20:00,717445,44.89677081696854,18.76566596592659,0.0
2026-09-02T16:20:00,717458,44.6842135161002,18.76566596592659,0.0
2026-09-02T16:20:00,717459,41.05195338373914,18.76566596592659,0.0
2026-09-02T16:20:00,717460,41.15903875583547,18.76566596592659,0.0
2026-09-02T16:20:00,717461,35.96500397980723,18.76566596592659,0.0
2026-09-02T16:20:00,717462,41.364566632110396,18.76566596592659,0.0
2026-09-02T16:20:00,717463,39.05778666226489,18.76566596592659,0.0
2026-09-02T16:25:00,717447,49.04396167249488,18.717339596713092,1.8
2026-09-02T16:25:00,717512,40.61300240918293,18.717339596713092,0.0
2026-09-02T16:25:00,717446,44.347796094382446,18.717339596713092,0.0
2026-09-02T16:25:00,717445,39.77169647744745,18.717339596713092,1.8
2026-09-02T16:25:00,717458,45.271044897021476,18.717339596713092,0.0
2026-09-02T16:25:00,717459,36.90863572604279,18.717339596713092,0.0
2026-09-02T16:25:00,717460,38.77649468615928,18.717339596713092,0.0
2026-09-02T16:25:00,717461,30.90898437940222,18.717339596713092,0.0
2026-09-02T16:25:00,717462,36.36062831370626,18.717339596713092,0.0
2026-09-02T16:25:00,717463,31.044316640243252,18.717339596713092,0.0
2026-09-02T16:30:00,717447,45.73002260686511,18.67043794176805,0.0
2026-09-02T16:30:00,717512,42.42823598432994,18.67043794176805,0.0
2026-09-02T16:30:00,717446,40.573654414232806,18.67043794176805,0.0
2026-09-02T16:30:00,717445,45.385091982844735,18.67043794176805,0.0
2026-09-02T16:30:00,717458,46.15929892339694,18.67043794176805,0.0
2026-09-02T16:30:00,717459,33.84343266794741,18.67043794176805,0.0
2026-09-02T16:30:00,717460,35.86688538599809,18.67043794176805,0.0
2026-09-02T16:30:00,717461,38.22035152605826,18.67043794176805,0.0
2026-09-02T16:30:00,717462,35.59635841363662,18.67043794176805,0.0
2026-09-02T16:30:00,717463,35.63715918482549,18.67043794176805,0.0
2026-09-02T16:35:00,717447,42.69303270616222,18.624981356976267,0.0
2026-09-02T16:35:00,717512,45.27620764734553,18.624981356976267,0.0
2026-09-02T16:35:00,717446,41.117838775384314,18.624981356976267,0.0
2026-09-02T16:35:00,717445,40.63240610307354,18.624981356976267,0.0
2026-09-02T16:35:00,717458,34.723006805245454,18.624981356976267,0.0
2026-09-02T16:35:00,717459,37.202996701280334,18.624981356976267,0.0
2026-09-02T16:35:00,717460,38.31004028069219,18.624981356976267,0.0
2026-09-02T16:35:00,717461,35.476884040461144,18.624981356976267,0.0
2026-09-02T16:35:00,717462,39.40700430098284,18.624981356976267,0.0
2026-09-02T16:35:00,717463,32.536602864165694,18.624981356976267,0.0
2026-09-02T16:40:00,717447,43.325902560539056,18.58098957104464,0.0
2026-09-02T16:40:00,717512,41.19951238957347,18.58098957104464,0.0
2026-09-02T16:40:00,717446,39.290603705653936,18.58098957104464,0.0
2026-09-02T16:40:00,717445,40.91144922667744,18.58098957104464,0.0
2026-09-02T16:40:00,717458,36.682858971976444,18.58098957104464,0.0
2026-09-02T16:40:00,717459,32.2529149694891,18.58098957104464,1.8
2026-09-02T16:40:00,717460,39.37037112091359,18.58098957104464,0.0
2026-09-02T16:40:00,717461,31.63108251722565,18.58098957104464,0.0
2026-09-02T16:40:00,717462,27.86469404382796,18.58098957104464,0.0
2026-09-02T16:40:00,717463,32.90885742173107,18.58098957104464,0.0
2026-09-02T16:45:00,717447,45.98383163740873,18.53848167693967,0.0
2026-09-02T16:45:00,717512,41.54169189886167,18.53848167693967,0.0
2026-09-02T16:45:00,717446,42.595420281656054,18.53848167693967,1.8
2026-09-02T16:45:00,717445,34.52830048313694,18.53848167693967,0.0
2026-09-02T16:45:00,717458,32.44730237130426,18.53848167693967,1.8
2026-09-02T16:45:00,717459,33.76577251492898,18.53848167693967,1.8
2026-09-02T16:45:00,717460,36.87406158112674,18.53848167693967,0.0
2026-09-02T16:45:00,717461,34.05070473835757,18.53848167693967,0.0
2026-09-02T16:45:00,717462,33.08382979350399,18.53848167693967,0.0
2026-09-02T16:45:00,717463,30.390325128139345,18.53848167693967,0.0
2026-09-02T16:50:00,717447,38.84909715482025,18.497476123600883,0.0
2026-09-02T16:50:00,717512,39.15363952350796,18.497476123600883,0.0
2026-09-02T16:50:00,717446,36.962620966552805,18.497476123600883,0.0
2026-09-02T16:50:00,717445,35.04535660921095,18.497476123600883,0.0
2026-09-02T16:50:00,717458,36.21706924045981,18.497476123600883,0.0
2026-09-02T16:50:00,717459,33.07800131798275,18.497476123600883,1.8
2026-09-02T16:50:00,717460,33.45611334336199,18.497476123600883,0.0
2026-09-02T16:50:00,717461,25.736320180412697,18.497476123600883,0.0
2026-09-02T16:50:00,717462,30.799045122937642,18.497476123600883,0.0
2026-09-02T16:50:00,717463,28.259807371146387,18.497476123600883,0.0
2026-09-02T16:55:00,717447,43.320831669192735,18.45799070793376,0.0
2026-09-02T16:55:00,717512,33.23927762990697,18.45799070793376,0.0
2026-09-02T16:55:00,717446,36.879825964919725,18.45799070793376,0.0
2026-09-02T16:55:00,717445,37.940995739297755,18.45799070793376,0.0
2026-09-02T16:55:00,717458,33.788524977518186,18.45799070793376,0.0
2026-09-02T16:55:00,717459,32.069187288101666,18.45799070793376,0.0
2026-09-02T16:55:00,717460,34.32965455303628,18.45799070793376,0.0
2026-09-02T16:55:00,717461,32.108236616331006,18.45799070793376,0.0
2026-09-02T16:55:00,717462,31.14371749905831,18.45799070793376,0.0
2026-09-02T16:55:00,717463,26.959941048975786,18.45799070793376,0.0
2026-09-02T17:00:00,717447,36.59674943301106,18.420042567085666,0.0
2026-09-02T17:00:00,717512,37.770946988463706,18.420042567085666,0.0
2026-09-02T17:00:00,717446,38.60293794510115,18.420042567085666,0.0
2026-09-02T17:00:00,717445,30.602925010082707,18.420042567085666,0.0
2026-09-02T17:00:00,717458,33.09568792994657,18.420042567085666,0.0
2026-09-02T17:00:00,717459,30.723185520222778,18.420042567085666,0.0
2026-09-02T17:00:00,717460,31.0460730327524,18.420042567085666,0.0
2026-09-02T17:00:00,717461,32.02818679434922,18.420042567085666,0.0
2026-09-02T17:00:00,717462,26.124558002385044,18.420042567085666,0.0
2026-09-02T17:00:00,717463,29.259488071110333,18.420042567085666,0.0
2026-09-02T17:05:00,717447,36.36465527194313,18.383648171008137,0.0
2026-09-02T17:05:00,717512,39.62128297815715,18.383648171008137,0.0
2026-09-02T17:05:00,717446,32.7906475184699,18.383648171008137,0.0
2026-09-02T17:05:00,717445,36.662468266492766,18.383648171008137,0.0
2026-09-02T17:05:00,717458,28.982919852601338,18.383648171008137,0.0
2026-09-02T17:05:00,717459,32.07043084545128,18.383648171008137,0.0
2026-09-02T17:05:00,717460,32.23254225944753,18.383648171008137,1.8
2026-09-02T17:05:00,717461,26.86425097898833,18.383648171008137,0.0
2026-09-02T17:05:00,717462,21.450580002279274,18.383648171008137,0.0
2026-09-02T17:05:00,717463,25.322957582502696,18.383648171008137,0.0
2026-09-02T17:10:00,717447,37.00321344372406,18.348823315308692,0.0
2026-09-02T17:10:00,717512,34.78599712449538,18.348823315308692,0.0
2026-09-02T17:10:00,717446,32.87125059108106,18.348823315308692,0.0
2026-09-02T17:10:00,717445,35.90648431913398,18.348823315308692,0.0
2026-09-02T17:10:00,717458,35.782109322425804,18.348823315308692,0.0
2026-09-02T17:10:00,717459,34.37665715660012,18.348823315308692,0.0
2026-09-02T17:10:00,717460,31.103420849124436,18.348823315308692,0.0
2026-09-02T17:10:00,717461,30.31881703897853,18.348823315308692,0.0
2026-09-02T17:10:00,717462,24.61286324953435,18.348823315308692,0.0
2026-09-02T17:10:00,717463,25.92445063332682,18.348823315308692,0.0
2026-09-02T17:15:00,717447,36.78583176290588,18.31558311439539,0.0
2026-09-02T17:15:00,717512,36.14542261567446,18.31558311439539,0.0
2026-09-02T17:15:00,717446,34.891668150532496,18.31558311439539,0.0
2026-09-02T17:15:00,717445,32.95028417620162,18.31558311439539,1.8
2026-09-02T17:15:00,717458,33.00684533257758,18.31558311439539,0.0
2026-09-02T17:15:00,717459,31.15549736275394,18.31558311439539,0.0
2026-09-02T17:15:00,717460,29.948562964299523,18.31558311439539,0.0
2026-09-02T17:15:00,717461,26.00607563464029,18.31558311439539,0.0
2026-09-02T17:15:00,717462,23.508831053841895,18.31558311439539,0.0
2026-09-02T17:15:00,717463,26.560612990219965,18.31558311439539,0.0
2026-09-02T17:20:00,717447,34.87113089333815,18.28394199491695,0.0
2026-09-02T17:20:00,717512,33.00133183963942,18.28394199491695,0.0
2026-09-02T17:20:00,717446,35.739099726940154,18.28394199491695,0.0
2026-09-02T17:20:00,717445,32.36221679673727,18.28394199491695,0.0
2026-09-02T17:20:00,717458,35.480138152644244,18.28394199491695,0.0
2026-09-02T17:20:00,717459,31.795925037153154,18.28394199491695,0.0
2026-09-02T17:20:00,717460,26.699576024078976,18.28394199491695,1.8
2026-09-02T17:20:00,717461,29.77838182917307,18.28394199491695,0.0
2026-09-02T17:20:00,717462,27.7252179211672,18.28394199491695,0.0
2026-09-02T17:20:00,717463,22.99508858656022,18.28394199491695,1.8
2026-09-02T17:25:00,717447,34.319276448983416,18.253913689501445,0.0
2026-09-02T17:25:00,717512,36.62488565844163,18.253913689501445,0.0
2026-09-02T17:25:00,717446,28.422254138726924,18.253913689501445,1.8
2026-09-02T17:25:00,717445,26.21240952521027,18.253913689501445,0.0
2026-09-02T17:25:00,717458,31.641211530840298,18.253913689501445,0.0
2026-09-02T17:25:00,717459,30.215423043717358,18.253913689501445,0.0
2026-09-02T17:25:00,717460,29.50542974867734,18.253913689501445,0.0
2026-09-02T17:25:00,717461,27.82391653179893,18.253913689501445,0.0
2026-09-02T17:25:00,717462,27.631803815934028,18.253913689501445,1.8
2026-09-02T17:25:00,717463,28.83332866391089,18.253913689501445,0.0
2026-09-02T17:30:00,717447,35.883656496713215,18.22551123079615,0.0
2026-09-02T17:30:00,717512,30.451657757198706,18.22551123079615,0.0
2026-09-02T17:30:00,717446,28.045529264740065,18.22551123079615,0.0
2026-09-02T17:30:00,717445,31.247976918668712,18.22551123079615,0.0
2026-09-02T17:30:00,717458,30.122312835679235,18.22551123079615,0.0
2026-09-02T17:30:00,717459,26.076793378857943,18.22551123079615,0.0
2026-09-02T17:30:00,717460,22.08066386898466,18.22551123079615,0.0
2026-09-02T17:30:00,717461,26.236227887988576,18.22551123079615,0.0
2026-09-02T17:30:00,717462,31.363954955370318,18.22551123079615,0.0
2026-09-02T17:30:00,717463,26.236903845645315,18.22551123079615,0.0
2026-09-02T17:35:00,717447,36.83390451448046,18.19874694581124,1.8
2026-09-02T17:35:00,717512,34.23243522988653,18.19874694581124,0.0
2026-09-02T17:35:00,717446,32.51082185139178,18.19874694581124,0.0
2026-09-02T17:35:00,717445,33.810231513840804,18.19874694581124,0.0
2026-09-02T17:35:00,717458,27.648044875013223,18.19874694581124,0.0
2026-09-02T17:35:00,717459,35.954593670670825,18.19874694581124,0.0
2026-09-02T17:35:00,717460,25.445086016759067,18.19874694581124,0.0
2026-09-02T17:35:00,717461,29.287656929663846,18.19874694581124,0.0
2026-09-02T17:35:00,717462,23.28776908004869,18.19874694581124,1.8
2026-09-02T17:35:00,717463,25.498436599892095,18.19874694581124,0.0
2026-09-02T17:40:00,717447,38.221902343720885,18.173632450569702,0.0
2026-09-02T17:40:00,717512,30.20645991070913,18.173632450569702,0.0
2026-09-02T17:40:00,717446,30.980652309645414,18.173632450569702,0.0
2026-09-02T17:40:00,717445,29.958597952901734,18.173632450569702,1.8
2026-09-02T17:40:00,717458,30.55050629249993,18.173632450569702,0.0
2026-09-02T17:40:00,717459,30.865691967685798,18.173632450569702,0.0
2026-09-02T17:40:00,717460,34.108522293911335,18.173632450569702,0.0
2026-09-02T17:40:00,717461,26.096433028849994,18.173632450569702,0.0
2026-09-02T17:40:00,717462,31.469527064081724,18.173632450569702,1.8
2026-09-02T17:40:00,717463,26.397888425452514,18.173632450569702,1.8
2026-09-02T17:45:00,717447,33.089825170000175,18.150178645065843,0.0
2026-09-02T17:45:00,717512,34.78139410635558,18.150178645065843,0.0
2026-09-02T17:45:00,717446,29.89919998796588,18.150178645065843,0.0
2026-09-02T17:45:00,717445,31.852684835576575,18.150178645065843,1.8
2026-09-02T17:45:00,717458,30.454046164647902,18.150178645065843,1.8
2026-09-02T17:45:00,717459,30.883357505811972,18.150178645065843,0.0
2026-09-02T17:45:00,717460,31.033702386648248,18.150178645065843,0.0
2026-09-02T17:45:00,717461,27.806774240531837,18.150178645065843,0.0
2026-09-02T17:45:00,717462,23.78748417246348,18.150178645065843,0.0
2026-09-02T17:45:00,717463,32.27585086467856,18.150178645065843,0.0
2026-09-02T17:50:00,717447,41.05913058429282,18.128395708534566,0.0
2026-09-02T17:50:00,717512,41.138963832347166,18.128395708534566,1.8
2026-09-02T17:50:00,717446,33.977468737245694,18.128395708534566,0.0
2026-09-02T17:50:00,717445,34.255709463491634,18.128395708534566,1.8
2026-09-02T17:50:00,717458,31.416329342907733,18.128395708534566,0.0
2026-09-02T17:50:00,717459,31.36799810505231,18.128395708534566,0.0
2026-09-02T17:50:00,717460,30.326444973087224,18.128395708534566,0.0
2026-09-02T17:50:00,717461,24.781289124299853,18.128395708534566,0.0
2026-09-02T17:50:00,717462,26.366795228417658,18.128395708534566,0.0
2026-09-02T17:50:00,717463,29.165839875603687,18.128395708534566,0.0
2026-09-02T17:55:00,717447,40.25368929414727,18.10829309503346,0.0
2026-09-02T17:55:00,717512,35.29502837601529,18.10829309503346,0.0
2026-09-02T17:55:00,717446,35.765010571479294,18.10829309503346,0.0
2026-09-02T17:55:00,717445,33.1092431680765,18.10829309503346,1.8
2026-09-02T17:55:00,717458,34.59585721769019,18.10829309503346,0.0
2026-09-02T17:55:00,717459,26.75949157728582,18.10829309503346,1.8
2026-09-02T17:55:00,717460,31.795746543523702,18.10829309503346,0.0
2026-09-02T17:55:00,717461,33.47351866776661,18.10829309503346,0.0
2026-09-02T17:55:00,717462,25.817589319526114,18.10829309503346,0.0
2026-09-02T17:55:00,717463,30.58060003413906,18.10829309503346,0.0
2026-09-02T18:00:00,717447,39.009818583847746,18.089879529339612,0.0
2026-09-02T18:00:00,717512,36.734993365495704,18.089879529339612,0.0
2026-09-02T18:00:00,717446,34.76696219510709,18.089879529339612,0.0
2026-09-02T18:00:00,717445,38.59598462038083,18.089879529339612,0.0
2026-09-02T18:00:00,717458,32.612646416959684,18.089879529339612,0.0
2026-09-02T18:00:00,717459,37.088690649774854,18.089879529339612,0.0
2026-09-02T18:00:00,717460,35.46225241543999,18.089879529339612,0.0
2026-09-02T18:00:00,717461,28.353861699406522,18.089879529339612,0.0
2026-09-02T18:00:00,717462,28.024751752409777,18.089879529339612,1.8
2026-09-02T18:00:00,717463,21.848820456040812,18.089879529339612,0.0
2026-09-02T18:05:00,717447,38.82851307809324,18.073163003162968,1.8
2026-09-02T18:05:00,717512,37.99135815150901,18.073163003162968,0.0
2026-09-02T18:05:00,717446,39.988121190821865,18.073163003162968,0.0
2026-09-02T18:05:00,717445,40.051809519629074,18.073163003162968,0.0
2026-09-02T18:05:00,717458,36.38267445894879,18.073163003162968,0.0
2026-09-02T18:05:00,717459,36.10670609814008,18.073163003162968,0.0
2026-09-02T18:05:00,717460,31.220200693325463,18.073163003162968,0.0
2026-09-02T18:05:00,717461,27.019345266158,18.073163003162968,0.0
2026-09-02T18:05:00,717462,30.20192049853366,18.073163003162968,0.0
2026-09-02T18:05:00,717463,31.53074059010104,18.073163003162968,0.0
2026-09-02T18:10:00,717447,32.21508579290899,18.058150771677813,1.8
2026-09-02T18:10:00,717512,39.024053097665956,18.058150771677813,0.0
2026-09-02T18:10:00,717446,32.27574506367306,18.058150771677813,0.0
2026-09-02T18:10:00,717445,33.97339717220906,18.058150771677813,0.0
2026-09-02T18:10:00,717458,35.543520057331136,18.058150771677813,0.0
2026-09-02T18:10:00,717459,38.60182855414538,18.058150771677813,0.0
2026-09-02T18:10:00,717460,32.71952304201338,18.058150771677813,0.0
2026-09-02T18:10:00,717461,33.46163418498295,18.058150771677813,0.0
2026-09-02T18:10:00,717462,31.063301087662914,18.058150771677813,1.8
2026-09-02T18:10:00,717463,26.939291857873947,18.058150771677813,0.0
2026-09-02T18:15:00,717447,42.21843334513667,18.04484935037396,0.0
2026-09-02T18:15:00,717512,36.01156804509976,18.04484935037396,0.0
2026-09-02T18:15:00,717446,38.44996821480239,18.04484935037396,0.0
2026-09-02T18:15:00,717445,41.19172202639027,18.04484935037396,0.0
2026-09-02T18:15:00,717458,36.60096558571631,18.04484935037396,0.0
2026-09-02T18:15:00,717459,35.63789494766929,18.04484935037396,0.0
2026-09-02T18:15:00,717460,32.64631940591525,18.04484935037396,0.0
2026-09-02T18:15:00,717461,27.89758108864301,18.04484935037396,0.0
2026-09-02T18:15:00,717462,30.570875444184416,18.04484935037396,1.8
2026-09-02T18:15:00,717463,32.641290289322995,18.04484935037396,0.0
2026-09-02T18:20:00,717447,43.06127081761085,18.033264512228925,1.8
2026-09-02T18:20:00,717512,37.2083928821236,18.033264512228925,0.0
2026-09-02T18:20:00,717446,34.16069775944306,18.033264512228925,0.0
2026-09-02T18:20:00,717445,36.12346772554961,18.033264512228925,0.0
2026-09-02T18:20:00,717458,36.44367545921183,18.033264512228925,0.0
2026-09-02T18:20:00,717459,35.449443630785694,18.033264512228925,0.0
2026-09-02T18:20:00,717460,34.2879872485869,18.033264512228925,1.8
2026-09-02T18:20:00,717461,33.50695565524291,18.033264512228925,0.0
2026-09-02T18:20:00,717462,33.56336434465931,18.033264512228925,1.8
2026-09-02T18:20:00,717463,29.893072487206673,18.033264512228925,0.0
2026-09-02T18:25:00,717447,40.20561576001662,18.023401285202407,0.0
2026-09-02T18:25:00,717512,43.41571486202439,18.023401285202407,0.0
2026-09-02T18:25:00,717446,43.26430507737949,18.023401285202407,0.0
2026-09-02T18:25:00,717445,37.733480562271296,18.023401285202407,0.0
2026-09-02T18:25:00,717458,44.25891705017248,18.023401285202407,0.0
2026-09-02T18:25:00,717459,41.52379270326724,18.023401285202407,0.0
2026-09-02T18:25:00,717460,32.498324288499504,18.023401285202407,0.0
2026-09-02T18:25:00,717461,29.444174679116053,18.023401285202407,0.0
2026-09-02T18:25:00,717462,32.870384486341464,18.023401285202407,0.0
2026-09-02T18:25:00,717463,33.002341083003024,18.023401285202407,0.0
2026-09-02T18:30:00,717447,50.14805353587545,18.015263950054084,1.8
2026-09-02T18:30:00,717512,48.81774238820902,18.015263950054084,0.0
2026-09-02T18:30:00,717446,43.7331733048876,18.015263950054084,0.0
2026-09-02T18:30:00,717445,39.39888433816009,18.015263950054084,0.0
2026-09-02T18:30:00,717458,42.890801327547905,18.015263950054084,0.0
2026-09-02T18:30:00,717459,38.507993977007345,18.015263950054084,0.0
2026-09-02T18:30:00,717460,33.05286490453213,18.015263950054084,1.8
2026-09-02T18:30:00,717461,31.952880412064502,18.015263950054084,0.0
2026-09-02T18:30:00,717462,33.41818036929183,18.015263950054084,0.0
2026-09-02T18:30:00,717463,36.30734863089667,18.015263950054084,0.0
2026-09-02T18:35:00,717447,42.24804045370361,18.0088560384857,0.0
2026-09-02T18:35:00,717512,42.99033541777524,18.0088560384857,0.0
2026-09-02T18:35:00,717446,47.41705127159825,18.0088560384857,1.8
2026-09-02T18:35:00,717445,42.88152024154759,18.0088560384857,0.0
2026-09-02T18:35:00,717458,45.96423743615205,18.0088560384857,0.0
2026-09-02T18:35:00,717459,40.839963529004805,18.0088560384857,1.8
2026-09-02T18:35:00,717460,41.206412466601364,18.0088560384857,0.0
2026-09-02T18:35:00,717461,35.849365283482015,18.0088560384857,0.0
2026-09-02T18:35:00,717462,40.45884463561455,18.0088560384857,0.0
2026-09-02T18:35:00,717463,36.607620971767645,18.0088560384857,1.8
2026-09-02T18:40:00,717447,46.16880987090255,18.004180331608286,0.0
2026-09-02T18:40:00,717512,49.350330275291434,18.004180331608286,0.0
2026-09-02T18:40:00,717446,46.06322785771158,18.004180331608286,0.0
2026-09-02T18:40:00,717445,42.860650255465785,18.004180331608286,0.0
2026-09-02T18:40:00,717458,43.331162270518035,18.004180331608286,0.0
2026-09-02T18:40:00,717459,37.97511672372684,18.004180331608286,0.0
2026-09-02T18:40:00,717460,42.87997699850011,18.004180331608286,0.0
2026-09-02T18:40:00,717461,44.05898807065251,18.004180331608286,0.0
2026-09-02T18:40:00,717462,32.24880779418486,18.004180331608286,0.0
2026-09-02T18:40:00,717463,34.02409098329114,18.004180331608286,0.0
2026-09-02T18:45:00,717447,45.791756001537294,18.001238858735107,1.8
2026-09-02T18:45:00,717512,48.81377943305267,18.001238858735107,0.0
2026-09-02T18:45:00,717446,45.97144128120595,18.001238858735107,0.0
2026-09-02T18:45:00,717445,42.85129025704765,18.001238858735107,0.0
2026-09-02T18:45:00,717458,42.080896751822515,18.001238858735107,0.0
2026-09-02T18:45:00,717459,40.18485493536,18.001238858735107,0.0
2026-09-02T18:45:00,717460,42.40065523217771,18.001238858735107,0.0
2026-09-02T18:45:00,717461,39.92134288773316,18.001238858735107,0.0
2026-09-02T18:45:00,717462,37.13959080438925,18.001238858735107,0.0
2026-09-02T18:45:00,717463,35.43619051666304,18.001238858735107,0.0
2026-09-02T18:50:00,717447,53.021441883689505,18.00003289650092,0.0
2026-09-02T18:50:00,717512,51.201428097415295,18.00003289650092,1.8
2026-09-02T18:50:00,717446,48.44096237734832,18.00003289650092,0.0
2026-09-02T18:50:00,717445,48.43190229677192,18.00003289650092,0.0
2026-09-02T18:50:00,717458,40.26584100530946,18.00003289650092,0.0
2026-09-02T18:50:00,717459,39.83109983385824,18.00003289650092,0.0
2026-09-02T18:50:00,717460,38.33187084229186,18.00003289650092,0.0
2026-09-02T18:50:00,717461,40.561617795262826,18.00003289650092,0.0
2026-09-02T18:50:00,717462,42.54290056800825,18.00003289650092,0.0
2026-09-02T18:50:00,717463,36.89531551691554,18.00003289650092,0.0
2026-09-02T18:55:00,717447,53.790111019977424,18.000562968307904,0.0
2026-09-02T18:55:00,717512,47.216914344919765,18.000562968307904,0.0
2026-09-02T18:55:00,717446,47.33182731301551,18.000562968307904,0.0
2026-09-02T18:55:00,717445,45.25183196193302,18.000562968307904,0.0
2026-09-02T18:55:00,717458,44.703733572858276,18.000562968307904,0.0
2026-09-02T18:55:00,717459,43.81893450039145,18.000562968307904,1.8
2026-09-02T18:55:00,717460,37.689592484639675,18.000562968307904,1.8
2026-09-02T18:55:00,717461,42.79236573027889,18.000562968307904,1.8
2026-09-02T18:55:00,717462,40.14966178917246,18.000562968307904,0.0
2026-09-02T18:55:00,717463,44.04815062369608,18.000562968307904,0.0
2026-09-02T19:00:00,717447,53.03748381411544,18.002828844098488,0.0
2026-09-02T19:00:00,717512,51.02285938726431,18.002828844098488,0.0
2026-09-02T19:00:00,717446,53.39546852437819,18.002828844098488,0.0
2026-09-02T19:00:00,717445,51.82560950414566,18.002828844098488,0.0
2026-09-02T19:00:00,717458,51.375854496677015,18.002828844098488,0.0
2026-09-02T19:00:00,717459,43.75509065899171,18.002828844098488,1.8
2026-09-02T19:00:00,717460,40.620587411020836,18.002828844098488,1.8
2026-09-02T19:00:00,717461,37.668951099641184,18.002828844098488,0.0
2026-09-02T19:00:00,717462,44.74092026452956,18.002828844098488,1.8
2026-09-02T19:00:00,717463,34.854467613582294,18.002828844098488,0.0
2026-09-02T19:05:00,717447,53.05920864634762,18.006829540455215,0.0
2026-09-02T19:05:00,717512,53.7771327682943,18.006829540455215,0.0
2026-09-02T19:05:00,717446,45.56371539331788,18.006829540455215,0.0
2026-09-02T19:05:00,717445,45.94458908223614,18.006829540455215,0.0
2026-09-02T19:05:00,717458,51.15693185519613,18.006829540455215,0.0
2026-09-02T19:05:00,717459,47.91606945070247,18.006829540455215,0.0
2026-09-02T19:05:00,717460,48.73700146038426,18.006829540455215,0.0
2026-09-02T19:05:00,717461,44.724552369068476,18.006829540455215,1.8
2026-09-02T19:05:00,717462,40.016913606400365,18.006829540455215,0.0
2026-09-02T19:05:00,717463,40.27704817960597,18.006829540455215,0.0
2026-09-02T19:10:00,717447,56.22906194895415,18.01256332102753,0.0
2026-09-02T19:10:00,717512,47.62286817392158,18.01256332102753,0.0
2026-09-02T19:10:00,717446,49.53755717282888,18.01256332102753,0.0
2026-09-02T19:10:00,717445,47.93104457015637,18.01256332102753,0.0
2026-09-02T19:10:00,717458,48.4539250902473,18.01256332102753,1.8
2026-09-02T19:10:00,717459,49.372627360104815,18.01256332102753,0.0
2026-09-02T19:10:00,717460,49.74319232462061,18.01256332102753,0.0
2026-09-02T19:10:00,717461,41.074788503903946,18.01256332102753,0.0
2026-09-02T19:10:00,717462,41.29710477424717,18.01256332102753,0.0
2026-09-02T19:10:00,717463,38.97421901637966,18.01256332102753,0.0
2026-09-02T19:15:00,717447,54.420874106549974,18.02002769728541,1.8
2026-09-02T19:15:00,717512,49.94118487714055,18.02002769728541,0.0
2026-09-02T19:15:00,717446,53.211748884891556,18.02002769728541,0.0
2026-09-02T19:15:00,717445,47.88811043433407,18.02002769728541,0.0
2026-09-02T19:15:00,717458,53.650766935944134,18.02002769728541,0.0
2026-09-02T19:15:00,717459,43.43464249145662,18.02002769728541,1.8
2026-09-02T19:15:00,717460,44.84182434295923,18.02002769728541,0.0
2026-09-02T19:15:00,717461,51.0929853702272,18.02002769728541,0.0
2026-09-02T19:15:00,717462,45.51859852794191,18.02002769728541,0.0
2026-09-02T19:15:00,717463,42.235207113685284,18.02002769728541,0.0
2026-09-02T19:20:00,717447,63.76497086743613,18.02921942959939,0.0
2026-09-02T19:20:00,717512,53.50519435000589,18.02921942959939,0.0
2026-09-02T19:20:00,717446,54.893062765890015,18.02921942959939,1.8
2026-09-02T19:20:00,717445,49.560450757498934,18.02921942959939,1.8
2026-09-02T19:20:00,717458,47.86049278449988,18.02921942959939,0.0
2026-09-02T19:20:00,717459,51.480268439033,18.02921942959939,0.0
2026-09-02T19:20:00,717460,53.62156994437231,18.02921942959939,0.0
2026-09-02T19:20:00,717461,45.75787866391043,18.02921942959939,0.0
2026-09-02T19:20:00,717462,42.856821417109856,18.02921942959939,0.0
2026-09-02T19:20:00,717463,47.759419643647746,18.02921942959939,0.0
2026-09-02T19:25:00,717447,55.12981387764346,18.04013452864661,1.8
2026-09-02T19:25:00,717512,56.39652088103872,18.04013452864661,1.8
2026-09-02T19:25:00,717446,52.61539843172088,18.04013452864661,0.0
2026-09-02T19:25:00,717445,51.88246335293458,18.04013452864661,0.0
2026-09-02T19:25:00,717458,49.073713441855034,18.04013452864661,0.0
2026-09-02T19:25:00,717459,52.50969934671187,18.04013452864661,0.0
2026-09-02T19:25:00,717460,50.488667117024235,18.04013452864661,0.0
2026-09-02T19:25:00,717461,49.17909449885819,18.04013452864661,0.0
2026-09-02T19:25:00,717462,44.78642762273038,18.04013452864661,0.0
2026-09-02T19:25:00,717463,46.613107742172595,18.04013452864661,0.0
2026-09-02T19:30:00,717447,63.14896279673468,18.052768257142237,0.0
2026-09-02T19:30:00,717512,53.10521465271236,18.052768257142237,1.8
2026-09-02T19:30:00,717446,52.61037731415166,18.052768257142237,0.0
2026-09-02T19:30:00,717445,51.55973738144033,18.052768257142237,0.0
2026-09-02T19:30:00,717458,52.87977838751978,18.052768257142237,0.0
2026-09-02T19:30:00,717459,48.10067489155384,18.052768257142237,0.0
2026-09-02T19:30:00,717460,51.69282535047634,18.052768257142237,0.0
2026-09-02T19:30:00,717461,43.58453743320077,18.052768257142237,0.0
2026-09-02T19:30:00,717462,50.1802678271539,18.052768257142237,0.0
2026-09-02T19:30:00,717463,47.608310456082464,18.052768257142237,0.0
2026-09-02T19:35:00,717447,63.88708815912048,18.067115131895488,0.0
2026-09-02T19:35:00,717512,54.05742630621556,18.067115131895488,1.8
2026-09-02T19:35:00,717446,58.95092388369443,18.067115131895488,0.0
2026-09-02T19:35:00,717445,54.257896402287756,18.067115131895488,0.0
2026-09-02T19:35:00,717458,52.46217946776393,18.067115131895488,0.0
2026-09-02T19:35:00,717459,49.124752822404865,18.067115131895488,0.0
2026-09-02T19:35:00,717460,49.5698225343711,18.067115131895488,0.0
2026-09-02T19:35:00,717461,48.498216625239905,18.067115131895488,0.0
2026-09-02T19:35:00,717462,44.179993253074144,18.067115131895488,0.0
2026-09-02T19:35:00,717463,48.4022905085017,18.067115131895488,0.0
2026-09-02T19:40:00,717447,59.55885211578212,18.08316892618942,0.0
2026-09-02T19:40:00,717512,59.5033294003562,18.08316892618942,0.0
2026-09-02T19:40:00,717446,54.75958283348815,18.08316892618942,0.0
2026-09-02T19:40:00,717445,57.89815070653342,18.08316892618942,0.0
2026-09-02T19:40:00,717458,58.25741685060481,18.08316892618942,0.0
2026-09-02T19:40:00,717459,52.24631002021719,18.08316892618942,0.0
2026-09-02T19:40:00,717460,48.87926126504156,18.08316892618942,0.0
2026-09-02T19:40:00,717461,50.71579911819616,18.08316892618942,0.0
2026-09-02T19:40:00,717462,49.37623322893378,18.08316892618942,0.0
2026-09-02T19:40:00,717463,47.59774110623998,18.08316892618942,0.0
2026-09-02T19:45:00,717447,61.417010545380606,18.100922672483378,0.0
2026-09-02T19:45:00,717512,57.393699467245405,18.100922672483378,0.0
2026-09-02T19:45:00,717446,54.16770909013041,18.100922672483378,0.0
2026-09-02T19:45:00,717445,56.493985676262426,18.100922672483378,0.0
2026-09-02T19:45:00,717458,56.77032321639939,18.100922672483378,0.0
2026-09-02T19:45:00,717459,55.83193243007072,18.100922672483378,1.8
2026-09-02T19:45:00,717460,51.20415349620265,18.100922672483378,1.8
2026-09-02T19:45:00,717461,52.11643455778345,18.100922672483378,1.8
2026-09-02T19:45:00,717462,54.26115558933484,18.100922672483378,0.0
2026-09-02T19:45:00,717463,53.03060299758512,18.100922672483378,0.0
2026-09-02T19:50:00,717447,63.56884249344429,18.12036866543702,0.0
2026-09-02T19:50:00,717512,54.53370301345447,18.12036866543702,0.0
2026-09-02T19:50:00,717446,56.86688183120992,18.12036866543702,0.0
2026-09-02T19:50:00,717445,60.64282042585126,18.12036866543702,0.0
2026-09-02T19:50:00,717458,50.91861184324914,18.12036866543702,0.0
2026-09-02T19:50:00,717459,54.08637836011751,18.12036866543702,1.8
2026-09-02T19:50:00,717460,51.26636287049119,18.12036866543702,0.0
2026-09-02T19:50:00,717461,52.829225767692634,18.12036866543702,0.0
2026-09-02T19:50:00,717462,44.44151322619007,18.12036866543702,0.0
2026-09-02T19:50:00,717463,53.1015231141711,18.12036866543702,1.8
2026-09-02T19:55:00,717447,60.81826078372,18.141498465254497,0.0
2026-09-02T19:55:00,717512,56.42267333426104,18.141498465254497,0.0
2026-09-02T19:55:00,717446,56.25546981665437,18.141498465254497,1.8
2026-09-02T19:55:00,717445,58.32479387418396,18.141498465254497,0.0
2026-09-02T19:55:00,717458,53.63782214258071,18.141498465254497,0.0
2026-09-02T19:55:00,717459,60.064447027926406,18.141498465254497,0.0
2026-09-02T19:55:00,717460,53.2659984257231,18.141498465254497,0.0
2026-09-02T19:55:00,717461,56.967817340304,18.141498465254497,1.8
2026-09-02T19:55:00,717462,51.73489875239035,18.141498465254497,0.0
2026-09-02T19:55:00,717463,52.13044425477258,18.141498465254497,0.0
2026-09-02T20:00:00,717447,63.268675947268356,18.164302901347448,0.0
2026-09-02T20:00:00,717512,58.73257587492559,18.164302901347448,0.0
2026-09-02T20:00:00,717446,61.1036614619331,18.164302901347448,1.8
2026-09-02T20:00:00,717445,56.57789833579078,18.164302901347448,1.8
2026-09-02T20:00:00,717458,51.79638750122404,18.164302901347448,0.0
2026-09-02T20:00:00,717459,54.73600342223467,18.164302901347448,0.0
2026-09-02T20:00:00,717460,50.56407782323741,18.164302901347448,0.0
2026-09-02T20:00:00,717461,51.67823795176768,18.164302901347448,0.0
2026-09-02T20:00:00,717462,51.6531272088835,18.164302901347448,1.8
2026-09-02T20:00:00,717463,47.83597203214261,18.164302901347448,1.8
2026-09-02T20:05:00,717447,63.513650101930736,18.18877207631514,0.0
2026-09-02T20:05:00,717512,59.42364869304243,18.18877207631514,0.0
2026-09-02T20:05:00,717446,55.76440243309141,18.18877207631514,0.0
2026-09-02T20:05:00,717445,55.55924433133682,18.18877207631514,0.0
2026-09-02T20:05:00,717458,57.360844419522905,18.18877207631514,0.0
2026-09-02T20:05:00,717459,55.087883045729136,18.18877207631514,0.0
2026-09-02T20:05:00,717460,55.51407073778725,18.18877207631514,0.0
2026-09-02T20:05:00,717461,53.78209952399854,18.18877207631514,0.0
2026-09-02T20:05:00,717462,49.303747746507355,18.18877207631514,0.0
2026-09-02T20:05:00,717463,49.20029558046267,18.18877207631514,0.0
2026-09-02T20:10:00,717447,64.85496505257753,18.214895370240054,1.8
2026-09-02T20:10:00,717512,58.57648979133175,18.214895370240054,0.0
2026-09-02T20:10:00,717446,64.49434291084181,18.214895370240054,0.0
2026-09-02T20:10:00,717445,54.40706978390668,18.214895370240054,0.0
2026-09-02T20:10:00,717458,59.94721716884682,18.214895370240054,0.0
2026-09-02T20:10:00,717459,55.95467359354538,18.214895370240054,0.0
2026-09-02T20:10:00,717460,52.15021462288949,18.214895370240054,0.0
2026-09-02T20:10:00,717461,54.10543991638915,18.214895370240054,0.0
2026-09-02T20:10:00,717462,50.266033070519754,18.214895370240054,0.0
2026-09-02T20:10:00,717463,49.80862241536898,18.214895370240054,0.0
2026-09-02T20:15:00,717447,61.50362360231012,18.242661445297074,0.0
2026-09-02T20:15:00,717512,63.66889388086548,18.242661445297074,0.0
2026-09-02T20:15:00,717446,58.37119775735443,18.242661445297074,0.0
2026-09-02T20:15:00,717445,59.73828992480357,18.242661445297074,0.0
2026-09-02T20:15:00,717458,60.192591247969304,18.242661445297074,0.0
2026-09-02T20:15:00,717459,56.80563519473246,18.242661445297074,0.0
2026-09-02T20:15:00,717460,56.59225085403605,18.242661445297074,0.0
2026-09-02T20:15:00,717461,54.126698193514166,18.242661445297074,0.0
2026-09-02T20:15:00,717462,54.65893929622447,18.242661445297074,1.8
2026-09-02T20:15:00,717463,48.09982215277775,18.242661445297074,0.0
2026-09-02T20:20:00,717447,67.2872414587849,18.272058250674213,0.0
2026-09-02T20:20:00,717512,56.20735151068188,18.272058250674213,0.0
2026-09-02T20:20:00,717446,58.531904303114594,18.272058250674213,0.0
2026-09-02T20:20:00,717445,59.10353342003658,18.272058250674213,0.0
2026-09-02T20:20:00,717458,52.61146616765596,18.272058250674213,0.0
2026-09-02T20:20:00,717459,55.463258247162145,18.272058250674213,0.0
2026-09-02T20:20:00,717460,56.60139138583136,18.272058250674213,0.0
2026-09-02T20:20:00,717461,59.358727858845036,18.272058250674213,0.0
2026-09-02T20:20:00,717462,55.13785187694845,18.272058250674213,0.0
2026-09-02T20:20:00,717463,50.880596041315776,18.272058250674213,0.0
2026-09-02T20:25:00,717447,58.80728991262567,18.30307302780284,0.0
2026-09-02T20:25:00,717512,65.9692171820707,18.30307302780284,0.0
2026-09-02T20:25:00,717446,59.44295266166456,18.30307302780284,0.0
2026-09-02T20:25:00,717445,60.49014832326474,18.30307302780284,0.0
2026-09-02T20:25:00,717458,57.18561742387199,18.30307302780284,0.0
2026-09-02T20:25:00,717459,58.46096401947332,18.30307302780284,0.0
2026-09-02T20:25:00,717460,59.812076644042236,18.30307302780284,0.0
2026-09-02T20:25:00,717461,57.065099930738064,18.30307302780284,0.0
2026-09-02T20:25:00,717462,52.88029940788722,18.30307302780284,1.8
2026-09-02T20:25:00,717463,56.451705624028705,18.30307302780284,0.0
2026-09-02T20:30:00,717447,69.08784882555253,18.335692315895024,0.0
2026-09-02T20:30:00,717512,65.31586079011224,18.335692315895024,0.0
2026-09-02T20:30:00,717446,59.93261794824626,18.335692315895024,0.0
2026-09-02T20:30:00,717445,62.43117535541861,18.335692315895024,0.0
2026-09-02T20:30:00,717458,61.68150748310087,18.335692315895024,0.0
2026-09-02T20:30:00,717459,56.79476163558322,18.335692315895024,0.0
2026-09-02T20:30:00,717460,61.88732923734629,18.335692315895024,1.8
2026-09-02T20:30:00,717461,58.71531718139301,18.335692315895024,0.0
2026-09-02T20:30:00,717462,53.34167259511399,18.335692315895024,0.0
2026-09-02T20:30:00,717463,51.52964067965,18.335692315895024,0.0
2026-09-02T20:35:00,717447,66.6314235340891,18.369901957785714,0.0
2026-09-02T20:35:00,717512,69.08555076884483,18.369901957785714,0.0
2026-09-02T20:35:00,717446,57.803319412494986,18.369901957785714,0.0
2026-09-02T20:35:00,717445,61.49542471560347,18.369901957785714,0.0
2026-09-02T20:35:00,717458,61.39791865102492,18.369901957785714,0.0
2026-09-02T20:35:00,717459,61.467128582299026,18.369901957785714,0.0
2026-09-02T20:35:00,717460,59.0305735490242,18.369901957785714,0.0
2026-09-02T20:35:00,717461,53.96692671507928,18.369901957785714,0.0
2026-09-02T20:35:00,717462,50.301642557483085,18.369901957785714,1.8
2026-09-02T20:35:00,717463,52.065403343281716,18.369901957785714,0.0
2026-09-02T20:40:00,717447,66.31561977677806,18.40568710607708,0.0
2026-09-02T20:40:00,717512,61.05952188314643,18.40568710607708,1.8
2026-09-02T20:40:00,717446,65.7920112890763,18.40568710607708,0.0
2026-09-02T20:40:00,717445,59.98891391625122,18.40568710607708,0.0
2026-09-02T20:40:00,717458,57.28353280050633,18.40568710607708,0.0
2026-09-02T20:40:00,717459,51.80569316277088,18.40568710607708,0.0
2026-09-02T20:40:00,717460,58.43363089146392,18.40568710607708,0.0
2026-09-02T20:40:00,717461,54.88657039159003,18.40568710607708,0.0
2026-09-02T20:40:00,717462,53.074869712336394,18.40568710607708,0.0
2026-09-02T20:40:00,717463,59.19157184168364,18.40568710607708,0.0
2026-09-02T20:45:00,717447,62.411132132485434,18.443032229582496,1.8
2026-09-02T20:45:00,717512,61.92760185381434,18.443032229582496,0.0
2026-09-02T20:45:00,717446,63.44861033774432,18.443032229582496,1.8
2026-09-02T20:45:00,717445,64.70686849488548,18.443032229582496,0.0
2026-09-02T20:45:00,717458,60.744978690775596,18.443032229582496,0.0
2026-09-02T20:45:00,717459,58.44508369567188,18.443032229582496,0.0
2026-09-02T20:45:00,717460,63.4039866022235,18.443032229582496,1.8
2026-09-02T20:45:00,717461,54.59285383565033,18.443032229582496,1.8
2026-09-02T20:45:00,717462,53.40698696898001,18.443032229582496,0.0
2026-09-02T20:45:00,717463,51.65167031409261,18.443032229582496,0.0
2026-09-02T20:50:00,717447,65.49461643649502,18.48192112006724,0.0
2026-09-02T20:50:00,717512,60.542853749864044,18.48192112006724,0.0
2026-09-02T20:50:00,717446,58.63345692380208,18.48192112006724,0.0
2026-09-02T20:50:00,717445,59.66350311727661,18.48192112006724,0.0
2026-09-02T20:50:00,717458,54.881715575134606,18.48192112006724,0.0
2026-09-02T20:50:00,717459,59.0874288476149,18.48192112006724,0.0
2026-09-02T20:50:00,717460,58.30257948943941,18.48192112006724,0.0
2026-09-02T20:50:00,717461,57.62250889881296,18.48192112006724,0.0
2026-09-02T20:50:00,717462,57.30932791845442,18.48192112006724,1.8
2026-09-02T20:50:00,717463,52.54415355915982,18.48192112006724,0.0
2026-09-02T20:55:00,717447,68.15973212877556,18.522336899283083,1.8
2026-09-02T20:55:00,717512,66.61205976485607,18.522336899283083,0.0
2026-09-02T20:55:00,717446,59.08420936413266,18.522336899283083,0.0
2026-09-02T20:55:00,717445,60.690002513782964,18.522336899283083,0.0
2026-09-02T20:55:00,717458,53.010190026095444,18.522336899283083,1.8
2026-09-02T20:55:00,717459,62.20883472561124,18.522336899283083,0.0
2026-09-02T20:55:00,717460,59.77416820715139,18.522336899283083,0.0
2026-09-02T20:55:00,717461,60.5766088313298,18.522336899283083,0.0
2026-09-02T20:55:00,717462,50.52274540945049,18.522336899283083,0.0
2026-09-02T20:55:00,717463,55.100024562278364,18.522336899283083,0.0
2026-09-02T21:00:00,717447,63.00935951966258,18.564262026293633,0.0
2026-09-02T21:00:00,717512,57.68738202768908,18.564262026293633,0.0
2026-09-02T21:00:00,717446,65.15327934917221,18.564262026293633,0.0
2026-09-02T21:00:00,717445,57.391608461728964,18.564262026293633,0.0
2026-09-02T21:00:00,717458,60.79445200793013,18.564262026293633,1.8
2026-09-02T21:00:00,717459,56.97742050454965,18.564262026293633,1.8
2026-09-02T21:00:00,717460,57.853614246282845,18.564262026293633,0.0
2026-09-02T21:00:00,717461,58.782735266857365,18.564262026293633,0.0
2026-09-02T21:00:00,717462,55.4619901251728,18.564262026293633,0.0
2026-09-02T21:00:00,717463,60.911853346237606,18.564262026293633,0.0
2026-09-02T21:05:00,717447,62.00557048627752,18.607678305087322,0.0
2026-09-02T21:05:00,717512,69.51554128076876,18.607678305087322,0.0
2026-09-02T21:05:00,717446,61.30068204417831,18.607678305087322,1.8
2026-09-02T21:05:00,717445,58.91894402678393,18.607678305087322,1.8
2026-09-02T21:05:00,717458,59.59053203178,18.607678305087322,0.0
2026-09-02T21:05:00,717459,54.374981325099334,18.607678305087322,0.0
2026-09-02T21:05:00,717460,55.56188443534785,18.607678305087322,0.0
2026-09-02T21:05:00,717461,55.47296671081086,18.607678305087322,0.0
2026-09-02T21:05:00,717462,55.78858467763212,18.607678305087322,1.8
2026-09-02T21:05:00,717463,53.98624670207532,18.607678305087322,0.0
2026-09-02T21:10:00,717447,66.17468911728905,18.652566892474706,0.0
2026-09-02T21:10:00,717512,63.38253861142117,18.652566892474706,0.0
2026-09-02T21:10:00,717446,65.63927027747431,18.652566892474706,0.0
2026-09-02T21:10:00,717445,63.09997070831219,18.652566892474706,0.0
2026-09-02T21:10:00,717458,61.12979400335672,18.652566892474706,0.0
2026-09-02T21:10:00,717459,62.583876482558296,18.652566892474706,0.0
2026-09-02T21:10:00,717460,61.38349270614502,18.652566892474706,0.0
2026-09-02T21:10:00,717461,56.67451714021504,18.652566892474706,0.0
2026-09-02T21:10:00,717462,54.03403893031583,18.652566892474706,0.0
2026-09-02T21:10:00,717463,54.550074997353875,18.652566892474706,0.0
2026-09-02T21:15:00,717447,64.38985247222078,18.698908306266617,0.0
2026-09-02T21:15:00,717512,62.382865284916626,18.698908306266617,1.8
2026-09-02T21:15:00,717446,62.8919381134592,18.698908306266617,0.0
2026-09-02T21:15:00,717445,62.29589065411644,18.698908306266617,0.0
2026-09-02T21:15:00,717458,61.80739072060361,18.698908306266617,0.0
2026-09-02T21:15:00,717459,63.18454239871345,18.698908306266617,0.0
2026-09-02T21:15:00,717460,58.38234998929306,18.698908306266617,0.0
2026-09-02T21:15:00,717461,56.309428099431436,18.698908306266617,0.0
2026-09-02T21:15:00,717462,58.09380236085773,18.698908306266617,0.0
2026-09-02T21:15:00,717463,51.60379772877112,18.698908306266617,0.0
2026-09-02T21:20:00,717447,59.13283337486831,18.74668243372968,0.0
2026-09-02T21:20:00,717512,59.010990282878986,18.74668243372968,0.0
2026-09-02T21:20:00,717446,63.835987658790266,18.74668243372968,0.0
2026-09-02T21:20:00,717445,60.27638823469473,18.74668243372968,0.0
2026-09-02T21:20:00,717458,59.28942525857532,18.74668243372968,0.0
2026-09-02T21:20:00,717459,56.39082370844186,18.74668243372968,0.0
2026-09-02T21:20:00,717460,61.19251787848387,18.74668243372968,0.0
2026-09-02T21:20:00,717461,51.91393092156284,18.74668243372968,0.0
2026-09-02T21:20:00,717462,56.94295631866709,18.74668243372968,0.0
2026-09-02T21:20:00,717463,54.00142968829711,18.74668243372968,0.0
2026-09-02T21:25:00,717447,69.49776470231889,18.79586854031548,0.0
2026-09-02T21:25:00,717512,66.60193271430211,18.79586854031548,0.0
2026-09-02T21:25:00,717446,59.28328315504311,18.79586854031548,0.0
2026-09-02T21:25:00,717445,63.257958318053404,18.79586854031548,0.0
2026-09-02T21:25:00,717458,61.38816159461415,18.79586854031548,1.8
2026-09-02T21:25:00,717459,58.62555060172453,18.79586854031548,0.0
2026-09-02T21:25:00,717460,59.40861152555556,18.79586854031548,0.0
2026-09-02T21:25:00,717461,54.584412727935835,18.79586854031548,1.8
2026-09-02T21:25:00,717462,55.53328306995636,18.79586854031548,0.0
2026-09-02T21:25:00,717463,54.0959884624106,18.79586854031548,0.0
2026-09-02T21:30:00,717447,62.60690199675017,18.846445278659615,0.0
2026-09-02T21:30:00,717512,62.76013422908286,18.846445278659615,0.0
2026-09-02T21:30:00,717446,61.071183563740306,18.846445278659615,0.0
2026-09-02T21:30:00,717445,62.42182209977897,18.846445278659615,0.0
2026-09-02T21:30:00,717458,63.86762225047997,18.846445278659615,0.0
2026-09-02T21:30:00,717459,55.12333073480018,18.846445278659615,0.0
2026-09-02T21:30:00,717460,58.9143261401516,18.846445278659615,1.8
2026-09-02T21:30:00,717461,54.968829306295696,18.846445278659615,0.0
2026-09-02T21:30:00,717462,58.02791694436072,18.846445278659615,0.0
2026-09-02T21:30:00,717463,55.27706451922644,18.846445278659615,0.0
2026-09-02T21:35:00,717447,60.506275982578636,18.898390697846683,0.0
2026-09-02T21:35:00,717512,64.25100861750457,18.898390697846683,0.0
2026-09-02T21:35:00,717446,62.13324000438417,18.898390697846683,0.0
2026-09-02T21:35:00,717445,57.816193921213205,18.898390697846683,0.0
2026-09-02T21:35:00,717458,58.63329759440606,18.898390697846683,0.0
2026-09-02T21:35:00,717459,59.31743618025072,18.898390697846683,0.0
2026-09-02T21:35:00,717460,56.314129603169064,18.898390697846683,0.0
2026-09-02T21:35:00,717461,59.62732142953359,18.898390697846683,0.0
2026-09-02T21:35:00,717462,54.90719120616331,18.898390697846683,0.0
2026-09-02T21:35:00,717463,52.43383456808442,18.898390697846683,0.0
2026-09-02T21:40:00,717447,65.50494058636225,18.951682252937278,1.8
2026-09-02T21:40:00,717512,64.68606709788853,18.951682252937278,0.0
2026-09-02T21:40:00,717446,65.30948842036274,18.951682252937278,0.0
2026-09-02T21:40:00,717445,61.50091431688259,18.951682252937278,0.0
2026-09-02T21:40:00,717458,48.343087848344766,18.951682252937278,0.0
2026-09-02T21:40:00,717459,59.76165268671403,18.951682252937278,0.0
2026-09-02T21:40:00,717460,56.80399748012597,18.951682252937278,0.0
2026-09-02T21:40:00,717461,61.2724904104464,18.951682252937278,0.0
2026-09-02T21:40:00,717462,56.5102782620306,18.951682252937278,0.0
2026-09-02T21:40:00,717463,54.607865683595804,18.951682252937278,0.0
2026-09-02T21:45:00,717447,63.55596038390713,19.006296814752748,0.0
2026-09-02T21:45:00,717512,66.9434191536361,19.006296814752748,0.0
2026-09-02T21:45:00,717446,57.886281980463494,19.006296814752748,0.0
2026-09-02T21:45:00,717445,61.94082293542041,19.006296814752748,0.0
2026-09-02T21:45:00,717458,55.43406968254709,19.006296814752748,0.0
2026-09-02T21:45:00,717459,57.12632983531098,19.006296814752748,1.8
2026-09-02T21:45:00,717460,60.19703864259485,19.006296814752748,0.0
2026-09-02T21:45:00,717461,57.53494313206435,19.006296814752748,0.0
2026-09-02T21:45:00,717462,55.86990651688493,19.006296814752748,0.0
2026-09-02T21:45:00,717463,51.26058425399681,19.006296814752748,0.0
2026-09-02T21:50:00,717447,64.78952705352017,19.062210679913537,0.0
2026-09-02T21:50:00,717512,64.87013372321537,19.062210679913537,0.0
2026-09-02T21:50:00,717446,65.34548591300695,19.062210679913537,0.0
2026-09-02T21:50:00,717445,62.85375178837945,19.062210679913537,0.0
2026-09-02T21:50:00,717458,62.611773398383406,19.062210679913537,0.0
2026-09-02T21:50:00,717459,55.009422736670956,19.062210679913537,1.8
2026-09-02T21:50:00,717460,58.216094337801195,19.062210679913537,0.0
2026-09-02T21:50:00,717461,59.473574401971455,19.062210679913537,0.0
2026-09-02T21:50:00,717462,49.1276492864925,19.062210679913537,0.0
2026-09-02T21:50:00,717463,53.529257212057146,19.062210679913537,0.0
2026-09-02T21:55:00,717447,66.11176403801764,19.11939958112675,0.0
2026-09-02T21:55:00,717512,67.11818320050736,19.11939958112675,0.0
2026-09-02T21:55:00,717446,62.89905234041732,19.11939958112675,0.0
2026-09-02T21:55:00,717445,61.36153660030882,19.11939958112675,0.0
2026-09-02T21:55:00,717458,61.04171218571608,19.11939958112675,1.8
2026-09-02T21:55:00,717459,60.140770551247314,19.11939958112675,0.0
2026-09-02T21:55:00,717460,55.336597194162835,19.11939958112675,0.0
2026-09-02T21:55:00,717461,55.17846488727185,19.11939958112675,0.0
2026-09-02T21:55:00,717462,50.29202310564654,19.11939958112675,0.0
2026-09-02T21:55:00,717463,52.35388228932388,19.11939958112675,0.0
2026-09-02T22:00:00,717447,61.90933617831972,19.177838697718432,0.0
2026-09-02T22:00:00,717512,61.32169481137885,19.177838697718432,1.8
2026-09-02T22:00:00,717446,69.06231612771153,19.177838697718432,0.0
2026-09-02T22:00:00,717445,64.52961365655382,19.177838697718432,0.0
2026-09-02T22:00:00,717458,57.169289163089715,19.177838697718432,0.0
2026-09-02T22:00:00,717459,55.29865792613014,19.177838697718432,0.0
2026-09-02T22:00:00,717460,56.124176404444384,19.177838697718432,0.0
2026-09-02T22:00:00,717461,52.811683224374,19.177838697718432,1.8
2026-09-02T22:00:00,717462,56.17099159217555,19.177838697718432,0.0
2026-09-02T22:00:00,717463,54.91860483322799,19.177838697718432,1.8
2026-09-02T22:05:00,717447,62.488847431489546,19.23750266640606,0.0
2026-09-02T22:05:00,717512,65.8303583006512,19.23750266640606,1.8
2026-09-02T22:05:00,717446,64.63371133462013,19.23750266640606,0.0
2026-09-02T22:05:00,717445,59.44792491127704,19.23750266640606,0.0
2026-09-02T22:05:00,717458,57.60018959329501,19.23750266640606,1.8
2026-09-02T22:05:00,717459,57.819013052297855,19.23750266640606,0.0
2026-09-02T22:05:00,717460,59.44061565723874,19.23750266640606,0.0
2026-09-02T22:05:00,717461,62.73566644741799,19.23750266640606,0.0
2026-09-02T22:05:00,717462,56.96579387412826,19.23750266640606,0.0
2026-09-02T22:05:00,717463,50.95381830090892,19.23750266640606,0.0
2026-09-02T22:10:00,717447,65.94417247142572,19.298365592306503,0.0
2026-09-02T22:10:00,717512,64.12894300773506,19.298365592306503,0.0
2026-09-02T22:10:00,717446,62.75524560242284,19.298365592306503,0.0
2026-09-02T22:10:00,717445,57.695933152136476,19.298365592306503,0.0
2026-09-02T22:10:00,717458,61.13584386919223,19.298365592306503,0.0
2026-09-02T22:10:00,717459,58.91665573815823,19.298365592306503,0.0
2026-09-02T22:10:00,717460,54.4510521839688,19.298365592306503,1.8
2026-09-02T22:10:00,717461,61.71755308413628,19.298365592306503,0.0
2026-09-02T22:10:00,717462,51.781805875020524,19.298365592306503,0.0
2026-09-02T22:10:00,717463,55.522507649492496,19.298365592306503,0.0
2026-09-02T22:15:00,717447,64.56332907477451,19.360401060174713,1.8
2026-09-02T22:15:00,717512,62.7776083353266,19.360401060174713,0.0
2026-09-02T22:15:00,717446,66.33999819496526,19.360401060174713,0.0
2026-09-02T22:15:00,717445,64.13162717621861,19.360401060174713,1.8
2026-09-02T22:15:00,717458,59.77488938059295,19.360401060174713,0.0
2026-09-02T22:15:00,717459,56.649230172406284,19.360401060174713,0.0
2026-09-02T22:15:00,717460,56.45386757672068,19.360401060174713,0.0
2026-09-02T22:15:00,717461,55.77334472840197,19.360401060174713,0.0
2026-09-02T22:15:00,717462,58.18811995343567,19.360401060174713,0.0
2026-09-02T22:15:00,717463,55.29393267043896,19.360401060174713,1.8
2026-09-02T22:20:00,717447,67.89932426154462,19.423582145868274,0.0
2026-09-02T22:20:00,717512,60.01306499460262,19.423582145868274,0.0
2026-09-02T22:20:00,717446,65.77330882067368,19.423582145868274,0.0
2026-09-02T22:20:00,717445,65.62994628939046,19.423582145868274,0.0
2026-09-02T22:20:00,717458,58.03429923964238,19.423582145868274,0.0
2026-09-02T22:20:00,717459,61.37545031972816,19.423582145868274,0.0
2026-09-02T22:20:00,717460,61.73588114185998,19.423582145868274,0.0
2026-09-02T22:20:00,717461,54.971504369162325,19.423582145868274,1.8
2026-09-02T22:20:00,717462,52.299025969436286,19.423582145868274,0.0
2026-09-02T22:20:00,717463,54.86865471410523,19.423582145868274,0.0
2026-09-02T22:25:00,717447,59.83394820150612,19.487881428032786,1.8
2026-09-02T22:25:00,717512,66.93160304365229,19.487881428032786,0.0
2026-09-02T22:25:00,717446,60.0876186034823,19.487881428032786,0.0
2026-09-02T22:25:00,717445,60.687002351510095,19.487881428032786,0.0
2026-09-02T22:25:00,717458,62.255518572684906,19.487881428032786,0.0
2026-09-02T22:25:00,717459,60.63395637658034,19.487881428032786,0.0
2026-09-02T22:25:00,717460,59.7614355593266,19.487881428032786,0.0
2026-09-02T22:25:00,717461,54.42369722652258,19.487881428032786,0.0
2026-09-02T22:25:00,717462,56.326925835547875,19.487881428032786,0.0
2026-09-02T22:25:00,717463,56.765550730913276,19.487881428032786,0.0
2026-09-02T22:30:00,717447,63.29062734912967,19.553271000003072,0.0
2026-09-02T22:30:00,717512,69.19755441631128,19.553271000003072,0.0
2026-09-02T22:30:00,717446,62.01402508953266,19.553271000003072,0.0
2026-09-02T22:30:00,717445,56.04662394686024,19.553271000003072,0.0
2026-09-02T22:30:00,717458,59.598748302366644,19.553271000003072,0.0
2026-09-02T22:30:00,717459,62.8948453959826,19.553271000003072,0.0
2026-09-02T22:30:00,717460,55.12343487999131,19.553271000003072,0.0
2026-09-02T22:30:00,717461,53.71063051808006,19.553271000003072,0.0
2026-09-02T22:30:00,717462,56.56861297955148,19.553271000003072,0.0
2026-09-02T22:30:00,717463,51.089175313994765,19.553271000003072,0.0
2026-09-02T22:35:00,717447,61.782687503662466,19.61972248191502,0.0
2026-09-02T22:35:00,717512,61.44172381133223,19.61972248191502,0.0
2026-09-02T22:35:00,717446,67.36212862714237,19.61972248191502,0.0
2026-09-02T22:35:00,717445,62.89807455042672,19.61972248191502,1.8
2026-09-02T22:35:00,717458,60.384836900146155,19.61972248191502,0.0
2026-09-02T22:35:00,717459,56.809515782507866,19.61972248191502,0.0
2026-09-02T22:35:00,717460,60.330506613359276,19.61972248191502,0.0
2026-09-02T22:35:00,717461,58.40603113089188,19.61972248191502,0.0
2026-09-02T22:35:00,717462,60.41749902044639,19.61972248191502,0.0
2026-09-02T22:35:00,717463,51.491923366570546,19.61972248191502,0.0
2026-09-02T22:40:00,717447,61.95794653921669,19.687207033022766,0.0
2026-09-02T22:40:00,717512,58.51612658287442,19.687207033022766,0.0
2026-09-02T22:40:00,717446,64.17381507008612,19.687207033022766,0.0
2026-09-02T22:40:00,717445,62.12767605418352,19.687207033022766,0.0
2026-09-02T22:40:00,717458,59.08161716605912,19.687207033022766,0.0
2026-09-02T22:40:00,717459,53.66805648843649,19.687207033022766,0.0
2026-09-02T22:40:00,717460,62.09687828878501,19.687207033022766,0.0
2026-09-02T22:40:00,717461,57.170355377194234,19.687207033022766,0.0
2026-09-02T22:40:00,717462,58.97864667836415,19.687207033022766,0.0
2026-09-02T22:40:00,717463,58.099309418394455,19.687207033022766,0.0
2026-09-02T22:45:00,717447,66.48430414215561,19.75569536421593,0.0
2026-09-02T22:45:00,717512,65.73017278372363,19.75569536421593,1.8
2026-09-02T22:45:00,717446,60.804864239973654,19.75569536421593,0.0
2026-09-02T22:45:00,717445,61.728261563947434,19.75569536421593,0.0
2026-09-02T22:45:00,717458,63.19946891641433,19.75569536421593,0.0
2026-09-02T22:45:00,717459,56.651991206068416,19.75569536421593,0.0
2026-09-02T22:45:00,717460,60.562816557131924,19.75569536421593,0.0
2026-09-02T22:45:00,717461,59.15123723339705,19.75569536421593,0.0
2026-09-02T22:45:00,717462,57.86597319911905,19.75569536421593,0.0
2026-09-02T22:45:00,717463,54.32163294480077,19.75569536421593,0.0
2026-09-02T22:50:00,717447,62.853347884517774,19.825157750731474,0.0
2026-09-02T22:50:00,717512,69.18134420666881,19.825157750731474,0.0
2026-09-02T22:50:00,717446,66.6807897758015,19.825157750731474,0.0
2026-09-02T22:50:00,717445,61.59214371186233,19.825157750731474,0.0
2026-09-02T22:50:00,717458,60.934265706875124,19.825157750731474,0.0
2026-09-02T22:50:00,717459,58.23220814694933,19.825157750731474,1.8
2026-09-02T22:50:00,717460,52.68390378696084,19.825157750731474,0.0
2026-09-02T22:50:00,717461,56.34836908432771,19.825157750731474,0.0
2026-09-02T22:50:00,717462,56.91086485864741,19.825157750731474,0.0
2026-09-02T22:50:00,717463,52.57387237660547,19.825157750731474,0.0
2026-09-02T22:55:00,717447,64.08531081501195,19.895564045054563,0.0
2026-09-02T22:55:00,717512,62.85955852660376,19.895564045054563,0.0
2026-09-02T22:55:00,717446,62.96893303369709,19.895564045054563,0.0
2026-09-02T22:55:00,717445,60.748150060704425,19.895564045054563,1.8
2026-09-02T22:55:00,717458,57.71346414712861,19.895564045054563,0.0
2026-09-02T22:55:00,717459,59.35894110441197,19.895564045054563,0.0
2026-09-02T22:55:00,717460,59.1507824371692,19.895564045054563,0.0
2026-09-02T22:55:00,717461,57.22740361889728,19.895564045054563,0.0
2026-09-02T22:55:00,717462,50.08265538143447,19.895564045054563,0.0
2026-09-02T22:55:00,717463,56.10895590336001,19.895564045054563,0.0
2026-09-02T23:00:00,717447,61.68542274534478,19.966883690002966,0.0
2026-09-02T23:00:00,717512,65.09940306032736,19.966883690002966,0.0
2026-09-02T23:00:00,717446,64.03289167448662,19.966883690002966,0.0
2026-09-02T23:00:00,717445,57.07995383651329,19.966883690002966,0.0
2026-09-02T23:00:00,717458,62.855509473994914,19.966883690002966,0.0
2026-09-02T23:00:00,717459,64.34383258831032,19.966883690002966,0.0
2026-09-02T23:00:00,717460,56.96977234377711,19.966883690002966,1.8
2026-09-02T23:00:00,717461,57.90002728679266,19.966883690002966,0.0
2026-09-02T23:00:00,717462,54.0760716630772,19.966883690002966,1.8
2026-09-02T23:00:00,717463,50.84942566335763,19.966883690002966,1.8
2026-09-02T23:05:00,717447,67.96268673252845,20.039085731989267,0.0
2026-09-02T23:05:00,717512,65.1767145301075,20.039085731989267,0.0
2026-09-02T23:05:00,717446,60.62859557922564,20.039085731989267,0.0
2026-09-02T23:05:00,717445,58.16415678542124,20.039085731989267,0.0
2026-09-02T23:05:00,717458,65.74509119220858,20.039085731989267,0.0
2026-09-02T23:05:00,717459,55.07617424202861,20.039085731989267,0.0
2026-09-02T23:05:00,717460,59.59637126310035,20.039085731989267,0.0
2026-09-02T23:05:00,717461,57.12612312278427,20.039085731989267,0.0
2026-09-02T23:05:00,717462,57.709252312061686,20.039085731989267,0.0
2026-09-02T23:05:00,717463,58.717543707633766,20.039085731989267,0.0
2026-09-02T23:10:00,717447,57.62483470676994,20.112138834455074,0.0
2026-09-02T23:10:00,717512,60.85704846742938,20.112138834455074,0.0
2026-09-02T23:10:00,717446,62.25837247091987,20.112138834455074,0.0
2026-09-02T23:10:00,717445,66.1967127209272,20.112138834455074,0.0
2026-09-02T23:10:00,717458,58.9989840145136,20.112138834455074,0.0
2026-09-02T23:10:00,717459,57.24984584664912,20.112138834455074,0.0
2026-09-02T23:10:00,717460,51.491540922653925,20.112138834455074,0.0
2026-09-02T23:10:00,717461,54.578724054725264,20.112138834455074,0.0
2026-09-02T23:10:00,717462,57.08807497927224,20.112138834455074,0.0
2026-09-02T23:10:00,717463,53.87700835303424,20.112138834455074,0.0
2026-09-02T23:15:00,717447,62.910138278206496,20.186011291471445,0.0
2026-09-02T23:15:00,717512,69.3921201252286,20.186011291471445,1.8
2026-09-02T23:15:00,717446,61.75591076135826,20.186011291471445,0.0
2026-09-02T23:15:00,717445,61.76977894806944,20.186011291471445,0.0
2026-09-02T23:15:00,717458,57.94016955570482,20.186011291471445,0.0
2026-09-02T23:15:00,717459,55.63077751522385,20.186011291471445,0.0
2026-09-02T23:15:00,717460,59.89715886358252,20.186011291471445,0.0
2026-09-02T23:15:00,717461,51.77659761599697,20.186011291471445,1.8
2026-09-02T23:15:00,717462,56.81796675735006,20.186011291471445,1.8
2026-09-02T23:15:00,717463,46.03215912459075,20.186011291471445,0.0
2026-09-02T23:20:00,717447,65.97269031648914,20.26067104149969,0.0
2026-09-02T23:20:00,717512,60.69066559238988,20.26067104149969,0.0
2026-09-02T23:20:00,717446,60.03320509512763,20.26067104149969,0.0
2026-09-02T23:20:00,717445,60.578770351724565,20.26067104149969,0.0
2026-09-02T23:20:00,717458,56.61952587727443,20.26067104149969,0.0
2026-09-02T23:20:00,717459,53.500141827808186,20.26067104149969,0.0
2026-09-02T23:20:00,717460,57.26361052008042,20.26067104149969,0.0
2026-09-02T23:20:00,717461,58.85832642738573,20.26067104149969,0.0
2026-09-02T23:20:00,717462,56.078367448906626,20.26067104149969,0.0
2026-09-02T23:20:00,717463,57.55345465108583,20.26067104149969,1.8
2026-09-02T23:25:00,717447,59.80226597805264,20.336085681306436,0.0
2026-09-02T23:25:00,717512,62.62014675190805,20.336085681306436,0.0
2026-09-02T23:25:00,717446,62.702363816568855,20.336085681306436,0.0
2026-09-02T23:25:00,717445,58.83587583768942,20.336085681306436,0.0
2026-09-02T23:25:00,717458,60.43098559709911,20.336085681306436,0.0
2026-09-02T23:25:00,717459,62.16683250960408,20.336085681306436,0.0
2026-09-02T23:25:00,717460,59.30738850231717,20.336085681306436,0.0
2026-09-02T23:25:00,717461,60.23602192092283,20.336085681306436,0.0
2026-09-02T23:25:00,717462,56.2491422299132,20.336085681306436,0.0
2026-09-02T23:25:00,717463,53.89358059106809,20.336085681306436,0.0
2026-09-02T23:30:00,717447,69.5578293350606,20.412222480027012,0.0
2026-09-02T23:30:00,717512,64.14980553529718,20.412222480027012,0.0
2026-09-02T23:30:00,717446,67.90955948475545,20.412222480027012,0.0
2026-09-02T23:30:00,717445,64.12970790437035,20.412222480027012,0.0
2026-09-02T23:30:00,717458,58.21640894521576,20.412222480027012,0.0
2026-09-02T23:30:00,717459,58.39810673982137,20.412222480027012,0.0
2026-09-02T23:30:00,717460,62.32657696458938,20.412222480027012,0.0
2026-09-02T23:30:00,717461,59.954834692168056,20.412222480027012,0.0
2026-09-02T23:30:00,717462,57.61011031729236,20.412222480027012,0.0
2026-09-02T23:30:00,717463,56.05640127222259,20.412222480027012,0.0
2026-09-02T23:35:00,717447,61.168617837023724,20.48904839337107,0.0
2026-09-02T23:35:00,717512,60.55030618401893,20.48904839337107,0.0
2026-09-02T23:35:00,717446,63.300656767801804,20.48904839337107,0.0
2026-09-02T23:35:00,717445,67.75028068890865,20.48904839337107,0.0
2026-09-02T23:35:00,717458,57.691286971904574,20.48904839337107,0.0
2026-09-02T23:35:00,717459,58.20238642707611,20.48904839337107,0.0
2026-09-02T23:35:00,717460,56.79605996042619,20.48904839337107,1.8
2026-09-02T23:35:00,717461,58.29677022967724,20.48904839337107,0.0
2026-09-02T23:35:00,717462,56.21742549470586,20.48904839337107,0.0
2026-09-02T23:35:00,717463,57.29118788092745,20.48904839337107,0.0
2026-09-02T23:40:00,717447,65.87510675614107,20.5665300779642,0.0
2026-09-02T23:40:00,717512,64.44224152686454,20.5665300779642,0.0
2026-09-02T23:40:00,717446,62.598083133039275,20.5665300779642,0.0
2026-09-02T23:40:00,717445,64.98978994248787,20.5665300779642,0.0
2026-09-02T23:40:00,717458,60.229972035227846,20.5665300779642,0.0
2026-09-02T23:40:00,717459,56.93382527967043,20.5665300779642,0.0
2026-09-02T23:40:00,717460,59.80822369463354,20.5665300779642,0.0
2026-09-02T23:40:00,717461,56.2635292491721,20.5665300779642,0.0
2026-09-02T23:40:00,717462,58.08940759060663,20.5665300779642,0.0
2026-09-02T23:40:00,717463,45.978629313901344,20.5665300779642,0.0
2026-09-02T23:45:00,717447,68.94846349309447,20.64463390581932,0.0
2026-09-02T23:45:00,717512,63.20422768786152,20.64463390581932,0.0
2026-09-02T23:45:00,717446,66.42389462061942,20.64463390581932,0.0
2026-09-02T23:45:00,717445,64.17410066504466,20.64463390581932,1.8
2026-09-02T23:45:00,717458,58.60142644216463,20.64463390581932,0.0
2026-09-02T23:45:00,717459,56.54213585593628,20.64463390581932,0.0
2026-09-02T23:45:00,717460,55.11848595675956,20.64463390581932,0.0
2026-09-02T23:45:00,717461,53.28785834808725,20.64463390581932,0.0
2026-09-02T23:45:00,717462,58.884444393950325,20.64463390581932,0.0
2026-09-02T23:45:00,717463,53.64530497976861,20.64463390581932,0.0
2026-09-02T23:50:00,717447,70.05705961136746,20.723325978931676,0.0
2026-09-02T23:50:00,717512,61.86122737682277,20.723325978931676,0.0
2026-09-02T23:50:00,717446,61.1642915491094,20.723325978931676,1.8
2026-09-02T23:50:00,717445,62.94693623951273,20.723325978931676,0.0
2026-09-02T23:50:00,717458,65.0655755926177,20.723325978931676,0.0
2026-09-02T23:50:00,717459,57.44045191208687,20.723325978931676,0.0
2026-09-02T23:50:00,717460,60.197158568689446,20.723325978931676,0.0
2026-09-02T23:50:00,717461,56.61834870056824,20.723325978931676,0.0
2026-09-02T23:50:00,717462,56.98406236290645,20.723325978931676,0.0
2026-09-02T23:50:00,717463,51.89464779855208,20.723325978931676,0.0
2026-09-02T23:55:00,717447,67.05763933354365,20.80257214399097,0.0
2026-09-02T23:55:00,717512,63.013267256081306,20.80257214399097,1.8
2026-09-02T23:55:00,717446,61.29283546707567,20.80257214399097,0.0
2026-09-02T23:55:00,717445,61.30134450877258,20.80257214399097,0.0
2026-09-02T23:55:00,717458,61.97323955820555,20.80257214399097,0.0
2026-09-02T23:55:00,717459,58.53074012785147,20.80257214399097,0.0
2026-09-02T23:55:00,717460,56.52016905537177,20.80257214399097,0.0
2026-09-02T23:55:00,717461,56.22581348952043,20.80257214399097,1.8
2026-09-02T23:55:00,717462,54.95529929770051,20.80257214399097,1.8
2026-09-02T23:55:00,717463,55.71575199375249,20.80257214399097,0.0
2026-09-03T00:00:00,717447,63.89893215582686,22.0,0.0
2026-09-03T00:00:00,717512,62.628772440726884,22.0,0.0
2026-09-03T00:00:00,717446,60.31819800671637,22.0,0.0
2026-09-03T00:00:00,717445,63.112822981818375,22.0,0.0
2026-09-03T00:00:00,717458,60.6120239736871,22.0,0.0
2026-09-03T00:00:00,717459,62.568927936447494,22.0,0.0
2026-09-03T00:00:00,717460,60.926571730940836,22.0,0.0
2026-09-03T00:00:00,717461,57.299855123255405,22.0,0.0
2026-09-03T00:00:00,717462,55.11917292989269,22.0,1.8
2026-09-03T00:00:00,717463,54.2276809789782,22.0,0.0
2026-09-03T00:05:00,717447,63.23991623369993,22.08332730530057,0.0
2026-09-03T00:05:00,717512,61.54649834111391,22.08332730530057,0.0
2026-09-03T00:05:00,717446,59.96084791583188,22.08332730530057,1.8
2026-09-03T00:05:00,717445,60.877198896584765,22.08332730530057,0.0
2026-09-03T00:05:00,717458,53.132889529603474,22.08332730530057,0.0
2026-09-03T00:05:00,717459,63.723759073272575,22.08332730530057,0.0
2026-09-03T00:05:00,717460,63.52247201764534,22.08332730530057,0.0
2026-09-03T00:05:00,717461,53.66790764753441,22.08332730530057,0.0
2026-09-03T00:05:00,717462,61.062875361863554,22.08332730530057,0.0
2026-09-03T00:05:00,717463,51.304357769733905,22.08332730530057,0.0
2026-09-03T00:10:00,717447,65.04408228660785,22.166618445544078,0.0
2026-09-03T00:10:00,717512,64.95849949396991,22.166618445544078,0.0
2026-09-03T00:10:00,717446,62.89704334843652,22.166618445544078,0.0
2026-09-03T00:10:00,717445,59.832755814842216,22.166618445544078,1.8
2026-09-03T00:10:00,717458,58.49956004656773,22.166618445544078,0.0
2026-09-03T00:10:00,717459,61.432741317821836,22.166618445544078,0.0
2026-09-03T00:10:00,717460,61.468135378470535,22.166618445544078,0.0
2026-09-03T00:10:00,717461,51.593858412936356,22.166618445544078,0.0
2026-09-03T00:10:00,717462,56.15601128358053,22.166618445544078,0.0
2026-09-03T00:10:00,717463,55.99725255585922,22.166618445544078,0.0
2026-09-03T00:15:00,717447,65.54684067056971,22.249837271369522,0.0
2026-09-03T00:15:00,717512,59.85740141108677,22.249837271369522,0.0
2026-09-03T00:15:00,717446,64.1484890687355,22.249837271369522,0.0
2026-09-03T00:15:00,717445,64.59627417074886,22.249837271369522,0.0
2026-09-03T00:15:00,717458,57.87559346554952,22.249837271369522,0.0
2026-09-03T00:15:00,717459,57.40217972993561,22.249837271369522,0.0
2026-09-03T00:15:00,717460,58.40010136189308,22.249837271369522,0.0
2026-09-03T00:15:00,717461,56.39896987478044,22.249837271369522,0.0
2026-09-03T00:15:00,717462,53.816895764194285,22.249837271369522,0.0
2026-09-03T00:15:00,717463,50.81814342883531,22.249837271369522,1.8
2026-09-03T00:20:00,717447,63.64777916801586,22.332947664801242,0.0
2026-09-03T00:20:00,717512,57.79488199474751,22.332947664801242,0.0
2026-09-03T00:20:00,717446,64.45228589270609,22.332947664801242,0.0
2026-09-03T00:20:00,717445,59.379757281244494,22.332947664801242,0.0
2026-09-03T00:20:00,717458,62.54352600878691,22.332947664801242,0.0
2026-09-03T00:20:00,717459,58.35383513334388,22.332947664801242,0.0
2026-09-03T00:20:00,717460,58.22334349004089,22.332947664801242,1.8
2026-09-03T00:20:00,717461,52.02504517949193,22.332947664801242,0.0
2026-09-03T00:20:00,717462,57.48297914337201,22.332947664801242,0.0
2026-09-03T00:20:00,717463,61.91825716765754,22.332947664801242,0.0
2026-09-03T00:25:00,717447,63.916309421126456,22.415913554924543,1.8
2026-09-03T00:25:00,717512,64.16747277599293,22.415913554924543,0.0
2026-09-03T00:25:00,717446,63.335875227780384,22.415913554924543,0.0
2026-09-03T00:25:00,717445,57.67249748911141,22.415913554924543,0.0
2026-09-03T00:25:00,717458,57.1530103072301,22.415913554924543,0.0
2026-09-03T00:25:00,717459,60.61463481634634,22.415913554924543,0.0
2026-09-03T00:25:00,717460,55.47719023265741,22.415913554924543,1.8
2026-09-03T00:25:00,717461,55.92900028445924,22.415913554924543,0.0
2026-09-03T00:25:00,717462,55.830217883083485,22.415913554924543,0.0
2026-09-03T00:25:00,717463,55.92607017342995,22.415913554924543,0.0
2026-09-03T00:30:00,717447,64.48456860836905,22.49869893354091,0.0
2026-09-03T00:30:00,717512,63.36010467764625,22.49869893354091,1.8
2026-09-03T00:30:00,717446,69.64732567385215,22.49869893354091,0.0
2026-09-03T00:30:00,717445,64.24966720452494,22.49869893354091,1.8
2026-09-03T00:30:00,717458,59.194570583442484,22.49869893354091,0.0
2026-09-03T00:30:00,717459,58.593997298007736,22.49869893354091,0.0
2026-09-03T00:30:00,717460,63.23466731935879,22.49869893354091,0.0
2026-09-03T00:30:00,717461,58.337228902403574,22.49869893354091,0.0
2026-09-03T00:30:00,717462,58.66888856850455,22.49869893354091,0.0
2026-09-03T00:30:00,717463,53.122144086857816,22.49869893354091,0.0
2026-09-03T00:35:00,717447,63.58923285082195,22.581267870796008,0.0
2026-09-03T00:35:00,717512,68.29563908163058,22.581267870796008,0.0
2026-09-03T00:35:00,717446,62.41009033127701,22.581267870796008,0.0
2026-09-03T00:35:00,717445,61.16423482087796,22.581267870796008,0.0
2026-09-03T00:35:00,717458,58.93525306530015,22.581267870796008,1.8
2026-09-03T00:35:00,717459,62.13516843531464,22.581267870796008,0.0
2026-09-03T00:35:00,717460,61.26499268124587,22.581267870796008,0.0
2026-09-03T00:35:00,717461,57.180985293171425,22.581267870796008,0.0
2026-09-03T00:35:00,717462,52.18799488537123,22.581267870796008,1.8
2026-09-03T00:35:00,717463,52.617038671086014,22.581267870796008,0.0
2026-09-03T00:40:00,717447,68.81728514780914,22.66358453077366,0.0
2026-09-03T00:40:00,717512,64.45221755754037,22.66358453077366,0.0
2026-09-03T00:40:00,717446,65.76886545059773,22.66358453077366,1.8
2026-09-03T00:40:00,717445,62.59258326907882,22.66358453077366,0.0
2026-09-03T00:40:00,717458,57.336684120486474,22.66358453077366,0.0
2026-09-03T00:40:00,717459,60.52074715976829,22.66358453077366,0.0
2026-09-03T00:40:00,717460,57.67938579575022,22.66358453077366,0.0
2026-09-03T00:40:00,717461,55.094024118815746,22.66358453077366,0.0
2026-09-03T00:40:00,717462,54.13251231306206,22.66358453077366,0.0
2026-09-03T00:40:00,717463,57.28315624569797,22.66358453077366,0.0
2026-09-03T00:45:00,717447,65.75301062837349,22.74561318704908,0.0
2026-09-03T00:45:00,717512,64.33824251206957,22.74561318704908,0.0
2026-09-03T00:45:00,717446,67.44956496246428,22.74561318704908,1.8
2026-09-03T00:45:00,717445,59.42202759459154,22.74561318704908,0.0
2026-09-03T00:45:00,717458,59.938954328968634,22.74561318704908,0.0
2026-09-03T00:45:00,717459,57.25063150495015,22.74561318704908,1.8
2026-09-03T00:45:00,717460,59.26022450539722,22.74561318704908,0.0
2026-09-03T00:45:00,717461,57.191940235793844,22.74561318704908,0.0
2026-09-03T00:45:00,717462,54.37897855027433,22.74561318704908,1.8
2026-09-03T00:45:00,717463,53.522832104086646,22.74561318704908,0.0
2026-09-03T00:50:00,717447,67.74696141097459,22.827318238194565,0.0
2026-09-03T00:50:00,717512,67.35924676975237,22.827318238194565,0.0
2026-09-03T00:50:00,717446,61.00420547332328,22.827318238194565,0.0
2026-09-03T00:50:00,717445,69.29715861223205,22.827318238194565,0.0
2026-09-03T00:50:00,717458,56.40010401287973,22.827318238194565,0.0
2026-09-03T00:50:00,717459,56.03104709970646,22.827318238194565,0.0
2026-09-03T00:50:00,717460,56.99630379572406,22.827318238194565,1.8
2026-09-03T00:50:00,717461,54.47366539003506,22.827318238194565,0.0
2026-09-03T00:50:00,717462,52.94197521999583,22.827318238194565,0.0
2026-09-03T00:50:00,717463,57.675415987619544,22.827318238194565,0.0
2026-09-03T00:55:00,717447,66.57199686375971,22.908664223230947,1.8
2026-09-03T00:55:00,717512,64.07822919434538,22.908664223230947,0.0
2026-09-03T00:55:00,717446,61.108907925009,22.908664223230947,0.0
2026-09-03T00:55:00,717445,58.540527482741446,22.908664223230947,0.0
2026-09-03T00:55:00,717458,57.21823720948055,22.908664223230947,0.0
2026-09-03T00:55:00,717459,62.45873976562116,22.908664223230947,0.0
2026-09-03T00:55:00,717460,61.11937145389065,22.908664223230947,0.0
2026-09-03T00:55:00,717461,55.86245504467478,22.908664223230947,1.8
2026-09-03T00:55:00,717462,51.38697743874367,22.908664223230947,0.0
2026-09-03T00:55:00,717463,56.03651485286248,22.908664223230947,0.0
2026-09-03T01:00:00,717447,64.27287362073587,22.989615837018093,0.0
2026-09-03T01:00:00,717512,66.68663173079449,22.989615837018093,0.0
2026-09-03T01:00:00,717446,59.57568047476992,22.989615837018093,0.0
2026-09-03T01:00:00,717445,61.654918882958675,22.989615837018093,1.8
2026-09-03T01:00:00,717458,56.93632095872343,22.989615837018093,0.0
2026-09-03T01:00:00,717459,56.94727345350547,22.989615837018093,0.0
2026-09-03T01:00:00,717460,55.682733308369606,22.989615837018093,0.0
2026-09-03T01:00:00,717461,55.81817499804932,22.989615837018093,0.0
2026-09-03T01:00:00,717462,59.141910947045226,22.989615837018093,0.0
2026-09-03T01:00:00,717463,54.60647411200149,22.989615837018093,0.0
2026-09-03T01:05:00,717447,67.333205133607,23.070137945577745,0.0
2026-09-03T01:05:00,717512,64.02405751977409,23.070137945577745,0.0
2026-09-03T01:05:00,717446,61.42498816335134,23.070137945577745,0.0
2026-09-03T01:05:00,717445,55.752437737461044,23.070137945577745,0.0
2026-09-03T01:05:00,717458,57.31357630729228,23.070137945577745,0.0
2026-09-03T01:05:00,717459,59.000671835850795,23.070137945577745,0.0
2026-09-03T01:05:00,717460,58.29647468426285,23.070137945577745,0.0
2026-09-03T01:05:00,717461,59.49841897444659,23.070137945577745,0.0
2026-09-03T01:05:00,717462,50.7194875164736,23.070137945577745,0.0
2026-09-03T01:05:00,717463,60.5519724249763,23.070137945577745,1.8
2026-09-03T01:10:00,717447,59.3238992692394,23.150195601342112,0.0
2026-09-03T01:10:00,717512,63.613591787288485,23.150195601342112,0.0
2026-09-03T01:10:00,717446,60.91075675553929,23.150195601342112,0.0
2026-09-03T01:10:00,717445,58.56030643111296,23.150195601342112,0.0
2026-09-03T01:10:00,717458,64.82225711624673,23.150195601342112,0.0
2026-09-03T01:10:00,717459,57.42055292231164,23.150195601342112,0.0
2026-09-03T01:10:00,717460,52.93107510068572,23.150195601342112,0.0
2026-09-03T01:10:00,717461,52.95960990623764,23.150195601342112,1.8
2026-09-03T01:10:00,717462,58.6924549007559,23.150195601342112,0.0
2026-09-03T01:10:00,717463,50.684198199026824,23.150195601342112,0.0
2026-09-03T01:15:00,717447,60.81854703474599,23.229754058321525,0.0
2026-09-03T01:15:00,717512,64.35235817335311,23.229754058321525,0.0
2026-09-03T01:15:00,717446,61.79804890886518,23.229754058321525,0.0
2026-09-03T01:15:00,717445,62.74523972680593,23.229754058321525,0.0
2026-09-03T01:15:00,717458,59.037526033652306,23.229754058321525,0.0
2026-09-03T01:15:00,717459,61.13751330464508,23.229754058321525,0.0
2026-09-03T01:15:00,717460,53.90681485132491,23.229754058321525,0.0
2026-09-03T01:15:00,717461,52.213668612782364,23.229754058321525,0.0
2026-09-03T01:15:00,717462,56.22211650031651,23.229754058321525,0.0
2026-09-03T01:15:00,717463,53.402227396151304,23.229754058321525,0.0
2026-09-03T01:20:00,717447,63.68471786337682,23.308778787184607,1.8
2026-09-03T01:20:00,717512,65.63480464967168,23.308778787184607,0.0
2026-09-03T01:20:00,717446,69.49990733818206,23.308778787184607,0.0
2026-09-03T01:20:00,717445,57.07597472787653,23.308778787184607,0.0
2026-09-03T01:20:00,717458,64.06739547133498,23.308778787184607,1.8
2026-09-03T01:20:00,717459,60.96921966149256,23.308778787184607,0.0
2026-09-03T01:20:00,717460,56.361424981127286,23.308778787184607,0.0
2026-09-03T01:20:00,717461,61.48795551734748,23.308778787184607,0.0
2026-09-03T01:20:00,717462,51.774553352215406,23.308778787184607,0.0
2026-09-03T01:20:00,717463,55.436250359637015,23.308778787184607,0.0
2026-09-03T01:25:00,717447,64.44069069629124,23.38723549024445,0.0
2026-09-03T01:25:00,717512,62.36193811578765,23.38723549024445,0.0
2026-09-03T01:25:00,717446,59.3340954145788,23.38723549024445,1.8
2026-09-03T01:25:00,717445,69.80411891266085,23.38723549024445,1.8
2026-09-03T01:25:00,717458,58.738498394668476,23.38723549024445,0.0
2026-09-03T01:25:00,717459,52.34717270329986,23.38723549024445,0.0
2026-09-03T01:25:00,717460,60.27843679187745,23.38723549024445,0.0
2026-09-03T01:25:00,717461,57.564957922530674,23.38723549024445,0.0
2026-09-03T01:25:00,717462,54.56194920258515,23.38723549024445,1.8
2026-09-03T01:25:00,717463,53.087206632932904,23.38723549024445,1.8
2026-09-03T01:30:00,717447,64.75642035765335,23.46509011634419,1.8
2026-09-03T01:30:00,717512,66.30600021615427,23.46509011634419,0.0
2026-09-03T01:30:00,717446,63.60822614757581,23.46509011634419,0.0
2026-09-03T01:30:00,717445,62.900338398922365,23.46509011634419,0.0
2026-09-03T01:30:00,717458,61.698676634807384,23.46509011634419,0.0
2026-09-03T01:30:00,717459,61.65332722220498,23.46509011634419,0.0
2026-09-03T01:30:00,717460,61.36641863363924,23.46509011634419,0.0
2026-09-03T01:30:00,717461,54.60486215605044,23.46509011634419,0.0
2026-09-03T01:30:00,717462,55.948743600920544,23.46509011634419,0.0
2026-09-03T01:30:00,717463,48.638803186402406,23.46509011634419,0.0
2026-09-03T01:35:00,717447,68.40391895643604,23.542308875635644,0.0
2026-09-03T01:35:00,717512,61.7842479255779,23.542308875635644,0.0
2026-09-03T01:35:00,717446,66.74940679730733,23.542308875635644,0.0
2026-09-03T01:35:00,717445,59.359542759717414,23.542308875635644,0.0
2026-09-03T01:35:00,717458,61.32096007383633,23.542308875635644,0.0
2026-09-03T01:35:00,717459,58.21227287902602,23.542308875635644,0.0
2026-09-03T01:35:00,717460,56.536609152569625,23.542308875635644,0.0
2026-09-03T01:35:00,717461,57.943792055291716,23.542308875635644,0.0
2026-09-03T01:35:00,717462,58.99467603657674,23.542308875635644,1.8
2026-09-03T01:35:00,717463,53.34337498105121,23.542308875635644,1.8
2026-09-03T01:40:00,717447,68.89961350440355,23.6188582542445,0.0
2026-09-03T01:40:00,717512,61.65787454247937,23.6188582542445,0.0
2026-09-03T01:40:00,717446,66.24483209437663,23.6188582542445,0.0
2026-09-03T01:40:00,717445,61.7173109243841,23.6188582542445,0.0
2026-09-03T01:40:00,717458,61.13161868755435,23.6188582542445,0.0
2026-09-03T01:40:00,717459,55.65434808989898,23.6188582542445,0.0
2026-09-03T01:40:00,717460,56.418822775841775,23.6188582542445,1.8
2026-09-03T01:40:00,717461,56.516091530350785,23.6188582542445,0.0
2026-09-03T01:40:00,717462,58.607850892997284,23.6188582542445,0.0
2026-09-03T01:40:00,717463,53.57538399984185,23.6188582542445,1.8
2026-09-03T01:45:00,717447,62.63683234448291,23.69470502881575,0.0
2026-09-03T01:45:00,717512,64.47887644600978,23.69470502881575,0.0
2026-09-03T01:45:00,717446,68.49065814491091,23.69470502881575,0.0
2026-09-03T01:45:00,717445,62.40548134388482,23.69470502881575,0.0
2026-09-03T01:45:00,717458,59.54176268136327,23.69470502881575,0.0
2026-09-03T01:45:00,717459,59.70478401954382,23.69470502881575,0.0
2026-09-03T01:45:00,717460,55.24830347576916,23.69470502881575,0.0
2026-09-03T01:45:00,717461,60.96361502694274,23.69470502881575,1.8
2026-09-03T01:45:00,717462,59.70200265547086,23.69470502881575,0.0
2026-09-03T01:45:00,717463,51.54008213666568,23.69470502881575,0.0
2026-09-03T01:50:00,717447,69.21294828965152,23.769816280933036,0.0
2026-09-03T01:50:00,717512,64.53570698734937,23.769816280933036,0.0
2026-09-03T01:50:00,717446,64.63291074944132,23.769816280933036,0.0
2026-09-03T01:50:00,717445,61.37697725261315,23.769816280933036,0.0
2026-09-03T01:50:00,717458,60.397353512090916,23.769816280933036,0.0
2026-09-03T01:50:00,717459,57.19751052637892,23.769816280933036,0.0
2026-09-03T01:50:00,717460,55.18164458308374,23.769816280933036,0.0
2026-09-03T01:50:00,717461,53.839542749293614,23.769816280933036,0.0
2026-09-03T01:50:00,717462,58.708075581889794,23.769816280933036,0.0
2026-09-03T01:50:00,717463,54.733488842782975,23.769816280933036,0.0
2026-09-03T01:55:00,717447,62.502569269566145,23.84415941140561,0.0
2026-09-03T01:55:00,717512,64.08604995773464,23.84415941140561,0.0
2026-09-03T01:55:00,717446,57.86831402197782,23.84415941140561,0.0
2026-09-03T01:55:00,717445,58.84940589729234,23.84415941140561,0.0
2026-09-03T01:55:00,717458,63.83428164563361,23.84415941140561,0.0
2026-09-03T01:55:00,717459,57.48365750577573,23.84415941140561,0.0
2026-09-03T01:55:00,717460,61.005647810102204,23.84415941140561,1.8
2026-09-03T01:55:00,717461,56.33428593292995,23.84415941140561,0.0
2026-09-03T01:55:00,717462,57.454143696885986,23.84415941140561,0.0
2026-09-03T01:55:00,717463,50.969135512102476,23.84415941140561,0.0
